participantId,ai_group,wave,session_id,eval_start,pre_active_m2_ann,post_active_m2_ann
1898,Somewhat Risk-Seeking,wave3,15,2026-06-09,-0.0265847679124177,-0.0299555775316464
132,Somewhat Risk-Averse,wave3,15,2026-06-09,-0.0171478823405702,-0.0171478823405702
1848,Default,wave3,15,2026-06-09,0.0138687685715883,0.0022634864283401
522,Extremely Risk-Averse,wave3,15,2026-06-09,0.0220884874501319,0.0220884874501319
2285,Default,wave3,15,2026-06-09,0.0107897975408017,-0.0129067434681194
1910,Extremely Risk-Seeking,wave3,15,2026-06-09,-0.047402498239771,-0.047402498239771
1631,Somewhat Risk-Seeking,wave3,15,2026-06-09,-0.0068556229420324,-0.0068556229420324
716,Extremely Risk-Seeking,wave3,15,2026-06-09,-0.0771284607654603,-0.0446275111154048
1040,Somewhat Risk-Seeking,wave3,15,2026-06-09,-0.0014470085388039,-0.0452061014932231
1893,Default,wave3,15,2026-06-09,-0.0143695578621584,-0.0049039453519722
2128,Extremely Risk-Seeking,wave3,15,2026-06-09,-0.0083391289238218,-0.0536036145312162
1199,Extremely Risk-Averse,wave3,15,2026-06-09,0.0268897399582063,0.0149470237611837
2014,Extremely Risk-Seeking,wave3,15,2026-06-09,0.0209722987539437,0.0209722987539437
602,Extremely Risk-Averse,wave3,15,2026-06-09,-0.083350954839773,-0.0450182203186906
1677,Somewhat Risk-Seeking,wave3,15,2026-06-09,0.0172885100442263,-0.025125374251456
987,Extremely Risk-Averse,wave3,15,2026-06-09,-0.0321590607210232,-0.0435859139000523
2225,Somewhat Risk-Seeking,wave3,15,2026-06-09,-0.0627976774027235,-0.0440786161502671
1117,Somewhat Risk-Averse,wave3,15,2026-06-09,-0.0372496699166567,-0.0141807655653206
1809,Default,wave3,15,2026-06-09,-0.0338014691498069,-0.0338014691498069
877,Somewhat Risk-Averse,wave3,15,2026-06-09,-0.0409689016353546,-0.0409689016353546
106,Risk-Neutral,wave3,15,2026-06-09,0.0156183605900985,0.011436629207482
1537,Somewhat Risk-Averse,wave3,15,2026-06-09,-0.0547483643447865,-0.0584553549828021
1316,Somewhat Risk-Averse,wave3,15,2026-06-09,-0.0018627881991307,-0.0018627881991307
719,Extremely Risk-Seeking,wave3,15,2026-06-09,-0.0456761580674049,-0.0456761580674049
2228,Risk-Neutral,wave3,15,2026-06-09,-0.0165578784739762,-0.0165578784739762
549,Somewhat Risk-Averse,wave3,15,2026-06-09,-0.0728762033826063,-1.286038611518724e-05
2102,Default,wave3,15,2026-06-09,-0.0561874958817815,-0.045267020395981
1557,Default,wave3,15,2026-06-09,-0.0727376293653528,-0.0352817612911435
596,Risk-Neutral,wave3,15,2026-06-09,-0.0108396197116135,-0.0108396197116135
866,Default,wave3,15,2026-06-09,-0.0835860698183425,-0.0777884940601354
367,Default,wave3,15,2026-06-09,-0.0494311832376481,-0.0576769623575954
870,Risk-Neutral,wave3,15,2026-06-09,-0.004201546731271,-0.004201546731271
2132,Somewhat Risk-Averse,wave3,15,2026-06-09,0.0100191611998344,0.0067616961708455
2122,Extremely Risk-Seeking,wave3,15,2026-06-09,-0.0190325403159985,-0.0190325403159985
212,Somewhat Risk-Averse,wave3,15,2026-06-09,0.0126538377888791,0.0126538377888791
1773,Extremely Risk-Averse,wave3,15,2026-06-09,-0.0354160857012411,0.0072187234866398
1148,Somewhat Risk-Seeking,wave3,15,2026-06-09,0.00829286340198,-0.0183760619523701
1869,Somewhat Risk-Seeking,wave3,15,2026-06-09,-0.018414720240343,-0.0268368407759563
548,Somewhat Risk-Averse,wave3,15,2026-06-09,-0.0380755200226149,-0.0216383299645437
1831,Default,wave3,15,2026-06-09,-0.0246026592677658,-0.0508860339996029
1363,Risk-Neutral,wave3,15,2026-06-09,0.0059067041422399,-0.0128273305429224
1530,Risk-Neutral,wave3,15,2026-06-09,-0.039564532013418,-0.0795851605702823
172,Risk-Neutral,wave3,15,2026-06-09,-0.007372719817166,-0.026170328360785
1473,Extremely Risk-Seeking,wave3,15,2026-06-09,-0.0581382022282956,-0.0581382022282956
1244,Somewhat Risk-Averse,wave3,15,2026-06-09,0.0176235086749243,0.0176235086749243
1936,Default,wave3,15,2026-06-09,0.002385279201058,0.0110537661535047
441,Somewhat Risk-Averse,wave3,15,2026-06-09,-0.0208820488075659,-0.0208820488075659
533,Extremely Risk-Seeking,wave3,15,2026-06-09,-0.0287440930292156,-0.0411446861043404
2019,Somewhat Risk-Averse,wave3,15,2026-06-09,0.0159090996799763,0.0170374850865808
438,Risk-Neutral,wave3,15,2026-06-09,0.0455182988217805,0.004186629555988
1312,Risk-Neutral,wave3,15,2026-06-09,-0.0477842948672001,-0.0477842948672001
1892,Extremely Risk-Averse,wave3,15,2026-06-09,-0.0213415495349455,-0.0149994325187216
2392,Extremely Risk-Averse,wave3,15,2026-06-09,-0.0766407941275207,-0.0766407941275207
1335,Somewhat Risk-Seeking,wave3,15,2026-06-09,-0.06081783140137,-0.0374228911928168
471,Somewhat Risk-Seeking,wave3,15,2026-06-09,-0.1270325662021872,-0.0823296689625173
581,Risk-Neutral,wave3,15,2026-06-09,-0.0646834084734549,-0.0646834084734549
205,Extremely Risk-Averse,wave3,15,2026-06-09,-0.0736119851096554,-0.0570128669628798
1756,Extremely Risk-Seeking,wave3,15,2026-06-09,-0.0136856663588542,-0.0605005943604505
432,Risk-Neutral,wave3,15,2026-06-09,0.0085367102308136,-0.0170310086058337
1074,Risk-Neutral,wave3,15,2026-06-09,0.0076381362780981,-0.0329129162780396
1070,Default,wave3,15,2026-06-09,-0.002326844402965,-0.002326844402965
1421,Risk-Neutral,wave3,15,2026-06-09,-0.0437720286926518,-0.0329373665468224
1588,Extremely Risk-Seeking,wave3,15,2026-06-09,-0.0470953512488402,-0.0958963686286066
1503,Extremely Risk-Averse,wave3,15,2026-06-09,-0.0356121643918193,-0.0356121643918193
2121,Extremely Risk-Seeking,wave3,15,2026-06-09,-0.0377416831299306,-0.0188762345538683
1735,Extremely Risk-Averse,wave3,15,2026-06-09,-0.0583279536582422,0.0076760906177555
2376,Somewhat Risk-Seeking,wave3,15,2026-06-09,-0.0672853112861486,-0.0945721113308362
2049,Extremely Risk-Seeking,wave3,15,2026-06-09,-0.0249204179185354,-0.0249204179185354
607,Extremely Risk-Averse,wave3,15,2026-06-09,-0.0665561679965324,-0.0520946887728304
249,Somewhat Risk-Averse,wave3,15,2026-06-09,0.0095459576086339,0.0055222420835802
372,Default,wave3,15,2026-06-09,0.0040543760554012,0.0040543760554012
2107,Extremely Risk-Averse,wave3,15,2026-06-09,0.0040543760554012,0.0076760906177555
2125,Somewhat Risk-Seeking,wave3,15,2026-06-09,-0.0272637029018721,-0.0348668036988199
1897,Extremely Risk-Seeking,wave3,15,2026-06-09,-0.022434413351163,-0.022434413351163
560,Default,wave3,15,2026-06-09,-0.0283369440083376,-0.0244170496872642
289,Default,wave3,15,2026-06-09,-0.0435879143604653,-0.0254915250773385
1261,Extremely Risk-Seeking,wave3,15,2026-06-09,-0.0143197027604161,-0.0377032013251249
25,Default,wave3,15,2026-06-09,-0.0736921546434467,-0.0456513750312073
1787,Risk-Neutral,wave3,15,2026-06-09,-0.0127453958422144,-0.0212606511985361
1012,Somewhat Risk-Averse,wave3,15,2026-06-09,-0.0629206078196126,-0.0082458426006447
2235,Extremely Risk-Averse,wave3,15,2026-06-09,-0.0143754792618963,0.011163643121218
1979,Somewhat Risk-Averse,wave3,15,2026-06-09,-0.0808773443356512,-0.0808773443356512
1540,Extremely Risk-Seeking,wave3,15,2026-06-09,-0.0887666622640822,-0.0887666622640822
1679,Extremely Risk-Seeking,wave3,15,2026-06-09,-0.012827157156367,-0.0311372791300777
965,Risk-Neutral,wave3,15,2026-06-09,-0.0415798703783362,-0.0388678326710175
1407,Extremely Risk-Seeking,wave3,15,2026-06-09,-0.0322162550795558,-0.0555350246046206
663,Somewhat Risk-Seeking,wave3,15,2026-06-09,-0.095078719302632,-0.095078719302632
2217,Extremely Risk-Averse,wave3,15,2026-06-09,-0.0645248850528789,-0.0567810120289969
2239,Extremely Risk-Averse,wave3,15,2026-06-09,-0.0400628370731999,0.0096040784903715
1995,Somewhat Risk-Averse,wave3,15,2026-06-09,-0.0484994341053276,-0.0484994341053276
1583,Somewhat Risk-Averse,wave3,15,2026-06-09,0.029043070255909,0.0144014188369055
1707,Risk-Neutral,wave3,15,2026-06-09,-0.0600860851366421,-0.0704901861596049
466,Somewhat Risk-Averse,wave3,15,2026-06-09,-0.0412219317829146,0.0068488171415844
2066,Somewhat Risk-Averse,wave3,15,2026-06-09,-0.0135171470721299,0.0106434001343994
506,Extremely Risk-Seeking,wave3,15,2026-06-09,-0.0499557747107239,-0.0351468005502461
1704,Somewhat Risk-Seeking,wave3,15,2026-06-09,-0.0218737373844628,-0.0315363265672585
1478,Risk-Neutral,wave3,15,2026-06-09,-0.0349493400212784,-0.0858303731551979
924,Somewhat Risk-Seeking,wave3,15,2026-06-09,0.0040590610360998,0.0040590610360998
2369,Extremely Risk-Averse,wave3,15,2026-06-09,-0.0679612841119505,-0.0011823915057617
469,Extremely Risk-Averse,wave3,15,2026-06-09,-0.0813338284511176,-0.0813338284511176
35,Extremely Risk-Seeking,wave3,15,2026-06-09,-0.0672373941779432,-0.0672373941779432
2134,Default,wave3,15,2026-06-09,-0.0576363411801687,-0.0537437614756945
985,Default,wave3,15,2026-06-09,-0.0594969428663146,-0.0594969428663146
385,Somewhat Risk-Averse,wave3,15,2026-06-09,-0.0663007658192062,-0.0663007658192062
817,Extremely Risk-Seeking,wave3,15,2026-06-09,-0.0332444136378732,-0.0332444136378732
1946,Default,wave3,15,2026-06-09,4.9772539696696415e-05,-0.0050605876939881
1989,Default,wave3,15,2026-06-09,-0.0439545870509638,-0.0439545870509638
2196,Extremely Risk-Seeking,wave3,15,2026-06-09,-0.0676563788400286,-0.0481132988332019
659,Somewhat Risk-Averse,wave3,15,2026-06-09,-0.0234275056377038,-0.0251327888573001
1888,Risk-Neutral,wave3,15,2026-06-09,-0.0595275652788735,-0.020711081814287
1414,Extremely Risk-Seeking,wave3,15,2026-06-09,-0.065894343740534,-0.0400055389045466
127,Risk-Neutral,wave3,15,2026-06-09,-0.0329682101000461,-0.0504433000956551
1717,Default,wave3,15,2026-06-09,0.0160797032026162,0.0226566542142635
2276,Extremely Risk-Seeking,wave3,15,2026-06-09,-0.0148704022053657,-0.1089893132522126
514,Extremely Risk-Seeking,wave3,15,2026-06-09,-0.0718612875652218,-0.0718612875652218
69,Default,wave3,15,2026-06-09,-0.0027544048899344,0.0035769638700124
2115,Extremely Risk-Averse,wave3,15,2026-06-09,-0.0354245585116124,0.0069679461347636
2065,Extremely Risk-Averse,wave3,15,2026-06-09,0.0087935305711989,0.0101739703215974
1883,Risk-Neutral,wave3,15,2026-06-09,-0.0373362810068031,-0.0373362810068031
293,Default,wave3,15,2026-06-09,-0.096061772035827,-0.096061772035827
2248,Extremely Risk-Seeking,wave3,15,2026-06-09,-0.0665754224767326,-0.0721149502242329
1851,Extremely Risk-Seeking,wave3,15,2026-06-09,-0.0631521208146143,-0.0277478577503783
1800,Extremely Risk-Averse,wave3,15,2026-06-09,-0.0279485160664125,-0.0279485160664125
312,Default,wave3,15,2026-06-09,0.0049337158603634,-0.0021303600674407
2236,Somewhat Risk-Seeking,wave3,15,2026-06-09,-0.062963638343276,-0.0499463226048308
103,Somewhat Risk-Seeking,wave3,15,2026-06-09,-0.000190366019701,0.0020918033062583
1271,Extremely Risk-Seeking,wave3,15,2026-06-09,-0.0680024284312509,-0.092400895872597
1672,Somewhat Risk-Seeking,wave3,15,2026-06-09,-0.0363497453416614,-0.0636821151406548
2112,Risk-Neutral,wave3,15,2026-06-09,-0.0242797878171079,-0.0338835316165573
1154,Somewhat Risk-Seeking,wave3,15,2026-06-09,-0.0220526685200944,-0.0220526685200944
1652,Extremely Risk-Seeking,wave3,15,2026-06-09,-0.0372150944655719,-0.033881186860476
2332,Somewhat Risk-Seeking,wave3,15,2026-06-09,-0.0684263839101208,-0.0684263839101208
2173,Extremely Risk-Seeking,wave3,15,2026-06-09,-0.0588768512654809,-0.0661241148755906
888,Somewhat Risk-Averse,wave3,15,2026-06-09,-0.0515742775064315,-0.0177577743534193
1408,Extremely Risk-Averse,wave3,15,2026-06-09,-0.0078184946237924,0.0011284816985333
1601,Somewhat Risk-Averse,wave3,15,2026-06-09,0.0058410546597192,0.006991509405385
1453,Extremely Risk-Seeking,wave3,15,2026-06-09,-0.0221186971581368,-0.0395632413123944
2317,Somewhat Risk-Averse,wave3,15,2026-06-09,-0.0197077900995431,-0.0209248941472818
299,Risk-Neutral,wave3,15,2026-06-09,-0.0503843819614257,-0.0516597085673573
1835,Default,wave3,15,2026-06-09,-0.0614220767808024,-0.0678248434007288
165,Risk-Neutral,wave3,15,2026-06-09,0.017406007756411,0.017406007756411
502,Default,wave3,15,2026-06-09,-0.0258131923616062,-0.0233199911640762
176,Extremely Risk-Averse,wave3,15,2026-06-09,-0.0775276859103983,-0.0775276859103983
62,Somewhat Risk-Seeking,wave3,15,2026-06-09,-0.0860629827862215,-0.0860629827862215
1568,Somewhat Risk-Seeking,wave3,15,2026-06-09,-0.0443735776322975,-0.0637512215029574
643,Somewhat Risk-Averse,wave3,15,2026-06-09,-0.0438801358387757,-0.0438801358387757
2017,Default,wave3,15,2026-06-09,0.0211601146768557,0.0235104025395509
2041,Default,wave3,15,2026-06-09,-0.0383818229936168,-0.0425256815645211
818,Extremely Risk-Averse,wave3,15,2026-06-09,-0.0474124047671051,-0.0474124047671051
2277,Default,wave3,15,2026-06-09,-0.0090044063336847,-0.0220350353738783
1141,Somewhat Risk-Averse,wave3,15,2026-06-09,0.0279760531720354,0.0171369519465681
2367,Risk-Neutral,wave3,15,2026-06-09,-0.0260609092257677,-0.0260609092257677
996,Somewhat Risk-Averse,wave3,15,2026-06-09,-0.0248829476342548,-0.0229858794238656
1937,Extremely Risk-Averse,wave3,15,2026-06-09,-0.0707860364975868,-0.0168709288967141
2096,Extremely Risk-Seeking,wave3,15,2026-06-09,-0.0094046130018302,-0.0880407300645277
1621,Risk-Neutral,wave3,15,2026-06-09,-0.0700778687288249,-0.0391919631290526
789,Extremely Risk-Averse,wave3,15,2026-06-09,-0.0552043315796258,0.0100047591665508
1116,Risk-Neutral,wave3,15,2026-06-09,-0.019230352152263,-0.0740766689218277
104,Extremely Risk-Averse,wave3,15,2026-06-09,-0.0512256626782563,0.0038609000561374
1171,Extremely Risk-Averse,wave3,15,2026-06-09,-0.0059747935834161,0.0050760582244915
301,Extremely Risk-Averse,wave3,15,2026-06-09,0.0109885560369902,0.0111370082214449
812,Somewhat Risk-Averse,wave3,15,2026-06-09,-0.0487879988708503,-0.0487879988708503
407,Risk-Neutral,wave3,15,2026-06-09,-0.069548561354965,-0.0074496221417834
1612,Extremely Risk-Seeking,wave3,15,2026-06-09,-0.0075563298791888,-0.0075563298791888
2328,Extremely Risk-Averse,wave3,15,2026-06-09,-0.0852403556674771,-0.0297526816930196
2205,Extremely Risk-Seeking,wave3,15,2026-06-09,-0.0339095784212916,-0.0339095784212916
1699,Somewhat Risk-Seeking,wave3,15,2026-06-09,-0.0132624476299161,-0.0132076461932838
1726,Risk-Neutral,wave3,15,2026-06-09,0.0038984745092754,-0.0372469442684247
121,Risk-Neutral,wave3,15,2026-06-09,0.015549121536022,-0.0113922916650091
1748,Somewhat Risk-Averse,wave3,15,2026-06-09,-0.0678118436701614,-0.0678118436701614
1404,Somewhat Risk-Seeking,wave3,15,2026-06-09,-0.0461344415677126,-0.0292609287192182
1405,Somewhat Risk-Seeking,wave3,15,2026-06-09,-0.0290712531907878,-0.0290712531907878
2358,Default,wave3,15,2026-06-09,-0.0217981262391517,-0.0217981262391517
1064,Default,wave3,15,2026-06-09,0.0050650759855377,-0.0114866606211025
1184,Somewhat Risk-Seeking,wave3,15,2026-06-09,0.0278220005198677,0.0278220005198677
841,Risk-Neutral,wave3,15,2026-06-09,-0.0142860081059943,-0.0211203466119256
1903,Risk-Neutral,wave3,15,2026-06-09,-0.0212383446757314,-0.0208261359628688
855,Extremely Risk-Seeking,wave3,15,2026-06-09,-0.035623527664349,-0.0334743174764103
1872,Risk-Neutral,wave3,15,2026-06-09,-0.0677566915475717,-0.065172420662948
2108,Extremely Risk-Seeking,wave3,15,2026-06-09,-0.0692459005028415,-0.0515115511942414
1099,Somewhat Risk-Averse,wave3,15,2026-06-09,-0.0161677309454396,-0.0152447495957866
1525,Risk-Neutral,wave3,15,2026-06-09,0.0110387263384283,0.0110387263384283
445,Risk-Neutral,wave3,15,2026-06-09,-0.0023216014350061,-0.0334396450499962
1535,Extremely Risk-Seeking,wave3,15,2026-06-09,-0.0524873926587014,-0.0249701311953963
2016,Somewhat Risk-Averse,wave3,15,2026-06-09,-0.0465675308672622,-0.0180614756224244
1906,Default,wave3,15,2026-06-09,-0.0056177841089434,-0.0438209369326555
1071,Extremely Risk-Averse,wave3,15,2026-06-09,-0.0566091708917004,-0.0566091708917004
1327,Extremely Risk-Seeking,wave3,15,2026-06-09,-0.0181784390462549,-0.0263443353393324
554,Extremely Risk-Averse,wave3,15,2026-06-09,-0.0689414416656843,-0.0689414416656843
75,Extremely Risk-Seeking,wave3,15,2026-06-09,-0.105668672395502,-0.0255723412646624
690,Extremely Risk-Averse,wave3,15,2026-06-09,-0.0298414196293622,-0.0275314444103749
1539,Default,wave3,15,2026-06-09,-0.0814944070268913,-0.0325336333785777
2091,Somewhat Risk-Seeking,wave3,15,2026-06-09,-0.0698093700964528,-0.0576475085906914
2139,Extremely Risk-Averse,wave3,15,2026-06-09,-0.0151243016200404,-0.0151243016200404
1804,Default,wave3,15,2026-06-09,-0.0097513061528474,-0.0532020232339137
1332,Default,wave3,15,2026-06-09,-0.0365472382576763,-0.0651518640425381
2123,Somewhat Risk-Seeking,wave3,15,2026-06-09,-0.0822532721384489,-0.0822532721384489
1362,Extremely Risk-Averse,wave3,15,2026-06-09,-0.0311338139824662,-0.019097267914441
898,Extremely Risk-Averse,wave3,15,2026-06-09,-0.0082552794255362,0.0069679461347636
644,Risk-Neutral,wave3,15,2026-06-09,-0.0720583140656778,-0.0720583140656778
1133,Default,wave3,15,2026-06-09,-0.0512048084792347,-0.0576724088138003
800,Somewhat Risk-Seeking,wave3,15,2026-06-09,-0.0579777999570792,-0.0501788511284315
1522,Somewhat Risk-Averse,wave3,15,2026-06-09,-0.0482503314463255,-0.0482503314463255
738,Risk-Neutral,wave3,15,2026-06-09,-0.0656303125725346,-0.0656303125725346
174,Somewhat Risk-Seeking,wave3,15,2026-06-09,-0.0531997374398081,-0.0543925719003383
483,Risk-Neutral,wave3,15,2026-06-09,-0.0632055610212945,-0.0632055610212945
1920,Extremely Risk-Averse,wave3,15,2026-06-09,-0.0802667529716803,-0.0330891134657135
1991,Somewhat Risk-Averse,wave3,15,2026-06-09,-0.0255073188245565,-0.0111609868893688
1103,Extremely Risk-Seeking,wave3,15,2026-06-09,-0.0404873194312667,-0.0404873194312667
805,Risk-Neutral,wave3,15,2026-06-09,0.0065552880772589,0.0065552880772589
2318,Default,wave3,15,2026-06-09,-0.0808969422258991,-0.0794353204643258
2118,Somewhat Risk-Seeking,wave3,15,2026-06-09,0.010859356125775,-0.0304189971894517
2187,Default,wave3,15,2026-06-09,-0.1006547068707299,-0.0907632201591416
2307,Somewhat Risk-Seeking,wave3,15,2026-06-09,-0.0320174804237281,-0.0205322708554287
2331,Default,wave3,15,2026-06-09,0.0125083188325956,0.002187466254095
396,Default,wave3,15,2026-06-09,-0.060482451431483,-0.087051413298325
1911,Default,wave3,15,2026-06-09,-0.0395026385547633,-0.0276489251376394
1864,Default,wave3,15,2026-06-09,-0.067476635392615,-0.0647427289521598
2261,Risk-Neutral,wave3,15,2026-06-09,-0.0085099035073774,-0.0085099035073774
1718,Somewhat Risk-Averse,wave3,15,2026-06-09,-0.027462257968075,-0.0123280066845504
1871,Somewhat Risk-Averse,wave3,15,2026-06-09,-0.0108632190719504,-0.0108632190719504
600,Default,wave3,15,2026-06-09,-0.0120968501517935,-0.0176752292490046
1318,Extremely Risk-Seeking,wave3,15,2026-06-09,-0.064407386622966,-0.0664282851461558
606,Somewhat Risk-Averse,wave3,15,2026-06-09,0.0004538038641612,0.0004538038641612
411,Extremely Risk-Averse,wave3,15,2026-06-09,-0.0263994046831398,-0.0181424973512607
1083,Extremely Risk-Seeking,wave3,15,2026-06-09,-0.0123462654755693,-0.0123462654755693
1088,Risk-Neutral,wave3,15,2026-06-09,-0.0164074416442977,0.0112083710464103
860,Default,wave3,15,2026-06-09,-0.0541603636725635,-0.0548703524168431
995,Default,wave3,15,2026-06-09,-0.0417338385184074,-0.0417338385184074
1491,Risk-Neutral,wave3,15,2026-06-09,-0.0070319612878537,-0.0009973505715624
474,Risk-Neutral,wave3,15,2026-06-09,-0.0225124676181551,-0.0181822931658546
1104,Somewhat Risk-Seeking,wave3,15,2026-06-09,-0.0794041603567388,-0.0794041603567388
2300,Somewhat Risk-Seeking,wave3,15,2026-06-09,-0.0224816237313296,-0.0300616794791457
415,Risk-Neutral,wave3,15,2026-06-09,-0.0672806322974331,-0.0672806322974331
1452,Somewhat Risk-Averse,wave3,15,2026-06-09,-0.0482941897058928,-0.0482941897058928
2072,Extremely Risk-Seeking,wave3,15,2026-06-09,-0.0466864576280962,-0.0466864576280962
2170,Risk-Neutral,wave3,15,2026-06-09,-0.0365880386156063,-0.0359836386440988
742,Somewhat Risk-Seeking,wave3,15,2026-06-09,-0.0292915018311742,-0.0434325998379378
2264,Extremely Risk-Averse,wave3,15,2026-06-09,0.0161158829927148,0.0158241124328882
703,Somewhat Risk-Seeking,wave3,15,2026-06-09,-0.0624633669368839,-0.0680181082334878
188,Default,wave3,15,2026-06-09,-0.0061249103264633,0.0038246484722607
759,Extremely Risk-Averse,wave3,15,2026-06-09,-0.0822307691444753,-0.0086869273123927
764,Somewhat Risk-Averse,wave3,15,2026-06-09,-0.0316989331546331,0.0006977661823128
1967,Extremely Risk-Seeking,wave3,15,2026-06-09,-0.0122279428251466,-0.0459141334444188
70,Somewhat Risk-Averse,wave3,15,2026-06-09,-0.0244320357198867,0.0056676767278245
18,Risk-Neutral,wave3,15,2026-06-09,-0.0375317960650707,-0.0375317960650707
1089,Extremely Risk-Averse,wave3,15,2026-06-09,-0.0737099315314246,0.0036369109019723
2401,Extremely Risk-Seeking,wave3,15,2026-06-09,-0.0455765330084759,-0.0425565975433039
1434,Default,wave3,15,2026-06-09,-0.0359755170156339,-0.0358714175294051
1608,Extremely Risk-Seeking,wave3,15,2026-06-09,-0.0667540881920398,-0.0667540881920398
2214,Risk-Neutral,wave3,15,2026-06-09,-0.0810827804610597,-0.0367576379147855
1283,Extremely Risk-Averse,wave3,15,2026-06-09,0.0040543760554012,0.0050635100899168
1002,Somewhat Risk-Averse,wave3,15,2026-06-09,-0.008403331319223,-0.008403331319223
1614,Somewhat Risk-Seeking,wave3,15,2026-06-09,-0.0203663339344308,-0.0330941046078635
592,Somewhat Risk-Seeking,wave3,15,2026-06-09,-0.0470241087090458,-0.0578417852060752
890,Somewhat Risk-Averse,wave3,15,2026-06-08,-0.0605235830153987,-0.0605235830153987
896,Risk-Neutral,wave3,15,2026-06-08,-0.0234440438710175,-0.0462727225546955
2135,Extremely Risk-Seeking,wave3,15,2026-06-08,-0.0560048547915734,-0.0690408409778128
1383,Risk-Neutral,wave3,15,2026-06-08,-0.0285836446637643,-0.0935038849359112
1257,Risk-Neutral,wave3,15,2026-06-08,-0.058780373604062,-0.058780373604062
2342,Somewhat Risk-Seeking,wave3,15,2026-06-08,-0.0900735900139295,-0.0077180771353633
921,Somewhat Risk-Seeking,wave3,15,2026-06-08,-0.0426818221938992,-0.0502970590601994
2403,Somewhat Risk-Seeking,wave3,15,2026-06-08,-0.0710277274267089,-0.0594652264245811
1774,Somewhat Risk-Averse,wave3,15,2026-06-08,-0.070643063661245,-0.0820281244938944
2338,Default,wave3,15,2026-06-08,-0.0279826197348987,-0.0279826197348987
1346,Default,wave3,15,2026-06-08,-0.0803134246880158,-0.0945705475738731
246,Risk-Neutral,wave3,15,2026-06-08,-0.0340142963148993,-0.0184694068394068
1949,Risk-Neutral,wave3,15,2026-06-08,-0.0395412554429122,-0.0459168286888493
2109,Somewhat Risk-Seeking,wave3,15,2026-06-08,-0.0624706487382598,-0.0624706487382598
89,Extremely Risk-Seeking,wave3,15,2026-06-08,-0.0505431209607005,-0.031610019544919
1616,Extremely Risk-Seeking,wave3,15,2026-06-08,-0.043251176331681,-0.0337614071323831
1307,Extremely Risk-Averse,wave3,15,2026-06-08,-0.0401579041583343,-0.0256382898830242
1619,Extremely Risk-Seeking,wave3,15,2026-06-08,-0.0769512770072379,-0.0769512770072379
2333,Default,wave3,15,2026-06-08,-0.077211033627794,-0.077211033627794
394,Risk-Neutral,wave3,15,2026-06-08,-0.0354089208667936,-0.0321866223197057
130,Somewhat Risk-Seeking,wave3,15,2026-06-08,0.0004225160817338,0.0153386047668943
2378,Default,wave3,15,2026-06-08,-0.0667671556460432,-0.0667671556460432
1227,Somewhat Risk-Averse,wave3,15,2026-06-08,-0.0572822357021277,-0.0572822357021277
476,Default,wave3,15,2026-06-08,-0.0662020904217851,-0.0662020904217851
1204,Risk-Neutral,wave3,15,2026-06-08,-0.0648194995618869,-0.0359238383734388
436,Somewhat Risk-Seeking,wave3,15,2026-06-08,-0.0098376487255587,-0.0205336892298697
575,Extremely Risk-Seeking,wave3,15,2026-06-08,-0.0498108860462822,-0.0498108860462822
1364,Extremely Risk-Seeking,wave3,15,2026-06-08,-0.0436098147436986,-0.0262934367687958
1236,Default,wave3,15,2026-06-08,-0.0588159556671573,-0.0588159556671573
2293,Somewhat Risk-Seeking,wave3,15,2026-06-08,-0.0130653912231227,-0.0130653912231227
797,Extremely Risk-Seeking,wave3,15,2026-06-08,-0.0748904362817992,-0.0748904362817992
547,Risk-Neutral,wave3,15,2026-06-08,-0.0066429730250327,-0.0066429730250327
2185,Default,wave3,15,2026-06-08,-0.0760503400152472,-0.0806224887422221
1914,Default,wave3,15,2026-06-08,-0.011160883393574,-0.0175242676026616
535,Extremely Risk-Averse,wave3,15,2026-06-08,-0.0590183279439456,-0.0590183279439456
1017,Default,wave3,15,2026-06-08,-0.0168098235580444,-0.0311998521664864
1933,Default,wave3,15,2026-06-08,-0.044259734094071,-0.044259734094071
360,Extremely Risk-Averse,wave3,15,2026-06-08,-0.0236111804887974,-0.0615492020937041
2222,Somewhat Risk-Seeking,wave3,15,2026-06-08,-0.0273564946235206,-0.0313465398652608
867,Somewhat Risk-Seeking,wave3,15,2026-06-08,-0.0392607756527349,-0.0167090388247158
321,Somewhat Risk-Averse,wave3,15,2026-06-08,-0.0711202064447537,-0.0379923716502943
640,Extremely Risk-Seeking,wave3,15,2026-06-08,-0.0925965289286588,0.0070103842433554
479,Extremely Risk-Seeking,wave3,15,2026-06-08,-0.0483442270372239,-0.0807548415929758
2400,Somewhat Risk-Averse,wave3,15,2026-06-08,-0.0316479652616536,-0.0179507374102191
1932,Extremely Risk-Averse,wave3,15,2026-06-08,-0.0849675152755334,-0.0265976849359251
1254,Risk-Neutral,wave3,15,2026-06-08,-0.0340128292914837,-0.0297333783680007
813,Extremely Risk-Seeking,wave3,15,2026-06-08,-0.0762475994393019,-0.0704439368127966
543,Default,wave3,15,2026-06-08,-0.0527206934000662,-0.0668367391032525
2316,Somewhat Risk-Seeking,wave3,15,2026-06-08,-0.0156517341966625,-0.0213937341930663
2380,Default,wave3,15,2026-06-08,-0.0995828366101076,-0.0796489861949872
120,Default,wave3,15,2026-06-08,-0.0350859283989062,-0.0283480556053968
266,Risk-Neutral,wave3,15,2026-06-08,-0.0537753734971577,-0.0537753734971577
19,Extremely Risk-Seeking,wave3,15,2026-06-08,-0.0818541384495041,-0.0792417135500806
794,Risk-Neutral,wave3,15,2026-06-08,-0.0079042224017488,-0.015307319798097
1358,Extremely Risk-Seeking,wave3,15,2026-06-08,-0.0700037153413796,-0.043466488150213
1121,Extremely Risk-Seeking,wave3,15,2026-06-08,-0.0207786592270851,-0.0207786592270851
422,Risk-Neutral,wave3,15,2026-06-08,-0.0625639807893152,-0.0548488753589119
1918,Extremely Risk-Seeking,wave3,15,2026-06-08,-0.0736959009574175,-0.0736959009574175
67,Somewhat Risk-Averse,wave3,15,2026-06-08,-0.0449530012584288,-0.039974976022134
1945,Somewhat Risk-Averse,wave3,15,2026-06-08,-0.0723538926438513,-0.0723538926438513
2407,Default,wave3,15,2026-06-08,-0.042399981398515,-0.042399981398515
93,Extremely Risk-Averse,wave3,15,2026-06-08,-0.0596102542634866,-0.0217183320496353
883,Somewhat Risk-Averse,wave3,15,2026-06-08,-0.0277145828725525,-0.0630505257301575
624,Default,wave3,15,2026-06-08,-0.0546729679482187,-0.0577478069320347
974,Extremely Risk-Averse,wave3,15,2026-06-08,-0.060999795525441,-0.0212647233481142
665,Extremely Risk-Seeking,wave3,15,2026-06-08,-0.0790842035142352,-0.0734592028680914
994,Extremely Risk-Averse,wave3,15,2026-06-08,-0.0570080203091047,-0.0187775923550945
454,Risk-Neutral,wave3,15,2026-06-08,-0.044233966599611,-0.044233966599611
1178,Extremely Risk-Averse,wave3,15,2026-06-08,-0.0740933138290333,-0.02457336181436
9,Default,wave3,15,2026-06-08,-0.0733494540706203,-0.0652490886158906
2001,Default,wave3,15,2026-06-08,-0.0794642618968987,-0.0604399478511463
1494,Somewhat Risk-Averse,wave3,15,2026-06-08,-0.0086225032638267,-0.0086225032638267
1009,Somewhat Risk-Averse,wave3,15,2026-06-08,-0.0600359319028919,-0.0390091972999849
1763,Somewhat Risk-Seeking,wave3,15,2026-06-08,-0.0678777195512633,-0.0678777195512633
1251,Somewhat Risk-Seeking,wave3,15,2026-06-08,-0.018417837529237,-0.0677975618396055
185,Somewhat Risk-Averse,wave3,15,2026-06-08,0.0011033523563432,0.0011033523563432
1620,Extremely Risk-Averse,wave3,15,2026-06-08,-0.0613580658980881,-0.084210352317142
991,Default,wave3,15,2026-06-08,-0.0818831441353591,-0.0748504958033066
737,Extremely Risk-Seeking,wave3,15,2026-06-08,-0.0689346405756149,-0.0542443263899866
763,Risk-Neutral,wave3,15,2026-06-08,-0.0895149482345363,-0.0890647596292393
820,Default,wave3,15,2026-06-08,-0.025988337961363,-0.0275230518596984
393,Risk-Neutral,wave3,15,2026-06-08,-0.0487305849971671,-0.0593298888085443
1091,Extremely Risk-Averse,wave3,15,2026-06-08,-0.0291259578503948,-0.0109044923694029
2035,Extremely Risk-Averse,wave3,15,2026-06-08,-0.0316395616159168,-0.0258997554211474
175,Somewhat Risk-Averse,wave3,15,2026-06-08,-0.0269598973942259,-0.0269598973942259
2166,Somewhat Risk-Averse,wave3,15,2026-06-08,-0.0181895211096281,-0.0181895211096281
1032,Risk-Neutral,wave3,15,2026-06-08,-0.0529908518617964,-0.0529908518617964
1691,Extremely Risk-Seeking,wave3,15,2026-06-08,-0.0612220010758224,0.0063646701334062
2303,Extremely Risk-Seeking,wave3,15,2026-06-08,-0.0143402604335349,-0.0010013041977184
1837,Somewhat Risk-Averse,wave3,15,2026-06-08,-0.0486523209503232,-0.051008716837835
648,Somewhat Risk-Seeking,wave3,15,2026-06-08,-0.0897306408926599,-0.0897306408926599
871,Somewhat Risk-Averse,wave2,12,2026-05-24,-0.0521913644491523,-0.0545767543476976
2157,Risk-Neutral,wave2,12,2026-05-24,-0.0103825594834656,-0.0103825594834656
16,Somewhat Risk-Seeking,wave2,12,2026-05-24,-0.014728094300358,-0.0384032743969573
1109,Somewhat Risk-Seeking,wave2,12,2026-05-24,-0.0241308747427084,-0.0241308747427084
352,Risk-Neutral,wave2,12,2026-05-24,-0.0047935930722792,-0.0047935930722792
60,Risk-Neutral,wave2,12,2026-05-24,-0.0454413131066023,-0.0454413131066023
791,Extremely Risk-Averse,wave2,12,2026-05-24,-0.0132570726349118,-0.0132570726349118
2349,Somewhat Risk-Averse,wave2,12,2026-05-24,-0.0488970359491643,0.0046070254899744
929,Extremely Risk-Averse,wave2,12,2026-05-24,0.0157838508678949,-0.0110486831398757
214,Somewhat Risk-Averse,wave2,12,2026-05-24,0.000815192141662,0.0030600029943825
1124,Extremely Risk-Averse,wave2,12,2026-05-24,-0.0418912740095791,-0.0418912740095791
2036,Somewhat Risk-Averse,wave2,12,2026-05-24,-0.0012232159356906,-0.0021797586617647
1349,Risk-Neutral,wave2,12,2026-05-24,0.0043243480780902,0.0043243480780902
1315,Somewhat Risk-Averse,wave2,12,2026-05-24,-0.0511103494224635,-0.0470568445503422
1156,Default,wave2,12,2026-05-24,0.0194396025374018,0.0212787532136078
2372,Risk-Neutral,wave2,12,2026-05-24,-0.0345000051496516,-0.0322652439949255
2272,Risk-Neutral,wave2,12,2026-05-24,-0.0124286837654689,0.0151348002997264
36,Extremely Risk-Averse,wave2,12,2026-05-24,-0.0263610312808013,-0.0092643793286403
1309,Extremely Risk-Averse,wave2,12,2026-05-24,-0.0585468202866827,-0.001100779890812
1090,Extremely Risk-Seeking,wave2,12,2026-05-24,0.0030294063394986,0.0030294063394986
1768,Somewhat Risk-Seeking,wave2,12,2026-05-24,-0.040382494219629,-0.0559896123838891
545,Extremely Risk-Averse,wave2,12,2026-05-24,-0.0044636612185582,-0.009215289121863
2073,Extremely Risk-Averse,wave2,12,2026-05-24,-0.0398399064373499,-0.047090266692341
1465,Extremely Risk-Seeking,wave2,12,2026-05-24,-0.0287499466843957,-0.0372102060854806
97,Risk-Neutral,wave2,12,2026-05-24,-0.0365013040122274,-0.0356081459003764
847,Extremely Risk-Averse,wave2,12,2026-05-24,-0.0207022288417568,-0.0176202821991047
561,Extremely Risk-Averse,wave2,12,2026-05-24,-0.0702311629141593,-0.0435603429292634
1686,Somewhat Risk-Seeking,wave2,12,2026-05-24,-0.0142377507903867,-0.0142377507903867
1165,Somewhat Risk-Seeking,wave2,12,2026-05-24,0.0464862880109124,-0.0091159762736368
122,Extremely Risk-Seeking,wave2,12,2026-05-24,-0.0051443931079868,-0.0311662856256918
636,Somewhat Risk-Seeking,wave2,12,2026-05-24,-0.0349022384280579,-0.0230359512167676
704,Somewhat Risk-Seeking,wave2,12,2026-05-24,-0.0558314233424628,-0.0588716418327996
942,Extremely Risk-Seeking,wave2,12,2026-05-24,-0.0053237620439981,-0.0433460798583924
2030,Extremely Risk-Averse,wave2,12,2026-05-24,-0.0106018487932082,-0.015223347046466
189,Risk-Neutral,wave2,12,2026-05-24,-0.0632201006641981,-0.0336362327458806
2050,Somewhat Risk-Seeking,wave2,12,2026-05-24,-0.0291789226433265,-0.0233739626803974
1873,Somewhat Risk-Averse,wave2,12,2026-05-24,-0.0250332283229955,-0.0177457280847403
2169,Risk-Neutral,wave2,12,2026-05-24,0.0166042050482993,0.0304861725494962
1172,Extremely Risk-Seeking,wave2,12,2026-05-24,-0.0322680931584712,-0.0505976967594507
1558,Somewhat Risk-Seeking,wave2,12,2026-05-24,-0.041549268833478,-0.0547387827324524
1417,Default,wave2,12,2026-05-24,-0.0535721846616961,-0.0535721846616961
350,Default,wave2,12,2026-05-24,-0.0577393762590102,-0.0150384699927475
1904,Risk-Neutral,wave2,12,2026-05-24,-0.0126751540185755,-0.0248713497299287
721,Risk-Neutral,wave2,12,2026-05-24,-0.0060504385585471,-0.0060504385585471
2255,Extremely Risk-Averse,wave2,12,2026-05-24,0.0073893985481893,0.0073893985481893
2405,Extremely Risk-Seeking,wave2,12,2026-05-24,-0.0314145779687709,-0.016794631624702
355,Default,wave2,12,2026-05-24,-0.0207311536590746,-0.0332197847604121
116,Risk-Neutral,wave2,12,2026-05-24,-0.0279985212593193,-0.0207070197804362
694,Extremely Risk-Seeking,wave2,12,2026-05-24,0.0098587802146838,-0.0539912568956342
814,Extremely Risk-Averse,wave2,12,2026-05-24,-0.0256605666013842,-0.0256605666013842
1929,Extremely Risk-Averse,wave2,12,2026-05-24,-0.0394652500344737,-0.0274818051251549
618,Somewhat Risk-Seeking,wave2,12,2026-05-24,-0.0238849595610109,-0.0238849595610109
2099,Somewhat Risk-Seeking,wave2,12,2026-05-24,0.0022561678498865,-0.0453878331914779
1523,Somewhat Risk-Seeking,wave2,12,2026-05-24,-0.0131616516964798,-0.0131616516964798
1048,Extremely Risk-Averse,wave2,12,2026-05-24,-0.0283388733163571,-0.0441049101415193
1931,Default,wave2,12,2026-05-24,-0.0165592145141638,-0.0165592145141638
689,Default,wave2,12,2026-05-24,0.0298624529965094,0.0336902002156943
633,Extremely Risk-Averse,wave2,12,2026-05-24,0.0067903209159787,0.0450489417758224
2,Somewhat Risk-Seeking,wave2,12,2026-05-24,-0.0098637988978847,-0.0050740984018985
1100,Extremely Risk-Averse,wave2,12,2026-05-24,-0.0417315317039822,0.0022498886354442
1825,Somewhat Risk-Seeking,wave2,12,2026-05-24,0.0018477217359705,-0.0035286475499154
78,Somewhat Risk-Averse,wave2,12,2026-05-24,-0.0580929916238997,-0.0525652748475111
917,Default,wave2,12,2026-05-24,-0.0497001813177697,-0.0501208363795975
437,Default,wave2,12,2026-05-24,-0.0244004208248975,-0.0244004208248975
1567,Extremely Risk-Seeking,wave2,12,2026-05-24,-0.0271843073961898,-0.0402592958284318
2104,Extremely Risk-Seeking,wave2,12,2026-05-24,-0.0348206749029443,-0.0411085813970115
38,Risk-Neutral,wave2,12,2026-05-24,0.0038073831596429,0.0038073831596429
1531,Extremely Risk-Seeking,wave2,12,2026-05-24,-0.0073369948458313,-0.0073369948458313
2279,Extremely Risk-Seeking,wave2,12,2026-05-24,-0.028926654188718,-0.028926654188718
576,Somewhat Risk-Averse,wave2,12,2026-05-24,-0.0486272208361264,-0.0486272208361264
1464,Risk-Neutral,wave2,12,2026-05-24,-0.0591430346744795,-0.0591430346744795
1386,Extremely Risk-Seeking,wave2,12,2026-05-24,0.0017347229464894,-0.0482539562022258
1730,Somewhat Risk-Averse,wave2,12,2026-05-24,-0.0296842564053986,-0.0296842564053986
325,Somewhat Risk-Averse,wave2,12,2026-05-24,0.0107132333093026,0.0094145247622753
1045,Extremely Risk-Averse,wave2,12,2026-05-24,0.0029020567129041,0.0091045508128033
426,Extremely Risk-Seeking,wave2,12,2026-05-24,-0.0187480518274031,0.0016627488551111
1610,Somewhat Risk-Seeking,wave2,12,2026-05-24,-0.0051820188954763,-0.0051820188954763
236,Risk-Neutral,wave2,12,2026-05-24,-0.0092071392227929,0.008171720212205
1484,Somewhat Risk-Seeking,wave2,12,2026-05-24,-0.0220735286517497,-0.0220735286517497
1220,Extremely Risk-Seeking,wave2,12,2026-05-24,-0.0359757774350391,-0.0396987450314439
247,Somewhat Risk-Averse,wave2,12,2026-05-24,-0.0263294671630573,-0.0182135329474661
1439,Extremely Risk-Seeking,wave2,12,2026-05-24,-0.0239810995873899,0.0027296089948598
1890,Somewhat Risk-Averse,wave2,12,2026-05-24,0.0021735205970927,-0.0015812576495334
1565,Extremely Risk-Seeking,wave2,12,2026-05-24,0.0004190304104796,0.0004190304104796
397,Somewhat Risk-Averse,wave2,12,2026-05-24,-0.0563830782005306,-0.0563830782005306
730,Risk-Neutral,wave2,12,2026-05-24,-0.0148226425292177,-0.01892244708454
1337,Somewhat Risk-Seeking,wave2,12,2026-05-24,0.0129796095774064,-0.0326290989343559
627,Risk-Neutral,wave2,12,2026-05-24,-0.0180965063575363,-0.0098390410667823
345,Extremely Risk-Seeking,wave2,12,2026-05-24,-0.0301315439480299,-0.0301315439480299
1901,Somewhat Risk-Averse,wave2,12,2026-05-24,-0.0562986953806309,-0.0561909978460886
1122,Somewhat Risk-Averse,wave2,12,2026-05-24,-0.0116231185262877,-0.0116231185262877
1964,Extremely Risk-Seeking,wave2,12,2026-05-24,-0.0184697666055907,-0.0184697666055907
1384,Somewhat Risk-Averse,wave2,12,2026-05-24,-0.0310272350685909,-0.0310272350685909
882,Extremely Risk-Seeking,wave2,12,2026-05-24,0.0203332806758983,0.0203332806758983
1977,Extremely Risk-Seeking,wave2,12,2026-05-24,-0.0030662943052741,-0.0231675845906916
126,Extremely Risk-Averse,wave2,12,2026-05-24,-0.0356272148067476,-0.0234959149805102
1585,Extremely Risk-Seeking,wave2,12,2026-05-24,-0.0257338256158591,-0.018653578180519
1348,Risk-Neutral,wave2,12,2026-05-24,-0.0489517148011709,-0.0489517148011709
2237,Extremely Risk-Averse,wave2,12,2026-05-24,0.0297307383516821,0.0287325600862939
880,Somewhat Risk-Seeking,wave2,12,2026-05-24,-0.0121684884730059,-0.0121684884730059
2224,Somewhat Risk-Seeking,wave2,12,2026-05-24,0.0304622440579913,0.0304622440579913
1256,Risk-Neutral,wave2,12,2026-05-24,-0.0176121351408545,-0.0300538552920242
128,Default,wave2,12,2026-05-24,-0.0071449809811321,-0.0379206181663485
603,Risk-Neutral,wave2,12,2026-05-24,-0.0626093726036576,-0.0313089947478839
1049,Risk-Neutral,wave2,12,2026-05-23,0.0017810702583308,0.0064065276821208
20,Extremely Risk-Seeking,wave2,12,2026-05-23,-0.0634664720836314,-0.0550197392517855
1504,Extremely Risk-Averse,wave2,12,2026-05-23,0.017472266694914,0.017472266694914
1930,Extremely Risk-Seeking,wave2,12,2026-05-23,-0.0183630846490962,-0.0061041157177653
1078,Somewhat Risk-Averse,wave2,12,2026-05-23,-0.0230579165583371,-0.0230579165583371
793,Extremely Risk-Seeking,wave2,12,2026-05-23,-0.0002109181561744,-0.070397017692041
1336,Extremely Risk-Averse,wave2,12,2026-05-23,-0.0003781059932574,0.0070877877881113
724,Default,wave2,12,2026-05-23,-0.0309849495167411,-0.0209731748401196
1829,Extremely Risk-Seeking,wave2,12,2026-05-23,-0.0320023915377195,-0.0363812140526272
951,Extremely Risk-Averse,wave2,12,2026-05-23,-0.0115893075391733,0.0035647166557425
1622,Somewhat Risk-Seeking,wave2,12,2026-05-23,-0.0241375855370942,-0.0298877368130211
642,Extremely Risk-Seeking,wave2,12,2026-05-23,-0.078990278063023,-0.078990278063023
803,Default,wave2,12,2026-05-23,-0.0327670844518416,-0.0327670844518416
1658,Extremely Risk-Averse,wave2,12,2026-05-23,0.0018252773524645,0.0059283645722684
1177,Somewhat Risk-Seeking,wave2,12,2026-05-23,-0.035255181745648,-0.0116363855628032
1479,Somewhat Risk-Averse,wave2,12,2026-05-23,-0.0596082297139172,-0.0089381899759664
1714,Extremely Risk-Averse,wave2,12,2026-05-23,-0.0239471386446853,-0.0136722130580982
972,Extremely Risk-Averse,wave2,12,2026-05-23,-0.0375186499142102,-0.0256473202228005
1766,Somewhat Risk-Averse,wave2,12,2026-05-23,0.0125312388397004,0.0125312388397004
65,Extremely Risk-Seeking,wave2,12,2026-05-23,0.0038606904331674,-0.0426529248112938
424,Risk-Neutral,wave2,12,2026-05-23,-0.0653532113930592,-0.0413537545424875
1354,Default,wave2,12,2026-05-23,-0.0002927988471808,-0.0035746690186567
1607,Risk-Neutral,wave2,12,2026-05-23,-0.0391551460265277,-0.0202665180626363
1118,Extremely Risk-Averse,wave2,12,2026-05-23,0.002501173794334,0.0005394257058591
1952,Default,wave2,12,2026-05-23,-0.0641544914720965,-0.050011955449037
1746,Somewhat Risk-Averse,wave2,12,2026-05-23,-0.0843623598795113,-0.0477670763850921
1308,Extremely Risk-Averse,wave2,12,2026-05-23,-0.0269767070712468,-0.0125002629587017
29,Risk-Neutral,wave2,12,2026-05-23,-0.0037018103888942,-0.0037018103888942
204,Somewhat Risk-Seeking,wave2,12,2026-05-23,-0.0206715659955182,-0.0153178798742943
1791,Extremely Risk-Averse,wave2,12,2026-05-23,-0.0487960802846948,-0.0481536026125932
1670,Extremely Risk-Seeking,wave2,12,2026-05-23,0.0113049480892834,0.0113049480892834
1108,Somewhat Risk-Averse,wave2,12,2026-05-23,-0.041534795440909,-0.041534795440909
802,Extremely Risk-Seeking,wave2,12,2026-05-23,-0.0473343041267689,-0.0432423087278477
1624,Risk-Neutral,wave2,12,2026-05-23,-0.0100508878693289,-0.0100508878693289
388,Extremely Risk-Averse,wave2,12,2026-05-23,-0.0409549400506406,0.0033900506919107
399,Risk-Neutral,wave2,12,2026-05-23,-0.0546942123455283,-0.0524505539755695
1817,Extremely Risk-Seeking,wave2,12,2026-05-23,0.0149112601911273,0.0149112601911273
735,Extremely Risk-Averse,wave2,12,2026-05-23,-0.0002208891274723,-0.0091104838204903
213,Somewhat Risk-Seeking,wave2,12,2026-05-23,-0.0220620909952998,-0.0213550422999815
477,Somewhat Risk-Averse,wave2,12,2026-05-23,-0.0415941656916359,-0.0483052572280448
902,Extremely Risk-Averse,wave2,12,2026-05-23,-0.0196967631427981,-0.0131605401974875
973,Somewhat Risk-Seeking,wave2,12,2026-05-23,-0.0241089855427988,-0.0066668043423675
1955,Extremely Risk-Averse,wave2,12,2026-05-23,0.0095536213900355,0.0006857934724419
218,Default,wave2,12,2026-05-23,-0.0046720415592716,-0.0046720415592716
317,Somewhat Risk-Averse,wave2,12,2026-05-23,0.0036833392154189,0.0039533875671716
894,Extremely Risk-Averse,wave2,12,2026-05-23,-0.0470295048787739,-0.0380175270312626
830,Default,wave2,12,2026-05-23,-0.0217272062827797,-0.0217272062827797
2282,Somewhat Risk-Averse,wave2,12,2026-05-23,-0.0146579045486225,0.0001185740208258
1781,Extremely Risk-Averse,wave2,12,2026-05-23,-0.0220123315997839,-0.0082804224789729
944,Somewhat Risk-Seeking,wave2,12,2026-05-23,-0.0260806313348282,-0.028222807988457
2103,Extremely Risk-Seeking,wave2,12,2026-05-23,-0.0640480964015054,-0.0065860806051435
7,Extremely Risk-Averse,wave2,12,2026-05-23,0.0121416150078402,0.003768273198879
1123,Extremely Risk-Averse,wave2,12,2026-05-23,-0.0192886939678575,-0.0385511287102315
578,Default,wave2,12,2026-05-23,-0.0115074384888196,-0.005771282939421
2223,Risk-Neutral,wave2,12,2026-05-23,-0.0139439599740804,-0.0359254037133295
1623,Somewhat Risk-Seeking,wave2,12,2026-05-23,0.0021597776729144,0.0021597776729144
1456,Somewhat Risk-Seeking,wave2,12,2026-05-23,-0.0171627120439314,-0.0171627120439314
1462,Somewhat Risk-Seeking,wave2,12,2026-05-23,-0.0130412046129423,-0.0289279214716402
1351,Somewhat Risk-Averse,wave2,12,2026-05-23,-0.0563374143103281,-0.0324554248325205
1841,Extremely Risk-Seeking,wave2,12,2026-05-23,-0.0346934853629759,-0.0354873397933087
979,Default,wave2,12,2026-05-23,-0.0338981872817293,-0.0350612157744975
1111,Default,wave2,12,2026-05-23,-0.0041756577673817,-0.0080808083900807
1238,Risk-Neutral,wave2,12,2026-05-23,-0.0100872221022212,-0.0657153111457692
280,Somewhat Risk-Averse,wave2,12,2026-05-23,-0.0595324451455966,-0.0352917604783273
1732,Default,wave2,12,2026-05-23,-0.010714290540058,-0.0112031397755142
1447,Risk-Neutral,wave2,12,2026-05-23,-0.040382283199871,-0.040382283199871
1096,Extremely Risk-Seeking,wave2,12,2026-05-23,0.0036427423958186,0.0036427423958186
2090,Risk-Neutral,wave2,12,2026-05-23,-0.0388656211067902,-0.0189768329440803
1767,Extremely Risk-Seeking,wave2,12,2026-05-23,-0.0425360283012981,-0.0541308792216064
1782,Default,wave2,12,2026-05-23,0.0045202356172837,0.0045202356172837
300,Somewhat Risk-Averse,wave2,12,2026-05-23,-0.0094454623382186,-0.0065334124623129
741,Risk-Neutral,wave2,12,2026-05-23,-0.0214074795934973,-0.0213555437263334
509,Extremely Risk-Seeking,wave2,12,2026-05-23,-0.0382888190972985,-0.0382888190972985
1594,Default,wave2,12,2026-05-23,-0.0398898543673979,-0.0398898543673979
135,Extremely Risk-Averse,wave2,12,2026-05-23,-0.020383051584191,-0.020383051584191
279,Default,wave2,12,2026-05-23,-0.0227433073106268,-0.0227433073106268
273,Risk-Neutral,wave2,12,2026-05-23,-0.0384187504785341,-0.0418302021273543
2386,Somewhat Risk-Averse,wave2,12,2026-05-23,-0.029216308027508,-0.0431247367019376
1461,Extremely Risk-Seeking,wave2,12,2026-05-23,-0.0002922893068264,-0.0002922893068264
495,Extremely Risk-Averse,wave2,12,2026-05-23,-0.0362868948724254,-0.016825687524552
356,Risk-Neutral,wave2,12,2026-05-23,-0.0153461272224747,-0.0153461272224747
673,Somewhat Risk-Seeking,wave2,12,2026-05-23,-0.0270229580266945,-0.0282142978207981
2310,Risk-Neutral,wave2,12,2026-05-23,-0.031907411409948,-0.0323055844802436
1789,Extremely Risk-Seeking,wave2,12,2026-05-23,0.0069190096855465,-0.0098167603595254
335,Extremely Risk-Averse,wave2,12,2026-05-23,0.001392419007851,0.0122627420773485
357,Extremely Risk-Seeking,wave2,12,2026-05-23,0.0039813503083637,0.0039813503083637
1209,Somewhat Risk-Seeking,wave2,12,2026-05-23,-0.0146195281614798,-0.0426023725992878
2258,Extremely Risk-Averse,wave2,12,2026-05-23,-0.0327451570645438,-0.0327451570645438
854,Risk-Neutral,wave2,12,2026-05-23,-0.0562968995359189,-0.0562968995359189
1469,Extremely Risk-Averse,wave2,12,2026-05-23,0.0259099481003704,0.0259099481003704
1467,Default,wave2,12,2026-05-23,-0.0397917127441745,-0.0397917127441745
248,Extremely Risk-Seeking,wave2,12,2026-05-23,0.0133561278822482,-0.0033108636721362
107,Extremely Risk-Averse,wave2,12,2026-05-23,-0.0172662548833938,0.0033900506919107
1940,Risk-Neutral,wave2,12,2026-05-23,-0.0344876172806816,-0.033230284830285
147,Extremely Risk-Averse,wave2,12,2026-05-23,-0.0074195039320097,-0.0074195039320097
244,Somewhat Risk-Averse,wave2,12,2026-05-23,-0.0427757195630292,0.017472266694914
2126,Extremely Risk-Seeking,wave2,12,2026-05-23,-0.0553938326639784,-0.0553938326639784
403,Risk-Neutral,wave2,12,2026-05-23,-0.0501923973210689,-0.0597604521336784
1544,Extremely Risk-Averse,wave2,12,2026-05-23,-0.0828899955586646,-0.0828899955586646
2252,Extremely Risk-Averse,wave2,12,2026-05-23,-0.0749027000630007,-0.0644892022435935
392,Somewhat Risk-Seeking,wave2,12,2026-05-23,-0.0182573048088647,0.0004656924960286
1660,Default,wave2,12,2026-05-23,-0.0185472392228455,-0.0239293880244104
3,Extremely Risk-Seeking,wave2,12,2026-05-23,-0.0257748082951085,-0.0408432825574094
1005,Extremely Risk-Averse,wave2,12,2026-05-23,-0.0299580329696941,-0.003334383417428
395,Somewhat Risk-Averse,wave2,12,2026-05-23,-0.0890340064890592,-0.0526222488026046
1517,Somewhat Risk-Averse,wave2,12,2026-05-23,-0.0150365029789791,-0.0150365029789791
1919,Risk-Neutral,wave2,12,2026-05-23,-0.0288998264622412,-0.0288998264622412
570,Extremely Risk-Averse,wave2,12,2026-05-23,-0.0011421433506246,0.0002363044072718
220,Somewhat Risk-Seeking,wave2,12,2026-05-23,-0.0254663802801516,-0.0334446415741278
2330,Somewhat Risk-Averse,wave2,12,2026-05-23,-0.0525500685918071,-0.0207735654522232
2395,Somewhat Risk-Averse,wave2,12,2026-05-23,0.0038732587240897,-0.0626263765474607
913,Risk-Neutral,wave2,12,2026-05-23,-0.0111423166456241,-0.0111423166456241
1550,Somewhat Risk-Averse,wave2,12,2026-05-23,-0.0101235072783446,-0.0101235072783446
1506,Default,wave2,12,2026-05-23,-0.0170826511843396,-0.0350735142093375
773,Extremely Risk-Averse,wave2,12,2026-05-23,0.0050661441134323,-0.0015121618336847
743,Somewhat Risk-Averse,wave2,12,2026-05-23,-0.0230555565011593,-0.0230555565011593
2032,Extremely Risk-Averse,wave2,12,2026-05-23,-0.0008169313155578,0.0061277235655929
538,Extremely Risk-Seeking,wave2,12,2026-05-23,-0.0739790405305515,-0.0739790405305515
926,Extremely Risk-Averse,wave2,12,2026-05-23,-0.0273363423970784,-0.0057592787713023
2253,Risk-Neutral,wave2,12,2026-05-23,-0.0419102825064521,-0.0419102825064521
895,Risk-Neutral,wave2,12,2026-05-23,-0.0089371426908625,-0.0089371426908625
1551,Somewhat Risk-Seeking,wave2,12,2026-05-23,0.0015880971538519,0.004461619938989
861,Extremely Risk-Averse,wave2,12,2026-05-23,-0.0454675799350858,-0.0101113908797009
1170,Extremely Risk-Seeking,wave2,12,2026-05-23,-0.0297045451275859,-0.0424634046496953
779,Extremely Risk-Averse,wave2,12,2026-05-23,-0.0009964527826461,-0.0069944696729783
1229,Somewhat Risk-Seeking,wave2,12,2026-05-23,-0.0067554444333061,-0.0059663720375091
161,Default,wave2,12,2026-05-23,0.0084670184736143,-0.0041744874128757
599,Somewhat Risk-Averse,wave2,12,2026-05-23,-0.0336118411247741,0.0236477930999797
906,Risk-Neutral,wave2,12,2026-05-23,0.0009139373503005,-0.0111351315861484
2094,Extremely Risk-Averse,wave2,12,2026-05-23,0.0176441517375576,0.0292399050749627
1885,Extremely Risk-Averse,wave2,12,2026-05-23,-0.0343327740698385,-0.0269350062229022
2362,Extremely Risk-Seeking,wave2,12,2026-05-23,0.0024228543375045,-0.0181708308354726
732,Somewhat Risk-Averse,wave2,12,2026-05-23,-0.0285954211534769,-3.002769634146152e-05
1917,Risk-Neutral,wave2,12,2026-05-23,0.0062457296947844,0.0062457296947844
993,Risk-Neutral,wave2,12,2026-05-23,-0.0038320702430986,-0.0031488348018422
2053,Risk-Neutral,wave2,12,2026-05-23,-0.0135476377476785,-0.0094627430954236
197,Somewhat Risk-Averse,wave2,12,2026-05-23,0.0040903129880681,0.0040903129880681
210,Extremely Risk-Seeking,wave2,12,2026-05-23,-0.0023217779588544,-0.0239777926164691
1001,Extremely Risk-Seeking,wave2,12,2026-05-23,-0.019295860802096,0.0013161585089995
589,Risk-Neutral,wave2,12,2026-05-23,-0.0195521484165106,0.0110302921802735
1913,Somewhat Risk-Averse,wave2,12,2026-05-23,-0.0001346953798431,-0.0001346953798431
398,Extremely Risk-Averse,wave2,12,2026-05-23,-0.0794585046547249,-0.0794585046547249
43,Risk-Neutral,wave2,12,2026-05-23,0.014758074549056,0.0116621127039702
1634,Extremely Risk-Averse,wave2,12,2026-05-23,-0.0080050922110988,0.0031552966171973
2271,Extremely Risk-Seeking,wave2,12,2026-05-23,-0.00912632007459,-0.0691618872416929
2275,Extremely Risk-Averse,wave2,12,2026-05-23,-0.0240385554879637,-0.0241940314148027
2389,Extremely Risk-Seeking,wave2,12,2026-05-23,0.0064383895159777,0.0004471810001718
1502,Default,wave2,12,2026-05-23,0.0007552022528928,0.0020154594356207
2130,Extremely Risk-Seeking,wave2,12,2026-05-23,-0.0142480544263207,0.0164580146989184
940,Extremely Risk-Seeking,wave2,12,2026-05-23,-0.0164915149899912,-0.0708193827952689
295,Somewhat Risk-Seeking,wave2,12,2026-05-23,0.0309222966969547,0.0272620328164255
1234,Default,wave2,12,2026-05-23,-0.0315089494389037,-0.0775448351428309
2124,Somewhat Risk-Averse,wave2,12,2026-05-23,-0.0887511990183964,-0.094853029827394
1200,Default,wave2,12,2026-05-23,0.0054706676288883,-0.002919563405925
938,Somewhat Risk-Seeking,wave2,12,2026-05-23,-0.0555508576550357,-0.0259765090194247
1584,Somewhat Risk-Averse,wave2,12,2026-05-23,-0.0411495700886044,-0.0411495700886044
1058,Extremely Risk-Averse,wave2,12,2026-05-23,-0.0575781778430746,-0.0575781778430746
1273,Extremely Risk-Averse,wave2,12,2026-05-23,-0.0464968865845804,-0.0610434233053421
1724,Extremely Risk-Averse,wave2,12,2026-05-23,0.0121090951338539,0.00832935094048
919,Default,wave2,12,2026-05-23,0.0088932024612457,0.0133666600651189
281,Somewhat Risk-Averse,wave2,12,2026-05-23,-0.0094606244451628,0.0056017336211631
1470,Somewhat Risk-Averse,wave2,12,2026-05-23,-0.0459808983548013,-0.0132876903593671
1548,Somewhat Risk-Seeking,wave2,12,2026-05-23,-0.0491885407529875,-0.0470295818139335
933,Somewhat Risk-Seeking,wave2,12,2026-05-23,-0.0270061744547858,-0.0402975272593179
1581,Default,wave2,12,2026-05-23,-0.0443344460829925,-0.043454551156966
505,Extremely Risk-Seeking,wave2,12,2026-05-23,-0.0088113342828488,0.0078780667030096
2005,Extremely Risk-Seeking,wave2,12,2026-05-23,-0.0788801892591926,-0.0436842286304516
1458,Somewhat Risk-Seeking,wave2,12,2026-05-23,-0.0381050002100127,-0.06624431811814
364,Extremely Risk-Averse,wave2,12,2026-05-23,-0.0750059332944797,-0.0597852822358452
1923,Somewhat Risk-Seeking,wave2,12,2026-05-23,-0.0656679390410557,-0.0803513382205987
2069,Extremely Risk-Seeking,wave2,12,2026-05-23,-0.0632157982353832,-0.070729884486969
1033,Extremely Risk-Seeking,wave2,12,2026-05-23,0.0068166494037581,-0.0197149925393191
1438,Default,wave2,12,2026-05-23,-0.0224394620152178,-0.0224394620152178
90,Extremely Risk-Averse,wave2,12,2026-05-23,-0.0413035533765669,-0.0198133097589275
2153,Extremely Risk-Averse,wave2,12,2026-05-23,0.0247829558840814,-0.0031942819397896
8,Extremely Risk-Averse,wave2,12,2026-05-23,0.024375597303497,0.024375597303497
2097,Default,wave2,12,2026-05-23,-0.0623687834132235,-0.0623687834132235
645,Default,wave2,12,2026-05-23,-0.0352395658064186,-0.0190697117369227
613,Somewhat Risk-Seeking,wave2,12,2026-05-23,-0.0370556981075767,-0.0405743797223043
2179,Extremely Risk-Seeking,wave2,12,2026-05-23,-0.0300455801960568,-0.0055619844569499
2175,Extremely Risk-Seeking,wave2,12,2026-05-23,-0.0355644504672771,-0.0355644504672771
215,Risk-Neutral,wave2,12,2026-05-23,-0.0128800233093231,-0.0007036682159382
2020,Extremely Risk-Seeking,wave2,12,2026-05-23,0.007609808496118,0.0282053584041245
2183,Extremely Risk-Seeking,wave2,12,2026-05-23,-0.0654187766251026,-0.0635983647783679
953,Somewhat Risk-Seeking,wave2,12,2026-05-23,-0.0257938844673514,-0.0257938844673514
315,Default,wave2,12,2026-05-23,-0.0529284180413188,-0.0250117989401744
1857,Default,wave2,12,2026-05-23,0.0160539753784185,0.0101912359823864
1132,Default,wave2,12,2026-05-23,-0.082093481418188,-0.0802505159964215
1341,Extremely Risk-Averse,wave2,12,2026-05-23,-0.0275489879841427,-0.0305816280030098
2274,Extremely Risk-Seeking,wave2,12,2026-05-23,-0.0371296319125873,-0.0371296319125873
1786,Risk-Neutral,wave2,12,2026-05-23,-0.0569679597821527,-0.0714879858489387
1505,Default,wave2,12,2026-05-23,-0.0132253399747571,-0.0104132917736405
1433,Somewhat Risk-Averse,wave2,12,2026-05-23,-0.0154380905923945,-0.0460148802709611
1030,Risk-Neutral,wave2,12,2026-05-23,-0.0217457152886234,-0.0044420714019762
1119,Extremely Risk-Averse,wave2,12,2026-05-23,-0.0719542283347913,-0.0719542283347913
376,Extremely Risk-Seeking,wave2,12,2026-05-23,-0.0263744124077911,-0.0263744124077911
2325,Default,wave2,12,2026-05-23,-0.0270629860121173,-0.0298685226836859
1587,Somewhat Risk-Seeking,wave2,12,2026-05-23,-0.0016203959265066,-0.0009995111131558
826,Extremely Risk-Seeking,wave2,12,2026-05-23,-0.0164862466252092,-0.0685508167984349
662,Somewhat Risk-Seeking,wave2,12,2026-05-23,-0.0221329423066812,-0.0619664821790707
2078,Somewhat Risk-Averse,wave2,12,2026-05-23,-0.0389353045080295,-0.0389353045080295
1778,Somewhat Risk-Averse,wave2,12,2026-05-23,-0.0275422017043674,-0.0389498582704717
2208,Default,wave2,12,2026-05-23,-0.0099919832219703,-0.0099919832219703
162,Default,wave2,12,2026-05-23,-0.0173804475323856,-0.0244466174504913
846,Somewhat Risk-Seeking,wave2,12,2026-05-23,-0.0330985768893047,-0.0617601044573781
531,Risk-Neutral,wave2,12,2026-05-23,-0.0028473389720216,-0.0028473389720216
223,Extremely Risk-Averse,wave2,12,2026-05-23,-0.0293974619006699,-0.0191327214045921
585,Risk-Neutral,wave2,12,2026-05-23,0.0032878675870101,-0.0196434336871038
80,Extremely Risk-Seeking,wave2,12,2026-05-23,-0.0827974035722061,-0.0708471912330215
1532,Somewhat Risk-Seeking,wave2,12,2026-05-23,-0.0026044020391555,0.0097075574335992
250,Extremely Risk-Averse,wave2,12,2026-05-23,-0.0152957008477499,-0.0152957008477499
1050,Extremely Risk-Averse,wave2,12,2026-05-23,0.0010557594939132,0.0010557594939132
490,Risk-Neutral,wave2,12,2026-05-23,-0.0344245698471224,-0.0344245698471224
1137,Default,wave2,12,2026-05-23,-0.0100908298720798,-0.0244143585216947
1135,Extremely Risk-Seeking,wave2,12,2026-05-23,-0.0296774887006617,-0.0296774887006617
439,Somewhat Risk-Seeking,wave2,12,2026-05-23,-0.0091359640069121,-0.0050829816506213
1738,Extremely Risk-Averse,wave2,12,2026-05-23,-0.0268159076990088,-0.0212058323075977
232,Somewhat Risk-Averse,wave2,12,2026-05-23,-0.0185143627008831,-0.0182897508282338
334,Extremely Risk-Averse,wave2,12,2026-05-23,-0.0025544819206467,0.008413142164737
1689,Extremely Risk-Seeking,wave2,12,2026-05-23,-0.0129274217666465,-0.0370231213998389
457,Extremely Risk-Averse,wave2,12,2026-05-23,-0.0647272402871844,0.000800594154078
1887,Extremely Risk-Averse,wave2,12,2026-05-23,-0.0417315317039822,0.0054910476923897
157,Risk-Neutral,wave2,12,2026-05-23,-0.0053400248719213,0.0030158377508772
781,Extremely Risk-Averse,wave2,12,2026-05-23,-0.0311293954939257,-0.0311293954939257
2402,Somewhat Risk-Seeking,wave2,12,2026-05-23,-0.0264252716979057,-0.0422217592690514
331,Somewhat Risk-Averse,wave2,12,2026-05-23,-0.0218404661817818,-0.0181424755416525
131,Risk-Neutral,wave2,12,2026-05-23,-0.0077419689824579,-0.0119743771795179
1733,Extremely Risk-Seeking,wave2,12,2026-05-23,-0.0454809105297212,-0.0546319901091202
1870,Default,wave2,12,2026-05-23,0.0025015765323653,-0.0101213804043353
2322,Somewhat Risk-Averse,wave2,12,2026-05-23,-0.0085923529613748,-0.0085923529613748
1160,Somewhat Risk-Averse,wave2,12,2026-05-23,0.0163987022734721,0.0163987022734721
117,Risk-Neutral,wave2,12,2026-05-23,0.0137173449160103,0.0137173449160103
1105,Risk-Neutral,wave2,12,2026-05-23,-0.0706333116914748,-0.05126633014746
1223,Extremely Risk-Seeking,wave2,12,2026-05-23,-0.0409515790026252,0.0234214163841252
2231,Risk-Neutral,wave2,12,2026-05-23,-0.0132078924880083,-0.0170308198706126
416,Somewhat Risk-Seeking,wave2,12,2026-05-23,-0.0476655717898891,-0.0528237050602603
639,Somewhat Risk-Averse,wave2,12,2026-05-23,-0.0508702150917305,-0.0506938205615961
1441,Extremely Risk-Averse,wave2,12,2026-05-23,-0.0041851856042465,-0.0003147386533068
1179,Extremely Risk-Averse,wave2,12,2026-05-23,-0.0271232030156088,-0.0504156350786327
2348,Extremely Risk-Averse,wave2,12,2026-05-23,-0.0419448873675671,-0.0419448873675671
275,Somewhat Risk-Averse,wave2,12,2026-05-23,0.0235289555464608,0.0235289555464608
1302,Somewhat Risk-Seeking,wave2,12,2026-05-23,-0.0236646240795893,-0.0192236885131766
380,Default,wave2,12,2026-05-23,-0.0117582833919339,-0.0203638905888818
1942,Somewhat Risk-Seeking,wave2,12,2026-05-23,-0.0406311725356714,-0.0360074672742643
976,Somewhat Risk-Seeking,wave2,12,2026-05-23,-0.0126667521709619,-0.013532651667672
1059,Somewhat Risk-Averse,wave2,12,2026-05-23,-0.0327973865506123,-0.0300452615444737
1849,Extremely Risk-Averse,wave2,12,2026-05-23,-0.0301727234621055,-0.0165861482821028
709,Risk-Neutral,wave2,12,2026-05-23,-7.559978795661779e-05,-7.559978795661779e-05
2388,Somewhat Risk-Seeking,wave2,12,2026-05-23,-0.0030254434806692,-0.0463380114790194
967,Somewhat Risk-Seeking,wave2,12,2026-05-23,0.0037876345588084,-0.0462871718497271
2188,Default,wave2,12,2026-05-23,-0.0732849815040403,-0.0853010166346344
692,Risk-Neutral,wave2,12,2026-05-23,0.0018445104415729,0.0018445104415729
129,Somewhat Risk-Seeking,wave2,12,2026-05-23,-0.0098897478373222,-0.0098897478373222
1394,Somewhat Risk-Averse,wave1,7,2026-05-13,-0.0114302383808519,-0.0114302383808519
696,Extremely Risk-Averse,wave1,7,2026-05-13,-0.0245509195385979,-0.0259976168991619
1559,Extremely Risk-Seeking,wave1,7,2026-05-13,-0.0245394259028661,-0.0344295830787462
58,Risk-Neutral,wave1,7,2026-05-13,-0.0535840426436671,-0.0646671239615329
1784,Somewhat Risk-Averse,wave1,7,2026-05-13,-0.0061472911366541,-0.0102088435298671
2075,Extremely Risk-Seeking,wave1,7,2026-05-13,-0.0154684272399134,-0.0154684272399134
452,Somewhat Risk-Seeking,wave1,7,2026-05-13,-0.0392163020060744,-0.0416878756421492
1419,Somewhat Risk-Seeking,wave1,7,2026-05-13,-0.0035375100843598,-0.0025673224816317
2241,Somewhat Risk-Averse,wave1,7,2026-05-13,-0.0505091740046677,-0.0283669616475203
513,Somewhat Risk-Seeking,wave1,7,2026-05-13,0.0105164470164045,-0.026260181653849
1294,Somewhat Risk-Averse,wave1,7,2026-05-12,-0.0130911171218929,-0.010638035402085
40,Extremely Risk-Averse,wave1,7,2026-05-12,-0.0272391750905966,-0.0310441831478847
2256,Default,wave1,7,2026-05-12,-0.0202373891906035,-0.0202373891906035
140,Somewhat Risk-Seeking,wave1,7,2026-05-12,-0.0310119008385786,-0.0386666666353419
2249,Somewhat Risk-Seeking,wave1,7,2026-05-12,-0.0442190339691467,-0.0442190339691467
153,Default,wave1,7,2026-05-12,-0.0574088720039796,-0.0570803835862515
519,Somewhat Risk-Seeking,wave1,7,2026-05-12,0.0002239908442516,-0.0257690058639648
101,Somewhat Risk-Averse,wave1,7,2026-05-12,-0.0139654116155262,-0.009128937205365
1450,Extremely Risk-Averse,wave1,7,2026-05-12,-0.0237679061119469,-0.0299980081025133
343,Risk-Neutral,wave1,7,2026-05-12,-0.0347910986727023,-0.0347910986727023
668,Extremely Risk-Averse,wave1,7,2026-05-12,-0.0654882178611607,-0.0569479301564245
2406,Extremely Risk-Averse,wave1,7,2026-05-12,-0.0266826980614548,-0.0342276801591835
1021,Risk-Neutral,wave1,7,2026-05-12,-0.0379050150893787,-0.0379050150893787
1727,Risk-Neutral,wave1,7,2026-05-12,-0.0133008615708724,-0.0133008615708724
1846,Risk-Neutral,wave1,7,2026-05-12,-0.0002688627754494,-0.0002688627754494
498,Extremely Risk-Seeking,wave1,7,2026-05-12,-0.0249688859551717,-0.0249688859551717
461,Default,wave1,7,2026-05-12,-0.010187326324053,-0.0262430066507187
1191,Somewhat Risk-Averse,wave1,7,2026-05-12,-0.0225613941718743,-0.0292640565881513
2408,Somewhat Risk-Averse,wave1,7,2026-05-12,-0.0077240519165968,-0.0321180115765056
1711,Extremely Risk-Averse,wave1,7,2026-05-12,-0.0053086649910075,-0.0129313727689736
915,Extremely Risk-Seeking,wave1,7,2026-05-12,-0.0288744655511064,-0.0288744655511064
1987,Risk-Neutral,wave1,7,2026-05-12,-0.0205669790294743,-0.0093056582501571
2057,Risk-Neutral,wave1,7,2026-05-12,-0.0198909129504154,-0.0198909129504154
2337,Default,wave1,7,2026-05-12,-0.0141802256254455,-0.0173396107753954
2361,Somewhat Risk-Averse,wave1,7,2026-05-12,-0.0073615315908198,-0.0231311063762356
1645,Risk-Neutral,wave1,7,2026-05-12,-0.0228820093038111,-0.0425682000917341
2116,Default,wave1,7,2026-05-12,-0.0361371360117048,-0.0223622859992008
1569,Default,wave1,7,2026-05-12,-0.0294491846139685,-0.0256700847113275
2088,Risk-Neutral,wave1,7,2026-05-12,-0.0065717276498654,-0.0072170100974875
1440,Somewhat Risk-Averse,wave1,7,2026-05-12,-0.0217433356708407,-0.0353257614636934
782,Somewhat Risk-Averse,wave1,7,2026-05-12,-0.0298135916919129,-0.0298135916919129
1080,Extremely Risk-Seeking,wave1,7,2026-05-12,-0.0009759297397724,0.0016097421667809
1721,Extremely Risk-Averse,wave1,7,2026-05-12,-0.0342836451355383,-0.0342836451355383
311,Risk-Neutral,wave1,7,2026-05-12,-0.0342978455611707,-0.0335040511106008
1498,Risk-Neutral,wave1,7,2026-05-12,-0.0132816298526621,-0.0322194376162781
1779,Default,wave1,7,2026-05-12,-0.0276550451839362,-0.0276550451839362
1676,Default,wave1,7,2026-05-12,-0.0530349444676668,-0.0530349444676668
2262,Somewhat Risk-Averse,wave1,7,2026-05-12,-0.0170923672819328,-0.0170923672819328
949,Default,wave1,7,2026-05-12,-0.0242876259882742,-0.0220908736932131
327,Somewhat Risk-Seeking,wave1,7,2026-05-12,-0.0244986969410659,-0.0328052821511144
1576,Default,wave1,7,2026-05-12,-0.0305845406355602,-0.0319786143653092
278,Risk-Neutral,wave1,7,2026-05-12,-0.031847408525951,-0.0249288421582409
903,Somewhat Risk-Averse,wave1,7,2026-05-12,-0.034842880087668,-0.034842880087668
684,Extremely Risk-Seeking,wave1,7,2026-05-11,-0.0240780755979497,-0.0240780755979497
206,Extremely Risk-Seeking,wave1,7,2026-05-11,-0.016557926169633,-0.016557926169633
863,Extremely Risk-Seeking,wave1,7,2026-05-11,-0.0216844461185838,-0.0216844461185838
559,Default,wave1,7,2026-05-11,-0.0178327292951815,-0.0343104977237588
87,Extremely Risk-Seeking,wave1,7,2026-05-11,-0.0369257716464119,-0.0144040312360158
2060,Default,wave1,7,2026-05-11,-0.0101729715855935,-0.0301476148401596
2008,Extremely Risk-Seeking,wave1,7,2026-05-11,0.0013451297224737,0.0013451297224737
1986,Somewhat Risk-Seeking,wave1,7,2026-05-11,-0.0070219865683908,-0.0070219865683908
947,Somewhat Risk-Averse,wave1,7,2026-05-11,-0.0278468304522572,-0.0224302397231508
324,Somewhat Risk-Seeking,wave1,7,2026-05-11,-0.0082615574748377,-0.0082615574748377
2006,Somewhat Risk-Seeking,wave1,7,2026-05-11,-0.0027280590693531,-0.0451467034222037
579,Default,wave1,7,2026-05-11,-0.0308902913220268,-0.031161555531554
1397,Default,wave1,7,2026-05-11,-0.0363557312116407,-0.0200750746004839
736,Extremely Risk-Seeking,wave1,7,2026-05-11,-0.0364471695603196,-0.0376887194197924
1102,Somewhat Risk-Seeking,wave1,7,2026-05-11,-0.0127748283505299,-0.0339589889219362
1526,Risk-Neutral,wave1,7,2026-05-11,-0.0313273250698865,-0.0313273250698865
1902,Default,wave1,7,2026-05-11,-0.0374543820932206,-0.013974314819348
314,Risk-Neutral,wave1,7,2026-05-11,-0.0115511493083333,-0.0155626698955529
1000,Default,wave1,7,2026-05-11,0.0098796564008826,0.0028298887691495
13,Risk-Neutral,wave1,7,2026-05-11,0.0217243231794767,0.0119589242254817
1128,Somewhat Risk-Averse,wave1,7,2026-05-11,-0.0175010690426631,-0.0175010690426631
2314,Somewhat Risk-Averse,wave1,7,2026-05-11,0.0032207320055771,-0.0073612605476547
2301,Default,wave1,7,2026-05-11,-0.0378430002761988,-0.0414861035333552
195,Risk-Neutral,wave1,7,2026-05-11,-0.0377673181516114,-0.0346291893410505
1572,Extremely Risk-Averse,wave1,7,2026-05-11,-0.0187340296164527,-0.0187340296164527
964,Somewhat Risk-Averse,wave1,7,2026-05-11,-0.0264544847785922,-0.0200916201216595
307,Risk-Neutral,wave1,7,2026-05-11,-0.0138565017174697,-0.0136236314704613
269,Extremely Risk-Seeking,wave1,7,2026-05-11,-0.02689486898316,-0.02689486898316
1599,Default,wave1,7,2026-05-11,-0.0270162318186948,-0.0436778702179829
2291,Extremely Risk-Seeking,wave1,7,2026-05-11,-0.0333576105721991,-0.0333746138215148
191,Extremely Risk-Averse,wave1,7,2026-05-11,-0.0387420372255519,-0.0364208816128407
815,Extremely Risk-Seeking,wave1,7,2026-05-11,-0.031018879960099,-0.031018879960099
1019,Default,wave1,7,2026-05-11,0.0038659244134073,-0.0071253239869931
1678,Extremely Risk-Seeking,wave1,7,2026-05-11,-0.0105884748840588,-0.0327159991040462
2063,Default,wave1,7,2026-05-11,-0.0216980484329878,-0.0178723669062244
835,Extremely Risk-Averse,wave1,7,2026-05-11,-0.014278030930247,-0.014278030930247
448,Extremely Risk-Seeking,wave1,7,2026-05-11,0.002752787767342,0.002752787767342
785,Default,wave1,7,2026-05-11,-0.0438391695424924,-0.0379505734342301
1876,Default,wave1,7,2026-05-11,-0.0166739053145078,-0.0263601199956875
1321,Default,wave1,7,2026-05-11,-0.0239951477376032,-0.0239951477376032
1173,Extremely Risk-Averse,wave1,7,2026-05-11,-0.0156069787286529,-0.0156069787286529
1198,Somewhat Risk-Averse,wave1,7,2026-05-11,-0.0139634025880857,-0.0239040335779145
657,Somewhat Risk-Averse,wave1,7,2026-05-11,0.010107389268477,0.010107389268477
1591,Somewhat Risk-Averse,wave1,7,2026-05-11,-0.0261853250017709,-0.0172911655130983
720,Somewhat Risk-Averse,wave1,7,2026-05-11,-0.0360261577163268,-0.0060467758932871
804,Somewhat Risk-Seeking,wave1,7,2026-05-11,-0.0236790992878466,-0.0002638863052324
151,Risk-Neutral,wave1,7,2026-05-11,-0.0274697311656194,-0.0274697311656194
2106,Default,wave1,7,2026-05-11,-0.0021241039124625,0.003741014545589
1905,Extremely Risk-Averse,wave1,7,2026-05-11,-0.0392370565336254,-0.0359625345653297
1488,Extremely Risk-Seeking,wave1,7,2026-05-11,-0.040424639068261,-0.0170143337551646
539,Extremely Risk-Seeking,wave1,7,2026-05-11,-0.0339991727948443,-0.0394737679472193
2288,Default,wave1,7,2026-05-11,-0.0185278548187382,-0.0274224982683045
1743,Somewhat Risk-Averse,wave1,7,2026-05-11,-0.014273785552514,-0.0154475016839664
1571,Extremely Risk-Seeking,wave1,7,2026-05-11,-0.0197482335720985,-0.0082187331054458
265,Somewhat Risk-Seeking,wave1,7,2026-05-11,-0.0165434146520874,-0.0165434146520874
2374,Somewhat Risk-Averse,wave1,7,2026-05-11,0.0078194598475548,0.0078194598475548
1632,Default,wave1,7,2026-05-11,-0.0264199160232738,-0.0350331033922296
1374,Extremely Risk-Averse,wave1,7,2026-05-11,-0.0255217117746347,-0.0272254242833808
1641,Extremely Risk-Averse,wave1,7,2026-05-11,-0.0134680577914884,-0.0340490167505572
1966,Extremely Risk-Seeking,wave1,7,2026-05-11,0.0022132149810818,-0.0027207154216304
358,Extremely Risk-Seeking,wave1,7,2026-05-11,-0.0438591364504498,-0.0517972697613708
1480,Extremely Risk-Averse,wave1,7,2026-05-10,-0.0020206588079069,-0.0296299208644944
1322,Somewhat Risk-Averse,wave1,7,2026-05-10,-0.019046103569395,0.0023950959162634
1392,Risk-Neutral,wave1,7,2026-05-10,0.0064059992771427,0.0047585909959695
555,Default,wave1,7,2026-05-10,-0.0128689199380773,-0.0128689199380773
1203,Extremely Risk-Seeking,wave1,7,2026-05-10,-0.0283825910395301,-0.0283825910395301
139,Extremely Risk-Seeking,wave1,7,2026-05-10,-0.0057525616981984,-0.008319732664183
1843,Somewhat Risk-Seeking,wave1,7,2026-05-10,-0.0397748680037397,-0.0397748680037397
833,Extremely Risk-Averse,wave1,7,2026-05-10,-0.0092969893554153,-0.0092969893554153
557,Extremely Risk-Averse,wave1,7,2026-05-10,-0.012440869584751,-0.0352321102566765
2182,Extremely Risk-Seeking,wave1,7,2026-05-10,-0.0029821808599395,-0.0037677570596327
971,Risk-Neutral,wave1,7,2026-05-10,-0.0234432980527469,-0.0289692750986039
744,Default,wave1,7,2026-05-10,-0.0042909858406903,-0.0083409861539679
1613,Somewhat Risk-Seeking,wave1,7,2026-05-10,-0.0193203188952262,-0.0138331845606206
1150,Extremely Risk-Seeking,wave1,7,2026-05-10,-0.0232872149304096,-0.0203347786138259
53,Default,wave1,7,2026-05-10,-0.0324256836044833,-0.0324256836044833
1972,Risk-Neutral,wave1,7,2026-05-10,-0.034425161462027,-0.0215560217034832
282,Extremely Risk-Averse,wave1,7,2026-05-10,-0.0252684234797071,-0.0292507356975183
1667,Somewhat Risk-Seeking,wave1,7,2026-05-10,-0.0343718292270744,-0.0343718292270744
2383,Extremely Risk-Seeking,wave1,7,2026-05-10,0.0003535949981038,0.004358317604441
811,Default,wave1,7,2026-05-10,0.0089398678574024,0.0117675383376071
1547,Default,wave1,7,2026-05-10,-0.0116802470113277,-0.0020406988431929
2133,Risk-Neutral,wave1,7,2026-05-10,-0.0248538557779046,-0.0248538557779046
342,Somewhat Risk-Averse,wave1,7,2026-05-10,-0.04523195585026,-0.0435449166462448
717,Extremely Risk-Seeking,wave1,7,2026-05-10,-0.0095994214187779,-0.0354505987942085
1959,Extremely Risk-Averse,wave1,7,2026-05-10,-0.0082709129552474,-0.0297524002143193
2064,Extremely Risk-Seeking,wave1,7,2026-05-10,-0.0429285744094255,-0.0429285744094255
1649,Somewhat Risk-Averse,wave1,7,2026-05-10,-0.0347605115691428,-0.0439906629423178
2244,Default,wave1,7,2026-05-10,-0.0348899860871891,-0.040338163251011
1731,Extremely Risk-Seeking,wave1,7,2026-05-10,-0.0115282696315445,-0.0115282696315445
1776,Somewhat Risk-Seeking,wave1,7,2026-05-10,-0.0273608868321162,-0.0408303568052321
264,Somewhat Risk-Seeking,wave1,7,2026-05-10,-0.0040241833812528,-0.0249026936747708
170,Extremely Risk-Averse,wave1,7,2026-05-10,-0.0211181695419825,-0.0352124449995401
238,Extremely Risk-Seeking,wave1,7,2026-05-10,0.0020304728965176,0.0020304728965176
180,Default,wave1,7,2026-05-10,-0.0110103458920203,-0.0110103458920203
2220,Somewhat Risk-Seeking,wave1,7,2026-05-10,-0.0124144115572376,-0.0169615035880819
1886,Somewhat Risk-Averse,wave1,7,2026-05-10,-0.0040215024676998,-0.0183921964949879
628,Somewhat Risk-Seeking,wave1,7,2026-05-10,-0.0213884019797644,-0.0052345909189445
1680,Extremely Risk-Averse,wave1,7,2026-05-10,-0.0445125937581875,-0.0267046484104314
1320,Extremely Risk-Averse,wave1,7,2026-05-10,-0.0464789725381758,-0.0511816828779329
2336,Risk-Neutral,wave1,7,2026-05-10,-0.0198049289846403,-0.0428136495134983
1239,Extremely Risk-Seeking,wave1,7,2026-05-10,-0.0171459035503985,-0.024982948229869
2305,Extremely Risk-Seeking,wave1,7,2026-05-10,-0.0434407116493193,-0.0322393474227612
316,Somewhat Risk-Averse,wave1,7,2026-05-09,-0.026901223298024,-0.0404527574909568
98,Extremely Risk-Averse,wave1,7,2026-05-09,-0.035609196435943,-0.0283863858889578
1176,Extremely Risk-Seeking,wave1,7,2026-05-09,0.0138209135926843,0.0033810382522746
23,Extremely Risk-Averse,wave1,7,2026-05-09,0.0055559690374405,-0.0008968014878676
1472,Somewhat Risk-Averse,wave1,7,2026-05-09,-0.0361839497260564,-0.0361839497260564
927,Risk-Neutral,wave1,7,2026-05-09,-0.0114846975116793,-0.0114846975116793
1060,Risk-Neutral,wave1,7,2026-05-09,-0.0185916901631591,-0.0185252500967029
453,Default,wave1,7,2026-05-09,-0.0111674040720946,-0.0111674040720946
583,Extremely Risk-Seeking,wave1,7,2026-05-09,-0.0134025624551093,-0.0230111836452612
1024,Risk-Neutral,wave1,7,2026-05-09,0.0024936744624644,-0.0150042363036544
1174,Extremely Risk-Seeking,wave1,7,2026-05-09,0.0078512292344325,-0.0035352727016951
984,Default,wave1,7,2026-05-09,-0.0258031789594657,-0.0258031789594657
179,Somewhat Risk-Averse,wave1,7,2026-05-09,-0.0117756881243068,-0.0117756881243068
1023,Default,wave1,7,2026-05-09,-0.0254216963268652,-0.0372887313578404
740,Extremely Risk-Seeking,wave1,7,2026-05-09,0.0172409757640145,0.0123389633866609
959,Somewhat Risk-Seeking,wave1,7,2026-05-09,0.0096963126655182,0.0096963126655182
705,Default,wave1,7,2026-05-09,-0.0116407814513673,-0.0160470355315168
746,Default,wave1,7,2026-05-09,-0.045172068346473,-0.045172068346473
2022,Default,wave1,7,2026-05-09,-0.0106986805833555,-0.0106986805833555
671,Extremely Risk-Averse,wave1,7,2026-05-09,-0.0199415263960576,-0.0287050183251289
2100,Somewhat Risk-Averse,wave1,7,2026-05-09,-0.0329123311388565,-0.0270377856967421
1232,Somewhat Risk-Averse,wave1,7,2026-05-09,-0.0476984085593016,-0.0476984085593016
988,Extremely Risk-Averse,wave1,7,2026-05-09,-0.0293372006230059,-0.036452073001892
141,Extremely Risk-Averse,wave1,7,2026-05-09,-0.037618416589269,-0.0360509541577808
2245,Somewhat Risk-Averse,wave1,7,2026-05-09,0.0061603753571958,-0.0277639910044752
79,Default,wave1,7,2026-05-09,-0.0063232492174426,-0.0063232492174426
1457,Somewhat Risk-Averse,wave1,7,2026-05-09,-0.0223996659472052,-0.0328045371872103
1416,Default,wave1,7,2026-05-09,-0.0382120480849203,-0.0382120480849203
2068,Extremely Risk-Averse,wave1,7,2026-05-09,-0.0218795545850348,-0.0282925568819982
353,Default,wave1,7,2026-05-09,-0.0133044823200002,-0.0074324941737425
651,Extremely Risk-Averse,wave1,7,2026-05-09,-0.0245923288120691,-0.0245999260515383
1192,Extremely Risk-Averse,wave1,7,2026-05-09,-0.0439543796362388,-0.0463109636197109
2347,Extremely Risk-Averse,wave1,7,2026-05-09,-0.0429242080880436,-0.0429242080880436
435,Default,wave1,7,2026-05-09,-0.0044745666509797,-0.0123760511568679
1895,Default,wave1,7,2026-05-09,-0.016528788362753,-0.0312184090129203
168,Somewhat Risk-Seeking,wave1,7,2026-05-09,-0.0448102528260567,-0.0448102528260567
778,Default,wave1,7,2026-05-09,-0.0334046003035804,-0.0334046003035804
729,Extremely Risk-Averse,wave1,7,2026-05-09,-0.019620082113606,-0.0365702708358333
349,Extremely Risk-Averse,wave1,7,2026-05-09,-0.0037544122728659,-0.024983347865119
1463,Risk-Neutral,wave1,7,2026-05-09,-0.004734897625137,0.0092218000694257
1579,Extremely Risk-Seeking,wave1,7,2026-05-09,-0.0117231440456698,-0.012410174512269
1093,Risk-Neutral,wave1,7,2026-05-09,0.0063798969234172,0.0063798969234172
386,Default,wave1,7,2026-05-09,-0.0306727630096749,-0.0343894946974526
1329,Risk-Neutral,wave1,7,2026-05-09,-0.0100658253453465,-0.0374833663320556
1891,Risk-Neutral,wave1,7,2026-05-09,0.0088455227771962,0.0022221303688779
155,Somewhat Risk-Averse,wave1,7,2026-05-09,-0.0130907450437014,-0.0173919797202583
889,Extremely Risk-Averse,wave1,7,2026-05-09,-0.0201016528520082,-0.0201016528520082
1838,Somewhat Risk-Seeking,wave1,7,2026-05-09,-0.0129647761801406,-0.0249736611332673
1983,Extremely Risk-Seeking,wave1,7,2026-05-09,0.0036065673615367,0.0063622665688078
807,Extremely Risk-Averse,wave1,7,2026-05-09,-0.0272497066881232,-0.0241941499415384
1127,Extremely Risk-Averse,wave1,7,2026-05-09,-0.022324068646196,-0.022324068646196
856,Extremely Risk-Seeking,wave1,7,2026-05-09,-0.0201327710648619,-0.0316493725116406
1087,Extremely Risk-Averse,wave1,7,2026-05-09,-0.0192855812948454,-0.012047449563728
1553,Default,wave1,7,2026-05-09,-0.00099271918046,-0.0190344336317373
516,Risk-Neutral,wave1,7,2026-05-09,-0.0364669366892914,-0.0364669366892914
125,Somewhat Risk-Seeking,wave1,7,2026-05-09,-0.0291741077702415,-0.032311393027549
1510,Risk-Neutral,wave1,7,2026-05-09,-0.0387218043493735,-0.0387218043493735
1396,Risk-Neutral,wave1,7,2026-05-09,-0.0107381622293211,-0.0046784607690441
240,Somewhat Risk-Averse,wave1,7,2026-05-09,-0.0111263742622303,-0.0111263742622303
105,Risk-Neutral,wave1,7,2026-05-09,-0.0159627139752098,-0.0159627139752098
568,Default,wave1,7,2026-05-09,-0.0192045156241856,-0.0215119365702916
552,Extremely Risk-Seeking,wave1,7,2026-05-09,-0.0158580479376403,-0.0158580479376403
1344,Default,wave1,7,2026-05-09,0.0127868617291835,0.0015935815881877
629,Extremely Risk-Seeking,wave1,7,2026-05-09,-0.0103961010349093,-0.0230753585300481
725,Somewhat Risk-Seeking,wave1,7,2026-05-09,-0.0269655150908744,-0.0281209338688223
1609,Somewhat Risk-Averse,wave1,7,2026-05-09,-0.0002238231654881,-0.0002238231654881
1993,Extremely Risk-Seeking,wave1,7,2026-05-09,-0.0142530699821301,-0.0305025845857784
1164,Risk-Neutral,wave1,7,2026-05-09,0.0122715685421519,0.0122715685421519
224,Risk-Neutral,wave1,7,2026-05-09,-0.0018114637641224,0.0017436854424585
1175,Somewhat Risk-Averse,wave1,7,2026-05-09,-0.0077170891022601,-0.0200649326257483
1196,Somewhat Risk-Averse,wave1,7,2026-05-09,-0.0091786669845536,-0.0213344584397482
2312,Extremely Risk-Averse,wave1,7,2026-05-09,-0.0196844270675283,-0.0191895736012236
524,Somewhat Risk-Averse,wave1,7,2026-05-09,-0.0369384904230042,-0.0390073425421659
626,Risk-Neutral,wave1,7,2026-05-09,-0.0020189750663012,-0.0052629191888364
573,Default,wave1,7,2026-05-09,-0.0005545895298038,-0.0028703750762538
605,Extremely Risk-Averse,wave1,7,2026-05-09,-0.0288949721027004,-0.0272259138013252
1477,Risk-Neutral,wave1,7,2026-05-09,-0.0275134094607722,-0.0237551289417291
1146,Extremely Risk-Seeking,wave1,7,2026-05-09,-0.0246672493427761,-0.0270137861426579
1696,Extremely Risk-Averse,wave1,7,2026-05-09,-0.0449120966822204,-0.0416999861486286
1853,Risk-Neutral,wave1,7,2026-05-09,-0.01510228422345,-0.01510228422345
1136,Risk-Neutral,wave1,7,2026-05-09,-0.0275017471685212,-0.0275017471685212
914,Somewhat Risk-Seeking,wave1,7,2026-05-09,-0.0225301602469202,-0.0225301602469202
133,Risk-Neutral,wave1,7,2026-05-09,-0.0137525295106327,-0.0327845028693222
2281,Default,wave1,7,2026-05-09,0.0178719006832945,0.0039844441317562
2071,Somewhat Risk-Averse,wave1,7,2026-05-09,-0.0139982485689026,-0.0060162143585544
2140,Risk-Neutral,wave1,7,2026-05-09,-0.0108953170743796,-0.0287496606500029
728,Extremely Risk-Averse,wave1,7,2026-05-09,-0.0262272735030295,-0.0084830034427096
2145,Extremely Risk-Seeking,wave1,7,2026-05-09,0.0088856816784068,0.0088856816784068
2052,Extremely Risk-Seeking,wave1,7,2026-05-09,-0.0252997381020244,-0.0243166486326459
243,Default,wave1,7,2026-05-08,-0.0429305351569148,-0.0398388799850876
27,Risk-Neutral,wave1,7,2026-05-08,-0.0046236288323121,-0.0523661776092914
715,Extremely Risk-Averse,wave1,5,2026-05-08,-0.0193699281678229,-0.0193699281678229
907,Somewhat Risk-Averse,wave1,5,2026-05-08,-0.0469319391998837,-0.0674981948225662
1359,Somewhat Risk-Seeking,wave1,5,2026-05-08,-0.0353760382685624,-0.0178545145913819
1808,Extremely Risk-Seeking,wave1,5,2026-05-08,-0.0171573528052186,-0.0265303167253439
1028,Risk-Neutral,wave1,5,2026-05-08,-0.0441312590890527,-0.0369469710113862
1403,Somewhat Risk-Averse,wave1,5,2026-05-08,-0.0198277486799343,-0.0198277486799343
391,Somewhat Risk-Seeking,wave1,5,2026-05-08,-0.0166723778129698,-0.0323770158386833
1527,Default,wave1,5,2026-05-08,-0.0059029391735997,-0.0059029391735997
1215,Extremely Risk-Averse,wave1,5,2026-05-08,-0.0187414295076278,-0.0323976814065824
591,Extremely Risk-Averse,wave1,5,2026-05-08,-0.0564245217196128,-0.0564245217196128
2149,Default,wave1,5,2026-05-08,-0.0069888224967765,-0.0121822309196259
697,Default,wave1,5,2026-05-08,0.0003817929430275,-0.0099519901002816
2344,Somewhat Risk-Averse,wave1,5,2026-05-08,-0.0384473973201802,-0.0189228305506372
49,Somewhat Risk-Seeking,wave1,5,2026-05-08,-0.0145765135317952,-0.0141369880990315
2233,Somewhat Risk-Averse,wave1,5,2026-05-08,-0.0447264741348681,-0.0594714742982333
1376,Somewhat Risk-Seeking,wave1,5,2026-05-08,-0.0217677635270901,-0.0217677635270901
881,Somewhat Risk-Seeking,wave1,5,2026-05-08,-0.0597907202209858,-0.0304192835435184
1371,Extremely Risk-Seeking,wave1,5,2026-05-08,-0.0402091428542534,-0.0539497746259937
874,Extremely Risk-Seeking,wave1,5,2026-05-08,-0.0297750822396772,-0.0021935021890123
2040,Somewhat Risk-Seeking,wave1,5,2026-05-08,-0.0174539411473282,-0.0423394055612174
2093,Extremely Risk-Averse,wave1,5,2026-05-08,-0.0123262912985921,-0.0123262912985921
465,Risk-Neutral,wave1,5,2026-05-08,0.0206513029047889,0.0101194546060811
497,Default,wave1,5,2026-05-08,-0.0451920456052884,-0.0451920456052884
2023,Somewhat Risk-Seeking,wave1,5,2026-05-08,-0.0133239804982271,0.0014069581229989
1432,Somewhat Risk-Seeking,wave1,5,2026-05-08,-0.0555399720743538,-0.0522134779517819
884,Extremely Risk-Averse,wave1,5,2026-05-08,-0.0359546654214489,-0.0359546654214489
329,Somewhat Risk-Seeking,wave1,5,2026-05-08,-0.0348677967314874,-0.0348677967314874
1662,Somewhat Risk-Averse,wave1,5,2026-05-08,-0.0319014060576307,-0.0372689363983791
421,Risk-Neutral,wave1,5,2026-05-08,-0.0101955185264566,-0.0195971736679448
1431,Somewhat Risk-Averse,wave1,5,2026-05-08,-0.017866015634525,-0.017866015634525
664,Somewhat Risk-Averse,wave1,5,2026-05-08,-0.020163281998159,-0.0132297186450112
1311,Risk-Neutral,wave1,5,2026-05-08,-0.0168079001665637,-0.0168079001665637
1411,Somewhat Risk-Averse,wave1,5,2026-05-08,-0.0287602703161118,-0.0349724289071025
68,Somewhat Risk-Seeking,wave1,5,2026-05-08,-0.0308651650077223,-0.0088156161769614
1125,Extremely Risk-Seeking,wave1,5,2026-05-08,0.0048451563219889,0.0048451563219889
1533,Somewhat Risk-Averse,wave1,5,2026-05-08,-0.0541632132753365,-0.0541632132753365
1101,Extremely Risk-Averse,wave1,5,2026-05-08,-0.0519852360950731,-0.0519852360950731
46,Extremely Risk-Averse,wave1,5,2026-05-08,-0.0314036990160875,-0.0546694944310433
989,Default,wave1,5,2026-05-08,-0.0109883739758634,-0.0196875439123134
2171,Extremely Risk-Averse,wave1,5,2026-05-08,-0.0170232157805704,-0.0358902627213797
1722,Somewhat Risk-Seeking,wave1,5,2026-05-08,-0.0177231605352106,-0.0177231605352106
962,Default,wave1,5,2026-05-08,-0.0246934467189991,-0.0181945022832969
145,Extremely Risk-Averse,wave1,5,2026-05-08,-0.041121801611171,-0.041121801611171
2189,Somewhat Risk-Averse,wave1,5,2026-05-08,-0.0246633548119493,-0.0345610240831427
2254,Risk-Neutral,wave1,5,2026-05-08,-0.0255103143736503,-0.0310188804156846
1138,Default,wave1,5,2026-05-08,-0.0459860907706621,-0.0344274659180074
1338,Somewhat Risk-Averse,wave1,5,2026-05-08,-0.0228280173999814,-0.0279086653392051
1385,Extremely Risk-Seeking,wave1,5,2026-05-08,-0.0353377227282317,-0.0353377227282317
556,Somewhat Risk-Seeking,wave1,5,2026-05-08,-0.0013677713970252,-0.0013677713970252
1664,Default,wave1,5,2026-05-08,-0.0144431011148289,-0.0144431011148289
1582,Somewhat Risk-Seeking,wave1,5,2026-05-08,-0.0243710510613819,-0.0430014180442374
431,Risk-Neutral,wave1,5,2026-05-08,-0.0126372187926538,-0.0126372187926538
2047,Risk-Neutral,wave1,5,2026-05-08,-0.0046533569758653,-0.0260388267953048
1228,Extremely Risk-Seeking,wave1,5,2026-05-08,-0.0017308796228269,-0.0268886715472392
2204,Extremely Risk-Averse,wave1,5,2026-05-08,-0.0408299166747352,-0.0417196454184949
1963,Default,wave1,5,2026-05-08,-0.0283304835575367,-0.0316997016974338
2226,Default,wave1,5,2026-05-08,-0.0241275089890917,-0.0241275089890917
2042,Somewhat Risk-Averse,wave1,5,2026-05-08,-0.0057085251291978,-0.0342308453093754
541,Risk-Neutral,wave1,5,2026-05-08,-0.0058447123034718,-0.0058447123034718
1592,Somewhat Risk-Seeking,wave1,5,2026-05-08,0.0048656609869565,-0.0169256495039972
1443,Somewhat Risk-Seeking,wave1,5,2026-05-08,-0.0317361455199964,-0.0226497428407105
2213,Extremely Risk-Averse,wave1,5,2026-05-08,-0.0539430587376479,-0.0539430587376479
941,Default,wave1,5,2026-05-08,-0.0296118081568278,-0.0296118081568278
1079,Extremely Risk-Averse,wave1,5,2026-05-08,-0.0260757198347474,-0.0460637978717009
1801,Somewhat Risk-Seeking,wave1,5,2026-05-08,0.0026765490457316,0.0026765490457316
1142,Somewhat Risk-Seeking,wave1,5,2026-05-08,-0.033135052545953,-0.0385918691426546
225,Risk-Neutral,wave1,1,2026-05-08,-0.0166709250155991,-0.0065726739261116
792,Somewhat Risk-Seeking,wave1,1,2026-05-08,-0.0135340186604859,-0.013025384611574
1924,Somewhat Risk-Averse,wave1,1,2026-05-08,-0.0464559063699224,-0.0464559063699224
699,Risk-Neutral,wave1,1,2026-05-08,-0.0138956216297049,-0.0138956216297049
1365,Default,wave1,1,2026-05-08,-0.010546036714835,-0.010546036714835
767,Risk-Neutral,wave1,1,2026-05-08,-0.0139280293099879,-0.0139280293099879
1752,Default,wave1,1,2026-05-08,-0.0244740324433962,-0.0244740324433962
1274,Default,wave1,1,2026-05-08,-0.029931197690356,-0.029931197690356
1629,Somewhat Risk-Seeking,wave1,1,2026-05-08,-0.0580818098290383,-0.0580818098290383
1061,Somewhat Risk-Averse,wave3,15,2026-06-09,-0.0008203607237471,-0.0008203607237471
24,Somewhat Risk-Averse,wave3,15,2026-06-09,-0.0415798703783362,-0.0415798703783362
484,Extremely Risk-Averse,wave1,7,2026-05-12,-0.0272185563607235,-0.0272185563607235
148,Somewhat Risk-Seeking,wave1,7,2026-05-09,-0.0265476752446283,-0.0265476752446283
268,Risk-Neutral,wave1,7,2026-05-09,-0.0392783910608599,-0.0392783910608599
876,Risk-Neutral,wave1,7,2026-05-09,-0.0192721170442681,-0.0192721170442681
934,Somewhat Risk-Seeking,wave1,7,2026-05-09,-0.0325937527018399,-0.0325937527018399
1267,Extremely Risk-Averse,wave1,7,2026-05-09,-0.0193670227778654,-0.0193670227778654
1842,Somewhat Risk-Seeking,wave1,7,2026-05-09,-0.0049376037158456,-0.0049376037158456
464,Extremely Risk-Averse,wave1,7,2026-05-09,0.007724623287045,0.007724623287045
1217,Extremely Risk-Seeking,wave1,7,2026-05-09,-0.0136422635404695,-0.0136422635404695
63,Somewhat Risk-Seeking,wave1,7,2026-05-09,-0.0211855164417332,-0.0211855164417332
2167,Somewhat Risk-Seeking,wave1,7,2026-05-09,0.0042143920926357,0.0042143920926357
306,Default,wave1,7,2026-05-09,-0.0270319698316552,-0.0270319698316552
310,Extremely Risk-Averse,wave1,7,2026-05-09,-0.0249439873624279,-0.0249439873624279
1347,Default,wave1,7,2026-05-09,-0.0094006805217809,-0.0094006805217809
138,Somewhat Risk-Averse,wave1,7,2026-05-09,-0.0253256501375587,-0.0253256501375587
