participantId,dual_condition,wave,session_id,n_followup_turns,followup_words,length_per_round,status,behavioral,cognitive,emotional,autonomy,social_presence,overall,overall_label
4,dual_nonbiased,wave3,17,1,5,5.0,ok,1,1,2,1.0,0,1.0,Low
6,dual_opposition,wave2,14,1,15,15.0,ok,2,2,1,1.0,1,1.4,Low
10,dual_nonbiased,wave1,10,0,0,,no_followup,0,0,0,,0,0.0,
11,dual_balanced,wave2,14,0,0,,no_followup,0,0,0,,0,0.0,
12,dual_balanced,wave1,11,1,5,5.0,ok,1,1,1,1.0,0,0.8,Low
15,dual_nonbiased,wave2,14,0,0,,no_followup,0,0,0,,0,0.0,
17,dual_balanced,wave1,8,0,0,,no_followup,0,0,0,,0,0.0,
21,dual_nonbiased,wave1,8,2,39,19.5,ok,3,3,2,1.0,1,2.0,Moderate
22,dual_balanced,wave1,11,0,0,,no_followup,0,0,0,,0,0.0,
28,dual_nonbiased,wave3,17,1,10,10.0,ok,1,2,3,2.0,1,1.8,Moderate
32,dual_nonbiased,wave1,8,0,0,,no_followup,0,0,0,,0,0.0,
34,dual_nonbiased,wave2,14,0,0,,no_followup,0,0,0,,0,0.0,
37,dual_balanced,wave3,17,1,16,16.0,ok,2,2,2,2.0,0,1.6,Moderate
39,dual_balanced,wave2,14,0,0,,no_followup,0,0,0,,0,0.0,
41,dual_nonbiased,wave3,17,1,15,15.0,ok,2,1,1,1.0,1,1.2,Low
42,dual_balanced,wave1,11,0,0,,no_followup,0,0,0,,0,0.0,
45,dual_nonbiased,wave1,8,0,0,,no_followup,0,0,0,,0,0.0,
47,dual_balanced,wave1,11,1,7,7.0,ok,1,1,2,1.0,1,1.2,Low
50,dual_balanced,wave2,14,0,0,,no_followup,0,0,0,,0,0.0,
51,dual_balanced,wave3,17,1,8,8.0,ok,1,1,2,2.0,1,1.4,Low
52,dual_nonbiased,wave1,11,0,0,,no_followup,0,0,0,,0,0.0,
54,dual_balanced,wave3,17,0,0,,no_followup,0,0,0,,0,0.0,
55,dual_balanced,wave1,6,2,23,11.5,ok,2,2,1,2.0,1,1.6,Moderate
56,dual_nonbiased,wave3,17,4,61,15.25,ok,3,2,3,2.0,2,2.4,Moderate
57,dual_opposition,wave2,14,2,17,8.5,ok,2,1,1,2.0,1,1.4,Moderate
61,dual_balanced,wave2,14,2,66,33.0,ok,2,2,3,1.0,2,2.0,Moderate
64,dual_opposition,wave3,17,0,0,,no_followup,0,0,0,,0,0.0,
66,dual_balanced,wave2,14,0,0,,no_followup,0,0,0,,0,0.0,
71,dual_opposition,wave1,8,0,0,,no_followup,0,0,0,,0,0.0,
72,dual_opposition,wave2,14,0,0,,no_followup,0,0,0,,0,0.0,
73,dual_balanced,wave2,14,0,0,,no_followup,0,0,0,,0,0.0,
74,dual_opposition,wave2,14,0,0,,no_followup,0,0,0,,0,0.0,
76,dual_opposition,wave2,14,2,43,21.5,ok,3,3,2,3.0,1,2.4,Moderate
77,dual_nonbiased,wave3,17,1,13,13.0,ok,1,1,1,1.0,0,0.8,Low
81,dual_balanced,wave2,14,0,0,,no_followup,0,0,0,,0,0.0,
82,dual_nonbiased,wave2,14,0,0,,no_followup,0,0,0,,0,0.0,
86,dual_nonbiased,wave3,17,1,25,25.0,ok,2,2,2,2.0,1,1.8,Moderate
91,dual_balanced,wave3,17,3,101,33.666666666666664,ok,3,2,2,2.0,1,2.0,Moderate
95,dual_nonbiased,wave3,17,1,7,7.0,ok,1,1,1,1.0,0,0.8,Low
96,dual_opposition,wave2,14,2,53,26.5,ok,3,3,2,1.0,1,2.0,Moderate
99,dual_opposition,wave1,8,1,14,14.0,ok,2,2,2,2.0,1,1.8,Moderate
100,dual_opposition,wave3,17,2,14,7.0,ok,2,2,1,1.0,0,1.2,Moderate
102,dual_balanced,wave2,14,0,0,,no_followup,0,0,0,,0,0.0,
108,dual_opposition,wave1,10,1,29,29.0,ok,2,2,1,3.0,0,1.6,Moderate
109,dual_balanced,wave1,8,0,0,,no_followup,0,0,0,,0,0.0,
110,dual_opposition,wave2,14,1,27,27.0,ok,2,2,2,1.0,1,1.6,Moderate
111,dual_nonbiased,wave1,10,2,94,47.0,ok,2,3,3,3.0,2,2.6,High
112,dual_balanced,wave2,14,1,10,10.0,ok,1,1,1,2.0,1,1.2,Low
113,dual_opposition,wave1,8,1,17,17.0,ok,2,2,2,1.0,1,1.6,Moderate
115,dual_nonbiased,wave1,8,0,0,,no_followup,0,0,0,,0,0.0,
118,dual_balanced,wave3,17,0,0,,no_followup,0,0,0,,0,0.0,
119,dual_nonbiased,wave1,11,0,0,,no_followup,0,0,0,,0,0.0,
123,dual_balanced,wave3,17,1,8,8.0,ok,2,1,2,1.0,1,1.4,Moderate
124,dual_opposition,wave1,8,0,0,,no_followup,0,0,0,,0,0.0,
136,dual_balanced,wave1,6,0,0,,no_followup,0,0,0,,0,0.0,
143,dual_balanced,wave3,17,1,12,12.0,ok,1,1,1,1.0,0,0.8,Low
144,dual_balanced,wave3,17,1,13,13.0,ok,1,1,1,1.0,1,1.0,Low
146,dual_balanced,wave3,17,0,0,,no_followup,0,0,0,,0,0.0,
149,dual_nonbiased,wave3,17,1,7,7.0,ok,1,1,2,1.0,0,1.0,Low
150,dual_opposition,wave3,17,2,30,15.0,ok,2,2,2,2.0,1,1.8,Moderate
154,dual_balanced,wave2,14,1,17,17.0,ok,2,2,2,1.0,1,1.6,Moderate
156,dual_nonbiased,wave3,17,0,0,,no_followup,0,0,0,,0,0.0,
158,dual_balanced,wave2,14,0,0,,no_followup,0,0,0,,0,0.0,
159,dual_balanced,wave3,17,0,0,,no_followup,0,0,0,,0,0.0,
163,dual_nonbiased,wave2,14,0,0,,no_followup,0,0,0,,0,0.0,
164,dual_opposition,wave2,14,2,13,6.5,ok,2,2,2,1.0,1,1.6,Moderate
166,dual_opposition,wave1,8,2,47,23.5,ok,3,3,2,2.0,2,2.4,Moderate
169,dual_nonbiased,wave2,14,2,17,8.5,ok,2,2,2,2.0,1,1.8,Moderate
171,dual_balanced,wave3,17,1,33,33.0,ok,2,2,2,1.0,0,1.4,Moderate
173,dual_opposition,wave2,14,1,14,14.0,ok,1,2,2,1.0,1,1.4,Low
178,dual_nonbiased,wave3,17,0,0,,no_followup,0,0,0,,0,0.0,
181,dual_opposition,wave3,17,0,0,,no_followup,0,0,0,,0,0.0,
182,dual_opposition,wave1,6,1,30,30.0,ok,2,2,1,3.0,1,1.8,Moderate
184,dual_balanced,wave1,8,1,36,36.0,ok,2,2,2,2.0,1,1.8,Moderate
186,dual_balanced,wave3,17,1,12,12.0,ok,1,1,1,1.0,0,0.8,Low
187,dual_balanced,wave1,6,4,54,13.5,ok,3,2,2,3.0,1,2.2,Moderate
190,dual_opposition,wave1,10,0,0,,no_followup,0,0,0,,0,0.0,
192,dual_opposition,wave2,14,0,0,,no_followup,0,0,0,,0,0.0,
194,dual_nonbiased,wave3,17,1,16,16.0,ok,2,2,1,2.0,1,1.6,Moderate
196,dual_balanced,wave2,14,4,245,61.25,ok,3,3,3,3.0,3,3.0,High
198,dual_nonbiased,wave1,11,1,22,22.0,ok,2,2,2,1.0,1,1.6,Moderate
199,dual_balanced,wave2,14,1,26,26.0,ok,2,2,2,2.0,1,1.8,Moderate
200,dual_opposition,wave2,14,0,0,,no_followup,0,0,0,,0,0.0,
201,dual_opposition,wave1,8,0,0,,no_followup,0,0,0,,0,0.0,
207,dual_opposition,wave3,17,0,0,,no_followup,0,0,0,,0,0.0,
208,dual_balanced,wave1,11,2,37,18.5,ok,3,3,2,2.0,1,2.2,Moderate
209,dual_balanced,wave2,14,2,30,15.0,ok,3,3,2,2.0,1,2.2,Moderate
211,dual_nonbiased,wave3,17,1,11,11.0,ok,1,1,2,2.0,1,1.4,Low
216,dual_opposition,wave1,11,0,0,,no_followup,0,0,0,,0,0.0,
219,dual_opposition,wave1,10,0,0,,no_followup,0,0,0,,0,0.0,
221,dual_balanced,wave3,17,1,22,22.0,ok,2,2,2,2.0,1,1.8,Moderate
222,dual_balanced,wave3,17,1,8,8.0,ok,1,1,1,1.0,1,1.0,Low
226,dual_balanced,wave2,14,2,45,22.5,ok,3,3,2,2.0,2,2.4,Moderate
227,dual_balanced,wave2,14,0,0,,no_followup,0,0,0,,0,0.0,
228,dual_balanced,wave1,8,1,18,18.0,ok,2,2,2,1.0,1,1.6,Moderate
230,dual_balanced,wave2,14,1,12,12.0,ok,1,1,1,1.0,1,1.0,Low
231,dual_nonbiased,wave2,14,0,0,,no_followup,0,0,0,,0,0.0,
233,dual_nonbiased,wave2,14,1,18,18.0,ok,2,2,2,3.0,1,2.0,Moderate
234,dual_opposition,wave2,14,2,7,3.5,ok,1,1,1,2.0,1,1.2,Low
235,dual_opposition,wave3,17,0,0,,no_followup,0,0,0,,0,0.0,
237,dual_balanced,wave2,14,2,14,7.0,ok,3,1,1,1.0,0,1.2,Low
239,dual_opposition,wave2,14,1,13,13.0,ok,1,1,2,1.0,1,1.2,Low
242,dual_opposition,wave2,14,0,0,,no_followup,0,0,0,,0,0.0,
251,dual_balanced,wave1,8,0,0,,no_followup,0,0,0,,0,0.0,
252,dual_nonbiased,wave2,14,1,21,21.0,ok,2,2,2,3.0,1,2.0,Moderate
253,dual_nonbiased,wave3,17,0,0,,no_followup,0,0,0,,0,0.0,
255,dual_opposition,wave3,17,0,0,,no_followup,0,0,0,,0,0.0,
256,dual_balanced,wave1,8,0,0,,no_followup,0,0,0,,0,0.0,
257,dual_opposition,wave3,17,1,29,29.0,ok,2,2,2,1.0,1,1.6,Moderate
258,dual_balanced,wave2,14,4,62,15.5,ok,3,3,2,2.0,2,2.4,Moderate
259,dual_balanced,wave1,8,1,18,18.0,ok,2,1,1,1.0,1,1.2,Low
260,dual_opposition,wave1,8,0,0,,no_followup,0,0,0,,0,0.0,
262,dual_opposition,wave3,17,1,16,16.0,ok,2,2,2,1.0,1,1.6,Moderate
263,dual_nonbiased,wave2,14,0,0,,no_followup,0,0,0,,0,0.0,
267,dual_nonbiased,wave2,14,1,16,16.0,ok,2,1,1,1.0,1,1.2,Low
270,dual_balanced,wave2,14,0,0,,no_followup,0,0,0,,0,0.0,
271,dual_opposition,wave2,14,0,0,,no_followup,0,0,0,,0,0.0,
272,dual_nonbiased,wave1,8,1,7,7.0,ok,1,1,2,1.0,1,1.2,Low
274,dual_nonbiased,wave3,17,2,16,8.0,ok,3,2,1,1.0,1,1.6,Moderate
276,dual_nonbiased,wave3,17,0,0,,no_followup,0,0,0,,0,0.0,
284,dual_nonbiased,wave1,10,0,0,,no_followup,0,0,0,,0,0.0,
286,dual_balanced,wave2,14,1,26,26.0,ok,2,2,2,2.0,1,1.8,Moderate
287,dual_opposition,wave3,17,2,140,70.0,ok,3,3,2,3.0,2,2.6,High
290,dual_nonbiased,wave3,17,1,13,13.0,ok,1,1,1,1.0,0,0.8,Low
291,dual_nonbiased,wave2,14,0,0,,no_followup,0,0,0,,0,0.0,
292,dual_opposition,wave2,14,1,60,60.0,ok,2,2,2,2.0,1,1.8,Moderate
294,dual_opposition,wave3,17,3,35,11.666666666666666,ok,3,2,2,3.0,1,2.2,Moderate
296,dual_balanced,wave2,14,1,6,6.0,ok,1,1,2,1.0,0,1.0,Low
297,dual_balanced,wave3,17,1,12,12.0,ok,1,1,1,1.0,0,0.8,Low
302,dual_nonbiased,wave3,17,2,19,9.5,ok,2,1,2,1.0,0,1.2,Low
303,dual_nonbiased,wave2,14,1,10,10.0,ok,1,1,2,3.0,2,1.8,Moderate
304,dual_opposition,wave3,17,2,16,8.0,ok,2,1,1,1.0,1,1.2,Low
305,dual_opposition,wave1,8,4,31,7.75,ok,3,2,2,3.0,1,2.2,Moderate
308,dual_balanced,wave1,10,1,9,9.0,ok,1,1,1,1.0,0,0.8,Low
309,dual_nonbiased,wave1,8,1,16,16.0,ok,2,1,2,1.0,1,1.4,Moderate
318,dual_opposition,wave1,8,0,0,,no_followup,0,0,0,,0,0.0,
319,dual_balanced,wave2,14,0,0,,no_followup,0,0,0,,0,0.0,
320,dual_balanced,wave2,14,0,0,,no_followup,0,0,0,,0,0.0,
322,dual_nonbiased,wave2,14,0,0,,no_followup,0,0,0,,0,0.0,
326,dual_nonbiased,wave1,8,0,0,,no_followup,0,0,0,,0,0.0,
328,dual_opposition,wave2,14,1,2,2.0,ok,1,0,3,0.0,2,1.2,Low
332,dual_balanced,wave3,17,0,0,,no_followup,0,0,0,,0,0.0,
333,dual_opposition,wave3,17,0,0,,no_followup,0,0,0,,0,0.0,
336,dual_nonbiased,wave2,14,1,4,4.0,ok,1,1,1,1.0,0,0.8,Low
339,dual_opposition,wave1,2,1,10,10.0,ok,1,1,1,2.0,1,1.2,Low
340,dual_opposition,wave1,6,0,0,,no_followup,0,0,0,,0,0.0,
351,dual_balanced,wave1,10,0,0,,no_followup,0,0,0,,0,0.0,
354,dual_nonbiased,wave1,10,1,18,18.0,ok,2,2,1,3.0,1,1.8,Moderate
359,dual_balanced,wave1,8,0,0,,no_followup,0,0,0,,0,0.0,
361,dual_opposition,wave1,11,1,6,6.0,ok,1,1,2,1.0,1,1.2,Low
362,dual_balanced,wave3,17,1,8,8.0,ok,1,1,1,1.0,0,0.8,Low
365,dual_balanced,wave3,17,1,15,15.0,ok,2,2,2,2.0,1,1.8,Moderate
366,dual_opposition,wave1,8,1,37,37.0,ok,2,2,2,2.0,1,1.8,Moderate
369,dual_opposition,wave1,10,0,0,,no_followup,0,0,0,,0,0.0,
370,dual_opposition,wave3,17,0,0,,no_followup,0,0,0,,0,0.0,
373,dual_balanced,wave3,17,2,75,37.5,ok,3,2,2,3.0,2,2.4,Moderate
374,dual_nonbiased,wave1,11,0,0,,no_followup,0,0,0,,0,0.0,
375,dual_balanced,wave2,14,1,14,14.0,ok,1,1,2,1.0,1,1.2,Low
377,dual_balanced,wave3,17,0,0,,no_followup,0,0,0,,0,0.0,
382,dual_nonbiased,wave1,8,0,0,,no_followup,0,0,0,,0,0.0,
383,dual_nonbiased,wave2,14,0,0,,no_followup,0,0,0,,0,0.0,
384,dual_balanced,wave2,14,1,9,9.0,ok,1,1,1,2.0,1,1.2,Low
387,dual_opposition,wave2,14,1,32,32.0,ok,2,2,2,2.0,1,1.8,Moderate
390,dual_balanced,wave2,14,1,8,8.0,ok,1,1,1,1.0,0,0.8,Low
400,dual_balanced,wave3,17,0,0,,no_followup,0,0,0,,0,0.0,
402,dual_balanced,wave3,17,1,14,14.0,ok,1,1,1,1.0,0,0.8,Low
404,dual_balanced,wave3,17,1,18,18.0,ok,2,1,3,1.0,2,1.8,Moderate
405,dual_nonbiased,wave1,8,0,0,,no_followup,0,0,0,,0,0.0,
406,dual_nonbiased,wave2,14,0,0,,no_followup,0,0,0,,0,0.0,
409,dual_opposition,wave3,17,1,23,23.0,ok,2,2,2,2.0,1,1.8,Moderate
413,dual_opposition,wave2,14,0,0,,no_followup,0,0,0,,0,0.0,
414,dual_opposition,wave2,14,4,222,55.5,ok,3,3,2,3.0,1,2.4,Moderate
418,dual_nonbiased,wave2,14,1,8,8.0,ok,1,1,1,1.0,0,0.8,Low
419,dual_balanced,wave1,8,0,0,,no_followup,0,0,0,,0,0.0,
427,dual_opposition,wave3,17,0,0,,no_followup,0,0,0,,0,0.0,
428,dual_opposition,wave3,17,0,0,,no_followup,0,0,0,,0,0.0,
429,dual_balanced,wave2,14,2,13,6.5,ok,2,1,1,2.0,0,1.2,Low
430,dual_opposition,wave3,17,0,0,,no_followup,0,0,0,,0,0.0,
433,dual_nonbiased,wave1,8,1,4,4.0,ok,1,1,3,1.0,1,1.4,Low
434,dual_balanced,wave1,8,0,0,,no_followup,0,0,0,,0,0.0,
444,dual_balanced,wave2,14,2,24,12.0,ok,2,2,2,2.0,1,1.8,Moderate
446,dual_balanced,wave3,17,2,61,30.5,ok,3,3,2,3.0,2,2.6,High
447,dual_nonbiased,wave3,17,0,0,,no_followup,0,0,0,,0,0.0,
449,dual_balanced,wave2,14,0,0,,no_followup,0,0,0,,0,0.0,
450,dual_nonbiased,wave2,14,1,12,12.0,ok,2,2,1,2.0,1,1.6,Moderate
451,dual_nonbiased,wave2,14,2,17,8.5,ok,2,1,1,1.0,0,1.0,Low
458,dual_nonbiased,wave2,14,0,0,,no_followup,0,0,0,,0,0.0,
460,dual_opposition,wave3,17,0,0,,no_followup,0,0,0,,0,0.0,
462,dual_nonbiased,wave2,14,0,0,,no_followup,0,0,0,,0,0.0,
467,dual_opposition,wave1,8,1,7,7.0,ok,1,1,1,1.0,0,0.8,Low
468,dual_opposition,wave1,8,1,14,14.0,ok,2,2,1,3.0,0,1.6,Moderate
470,dual_balanced,wave3,17,0,0,,no_followup,0,0,0,,0,0.0,
473,dual_opposition,wave2,14,0,0,,no_followup,0,0,0,,0,0.0,
478,dual_opposition,wave3,17,3,93,31.0,ok,3,3,2,3.0,3,2.8,High
480,dual_nonbiased,wave1,8,0,0,,no_followup,0,0,0,,0,0.0,
482,dual_opposition,wave1,8,0,0,,no_followup,0,0,0,,0,0.0,
485,dual_nonbiased,wave1,8,1,12,12.0,ok,2,1,2,1.0,1,1.4,Low
486,dual_opposition,wave3,17,1,22,22.0,ok,2,2,1,2.0,1,1.6,Moderate
487,dual_nonbiased,wave2,14,0,0,,no_followup,0,0,0,,0,0.0,
488,dual_nonbiased,wave3,17,0,0,,no_followup,0,0,0,,0,0.0,
489,dual_opposition,wave2,14,1,6,6.0,ok,1,1,2,1.0,1,1.2,Low
491,dual_opposition,wave2,14,1,2,2.0,ok,1,1,1,1.0,0,0.8,Low
492,dual_nonbiased,wave3,17,0,0,,no_followup,0,0,0,,0,0.0,
493,dual_balanced,wave1,8,0,0,,no_followup,0,0,0,,0,0.0,
496,dual_nonbiased,wave3,17,0,0,,no_followup,0,0,0,,0,0.0,
499,dual_nonbiased,wave3,17,1,7,7.0,ok,1,1,1,2.0,1,1.2,Low
500,dual_nonbiased,wave1,8,1,10,10.0,ok,1,1,1,1.0,0,0.8,Low
501,dual_nonbiased,wave3,17,3,90,30.0,ok,3,3,2,3.0,2,2.6,High
503,dual_opposition,wave3,17,0,0,,no_followup,0,0,0,,0,0.0,
504,dual_nonbiased,wave1,11,0,0,,no_followup,0,0,0,,0,0.0,
507,dual_balanced,wave3,17,1,7,7.0,ok,1,1,2,2.0,0,1.2,Low
508,dual_balanced,wave1,11,2,43,21.5,ok,3,3,2,3.0,1,2.4,Moderate
510,dual_balanced,wave2,14,1,9,9.0,ok,1,2,2,2.0,1,1.6,Moderate
511,dual_opposition,wave3,17,1,8,8.0,ok,1,1,1,2.0,0,1.0,Low
512,dual_balanced,wave3,17,0,0,,no_followup,0,0,0,,0,0.0,
515,dual_nonbiased,wave2,14,0,0,,no_followup,0,0,0,,0,0.0,
517,dual_opposition,wave1,11,2,23,11.5,ok,3,2,1,2.0,1,1.8,Moderate
518,dual_nonbiased,wave2,14,1,52,52.0,ok,2,3,2,3.0,1,2.2,Moderate
521,dual_opposition,wave3,17,1,56,56.0,ok,2,2,2,3.0,2,2.2,Moderate
523,dual_opposition,wave1,8,0,0,,no_followup,0,0,0,,0,0.0,
526,dual_opposition,wave3,17,0,0,,no_followup,0,0,0,,0,0.0,
527,dual_opposition,wave1,8,0,0,,no_followup,0,0,0,,0,0.0,
528,dual_opposition,wave1,8,3,18,6.0,ok,3,1,2,1.0,0,1.4,Low
529,dual_nonbiased,wave2,14,1,13,13.0,ok,1,1,1,1.0,0,0.8,Low
530,dual_nonbiased,wave3,17,1,9,9.0,ok,1,1,2,1.0,1,1.2,Low
532,dual_balanced,wave1,8,0,0,,no_followup,0,0,0,,0,0.0,
534,dual_balanced,wave1,8,1,14,14.0,ok,2,1,2,1.0,1,1.4,Low
536,dual_balanced,wave2,14,1,11,11.0,ok,1,1,1,1.0,1,1.0,Low
540,dual_balanced,wave3,17,1,30,30.0,ok,2,2,2,3.0,0,1.8,Moderate
542,dual_nonbiased,wave2,14,1,27,27.0,ok,2,2,2,2.0,1,1.8,Moderate
544,dual_balanced,wave1,10,2,30,15.0,ok,3,2,1,2.0,1,1.8,Moderate
550,dual_opposition,wave3,17,0,0,,no_followup,0,0,0,,0,0.0,
551,dual_opposition,wave1,8,0,0,,no_followup,0,0,0,,0,0.0,
553,dual_balanced,wave3,17,1,10,10.0,ok,1,1,2,1.0,0,1.0,Low
556,dual_nonbiased,wave1,6,0,0,,no_followup,0,0,0,,0,0.0,
563,dual_balanced,wave3,17,0,0,,no_followup,0,0,0,,0,0.0,
565,dual_opposition,wave3,17,1,17,17.0,ok,2,1,1,2.0,1,1.4,Low
566,dual_balanced,wave3,17,0,0,,no_followup,0,0,0,,0,0.0,
567,dual_balanced,wave3,17,2,27,13.5,ok,3,2,1,1.0,1,1.6,Moderate
569,dual_nonbiased,wave3,17,0,0,,no_followup,0,0,0,,0,0.0,
571,dual_opposition,wave3,17,1,18,18.0,ok,2,2,1,3.0,1,1.8,Moderate
577,dual_opposition,wave2,14,0,0,,no_followup,0,0,0,,0,0.0,
580,dual_opposition,wave2,14,0,0,,no_followup,0,0,0,,0,0.0,
582,dual_opposition,wave1,8,2,14,7.0,ok,1,1,2,2.0,1,1.4,Low
584,dual_balanced,wave2,14,0,0,,no_followup,0,0,0,,0,0.0,
586,dual_balanced,wave2,14,0,0,,no_followup,0,0,0,,0,0.0,
587,dual_nonbiased,wave1,8,2,12,6.0,ok,2,2,2,3.0,1,2.0,Moderate
588,dual_nonbiased,wave1,11,2,21,10.5,ok,3,2,2,1.0,1,1.8,Moderate
590,dual_opposition,wave3,17,3,52,17.333333333333332,ok,3,3,2,2.0,1,2.2,Moderate
593,dual_balanced,wave1,10,1,10,10.0,ok,1,1,1,1.0,0,0.8,Low
594,dual_nonbiased,wave1,8,1,10,10.0,ok,1,2,1,1.0,0,1.0,Low
595,dual_nonbiased,wave1,8,1,10,10.0,ok,1,1,2,1.0,0,1.0,Low
597,dual_opposition,wave2,14,0,0,,no_followup,0,0,0,,0,0.0,
601,dual_balanced,wave3,17,2,10,5.0,ok,1,1,3,1.0,2,1.6,Low
604,dual_opposition,wave3,17,0,0,,no_followup,0,0,0,,0,0.0,
608,dual_opposition,wave3,17,0,0,,no_followup,0,0,0,,0,0.0,
609,dual_balanced,wave3,17,1,8,8.0,ok,1,1,1,1.0,0,0.8,Low
610,dual_opposition,wave3,17,1,7,7.0,ok,1,2,2,2.0,1,1.6,Moderate
612,dual_balanced,wave1,6,0,0,,no_followup,0,0,0,,0,0.0,
614,dual_nonbiased,wave3,17,0,0,,no_followup,0,0,0,,0,0.0,
620,dual_opposition,wave3,17,1,2,2.0,ok,1,1,2,0.0,1,1.0,Low
621,dual_balanced,wave2,14,3,85,28.333333333333332,ok,3,3,2,3.0,3,2.8,High
622,dual_opposition,wave1,8,1,24,24.0,ok,2,2,2,1.0,1,1.6,Moderate
623,dual_balanced,wave3,17,0,0,,no_followup,0,0,0,,0,0.0,
630,dual_nonbiased,wave3,17,0,0,,no_followup,0,0,0,,0,0.0,
631,dual_nonbiased,wave1,8,1,15,15.0,ok,2,1,1,1.0,1,1.2,Low
632,dual_balanced,wave3,17,0,0,,no_followup,0,0,0,,0,0.0,
634,dual_nonbiased,wave3,17,0,0,,no_followup,0,0,0,,0,0.0,
635,dual_balanced,wave3,17,0,0,,no_followup,0,0,0,,0,0.0,
637,dual_nonbiased,wave1,6,1,3,3.0,ok,1,1,1,1.0,1,1.0,Low
638,dual_balanced,wave2,14,1,14,14.0,ok,2,1,2,1.0,1,1.4,Low
646,dual_nonbiased,wave1,8,1,13,13.0,ok,1,1,2,1.0,0,1.0,Low
649,dual_opposition,wave1,8,0,0,,no_followup,0,0,0,,0,0.0,
653,dual_balanced,wave2,14,1,10,10.0,ok,1,1,2,1.0,1,1.2,Low
654,dual_balanced,wave3,17,0,0,,no_followup,0,0,0,,0,0.0,
656,dual_nonbiased,wave3,17,0,0,,no_followup,0,0,0,,0,0.0,
658,dual_opposition,wave2,14,1,13,13.0,ok,2,2,1,1.0,0,1.2,Low
660,dual_opposition,wave2,14,1,9,9.0,ok,1,1,1,1.0,0,0.8,Low
661,dual_nonbiased,wave1,8,1,25,25.0,ok,2,3,2,3.0,1,2.2,Moderate
666,dual_opposition,wave3,17,0,0,,no_followup,0,0,0,,0,0.0,
667,dual_nonbiased,wave2,14,2,11,5.5,ok,2,1,1,1.0,0,1.0,Low
669,dual_nonbiased,wave3,17,2,16,8.0,ok,2,1,2,1.0,1,1.4,Low
672,dual_opposition,wave1,8,0,0,,no_followup,0,0,0,,0,0.0,
676,dual_opposition,wave3,17,0,0,,no_followup,0,0,0,,0,0.0,
678,dual_balanced,wave2,14,2,28,14.0,ok,2,1,2,2.0,1,1.6,Moderate
679,dual_nonbiased,wave2,14,0,0,,no_followup,0,0,0,,0,0.0,
680,dual_opposition,wave3,17,1,10,10.0,ok,1,1,1,1.0,0,0.8,Low
681,dual_balanced,wave3,17,2,66,33.0,ok,3,3,2,3.0,1,2.4,Moderate
682,dual_nonbiased,wave1,10,0,0,,no_followup,0,0,0,,0,0.0,
685,dual_nonbiased,wave2,14,2,13,6.5,ok,2,1,2,1.0,1,1.4,Low
686,dual_balanced,wave1,8,0,0,,no_followup,0,0,0,,0,0.0,
687,dual_opposition,wave1,8,2,15,7.5,ok,3,2,1,2.0,0,1.6,Moderate
688,dual_opposition,wave2,14,0,0,,no_followup,0,0,0,,0,0.0,
691,dual_opposition,wave2,14,0,0,,no_followup,0,0,0,,0,0.0,
695,dual_opposition,wave1,10,1,10,10.0,ok,1,2,2,3.0,0,1.6,Moderate
698,dual_nonbiased,wave2,14,0,0,,no_followup,0,0,0,,0,0.0,
699,dual_opposition,wave1,2,0,0,,no_followup,0,0,0,,0,0.0,
700,dual_nonbiased,wave1,8,1,12,12.0,ok,1,2,2,3.0,1,1.8,Moderate
701,dual_nonbiased,wave2,14,1,12,12.0,ok,1,1,2,1.0,0,1.0,Low
702,dual_balanced,wave2,14,1,7,7.0,ok,1,1,1,1.0,0,0.8,Low
706,dual_balanced,wave2,14,1,12,12.0,ok,1,1,1,1.0,1,1.0,Low
707,dual_opposition,wave2,14,1,14,14.0,ok,1,1,1,1.0,1,1.0,Low
710,dual_nonbiased,wave1,8,0,0,,no_followup,0,0,0,,0,0.0,
711,dual_nonbiased,wave3,17,0,0,,no_followup,0,0,0,,0,0.0,
714,dual_nonbiased,wave2,14,0,0,,no_followup,0,0,0,,0,0.0,
722,dual_balanced,wave3,17,1,15,15.0,ok,2,1,2,1.0,1,1.4,Low
723,dual_nonbiased,wave3,17,1,19,19.0,ok,2,1,2,1.0,0,1.2,Low
731,dual_opposition,wave2,14,0,0,,no_followup,0,0,0,,0,0.0,
733,dual_balanced,wave2,14,0,0,,no_followup,0,0,0,,0,0.0,
734,dual_balanced,wave1,8,0,0,,no_followup,0,0,0,,0,0.0,
739,dual_balanced,wave2,14,0,0,,no_followup,0,0,0,,0,0.0,
748,dual_nonbiased,wave2,14,1,4,4.0,ok,1,1,2,1.0,1,1.2,Low
749,dual_nonbiased,wave1,8,0,0,,no_followup,0,0,0,,0,0.0,
752,dual_opposition,wave2,14,1,15,15.0,ok,2,2,1,3.0,0,1.6,Moderate
753,dual_nonbiased,wave2,14,1,14,14.0,ok,2,2,2,1.0,1,1.6,Moderate
756,dual_balanced,wave3,17,0,0,,no_followup,0,0,0,,0,0.0,
757,dual_nonbiased,wave3,17,2,37,18.5,ok,3,2,2,2.0,1,2.0,Moderate
758,dual_nonbiased,wave2,14,3,34,11.333333333333334,ok,2,2,3,3.0,2,2.4,Moderate
760,dual_nonbiased,wave1,10,1,20,20.0,ok,2,2,2,3.0,1,2.0,Moderate
761,dual_nonbiased,wave2,14,0,0,,no_followup,0,0,0,,0,0.0,
762,dual_nonbiased,wave3,17,1,9,9.0,ok,1,1,2,2.0,1,1.4,Low
765,dual_nonbiased,wave3,17,0,0,,no_followup,0,0,0,,0,0.0,
766,dual_nonbiased,wave3,17,0,0,,no_followup,0,0,0,,0,0.0,
768,dual_balanced,wave2,14,0,0,,no_followup,0,0,0,,0,0.0,
769,dual_nonbiased,wave3,17,1,12,12.0,ok,1,1,1,1.0,0,0.8,Low
770,dual_balanced,wave3,17,0,0,,no_followup,0,0,0,,0,0.0,
771,dual_balanced,wave2,14,2,15,7.5,ok,2,2,2,2.0,1,1.8,Moderate
772,dual_opposition,wave2,14,1,42,42.0,ok,2,2,2,3.0,1,2.0,Moderate
774,dual_opposition,wave2,14,1,7,7.0,ok,1,1,1,1.0,1,1.0,Low
776,dual_opposition,wave3,17,1,4,4.0,ok,1,1,1,1.0,0,0.8,Low
777,dual_opposition,wave2,14,1,9,9.0,ok,1,1,2,1.0,1,1.2,Low
783,dual_opposition,wave3,17,4,52,13.0,ok,3,3,2,3.0,2,2.6,High
786,dual_balanced,wave3,17,0,0,,no_followup,0,0,0,,0,0.0,
787,dual_nonbiased,wave2,14,0,0,,no_followup,0,0,0,,0,0.0,
788,dual_opposition,wave3,17,0,0,,no_followup,0,0,0,,0,0.0,
798,dual_balanced,wave3,17,1,13,13.0,ok,2,2,2,2.0,1,1.8,Moderate
799,dual_opposition,wave1,10,1,12,12.0,ok,1,2,2,2.0,1,1.6,Moderate
806,dual_nonbiased,wave1,8,0,0,,no_followup,0,0,0,,0,0.0,
808,dual_balanced,wave3,17,0,0,,no_followup,0,0,0,,0,0.0,
809,dual_opposition,wave1,8,0,0,,no_followup,0,0,0,,0,0.0,
810,dual_balanced,wave2,14,1,2,2.0,ok,0,1,1,1.0,0,0.6,Low
816,dual_opposition,wave2,14,1,33,33.0,ok,2,2,2,1.0,1,1.6,Moderate
821,dual_nonbiased,wave1,8,3,137,45.666666666666664,ok,3,3,2,3.0,1,2.4,Moderate
822,dual_balanced,wave1,10,1,4,4.0,ok,1,1,2,1.0,1,1.2,Low
827,dual_opposition,wave1,8,1,4,4.0,ok,1,1,2,2.0,1,1.4,Low
828,dual_balanced,wave1,8,0,0,,no_followup,0,0,0,,0,0.0,
829,dual_balanced,wave1,8,1,14,14.0,ok,1,1,1,1.0,0,0.8,Low
832,dual_nonbiased,wave2,14,0,0,,no_followup,0,0,0,,0,0.0,
834,dual_balanced,wave2,14,2,17,8.5,ok,1,2,2,3.0,0,1.6,Moderate
837,dual_nonbiased,wave1,11,1,25,25.0,ok,2,2,2,1.0,1,1.6,Moderate
838,dual_balanced,wave3,17,1,14,14.0,ok,1,1,1,2.0,0,1.0,Low
839,dual_opposition,wave2,14,2,8,4.0,ok,1,1,1,1.0,1,1.0,Low
840,dual_opposition,wave2,14,1,21,21.0,ok,2,2,2,2.0,1,1.8,Moderate
842,dual_opposition,wave3,17,2,16,8.0,ok,2,1,1,1.0,0,1.0,Low
843,dual_nonbiased,wave3,17,1,6,6.0,ok,1,1,1,1.0,0,0.8,Low
844,dual_balanced,wave2,14,0,0,,no_followup,0,0,0,,0,0.0,
845,dual_opposition,wave2,14,1,8,8.0,ok,2,1,2,1.0,1,1.4,Low
848,dual_nonbiased,wave3,17,1,10,10.0,ok,1,1,2,2.0,1,1.4,Low
849,dual_nonbiased,wave2,14,2,20,10.0,ok,2,1,2,1.0,2,1.6,Moderate
851,dual_opposition,wave3,17,0,0,,no_followup,0,0,0,,0,0.0,
852,dual_balanced,wave3,17,0,0,,no_followup,0,0,0,,0,0.0,
853,dual_balanced,wave1,8,1,2,2.0,ok,0,1,1,2.0,0,0.8,Low
858,dual_nonbiased,wave2,14,1,6,6.0,ok,1,1,2,1.0,1,1.2,Low
859,dual_balanced,wave3,17,0,0,,no_followup,0,0,0,,0,0.0,
862,dual_opposition,wave1,2,3,25,8.333333333333334,ok,3,2,3,3.0,2,2.6,High
864,dual_opposition,wave1,11,0,0,,no_followup,0,0,0,,0,0.0,
868,dual_nonbiased,wave1,11,2,21,10.5,ok,1,1,3,1.0,2,1.6,Moderate
872,dual_opposition,wave2,14,1,5,5.0,ok,1,1,1,0.0,0,0.6,Low
875,dual_nonbiased,wave3,17,1,6,6.0,ok,1,1,1,2.0,0,1.0,Low
878,dual_nonbiased,wave3,17,1,17,17.0,ok,2,2,1,2.0,1,1.6,Moderate
879,dual_opposition,wave3,17,0,0,,no_followup,0,0,0,,0,0.0,
885,dual_nonbiased,wave2,14,0,0,,no_followup,0,0,0,,0,0.0,
886,dual_nonbiased,wave2,14,1,17,17.0,ok,2,1,2,1.0,0,1.2,Low
887,dual_balanced,wave3,17,1,13,13.0,ok,1,1,1,1.0,1,1.0,Low
891,dual_opposition,wave1,11,1,6,6.0,ok,1,1,2,1.0,0,1.0,Low
892,dual_nonbiased,wave3,17,2,41,20.5,ok,3,2,3,1.0,2,2.2,Moderate
897,dual_balanced,wave3,17,1,8,8.0,ok,1,1,1,1.0,0,0.8,Low
899,dual_opposition,wave2,14,2,40,20.0,ok,3,3,2,2.0,1,2.2,Moderate
900,dual_balanced,wave1,8,2,15,7.5,ok,2,1,2,1.0,1,1.4,Low
901,dual_balanced,wave1,11,1,7,7.0,ok,1,1,1,1.0,0,0.8,Low
904,dual_opposition,wave2,14,0,0,,no_followup,0,0,0,,0,0.0,
905,dual_balanced,wave2,14,2,27,13.5,ok,2,2,2,2.0,1,1.8,Moderate
908,dual_opposition,wave2,14,0,0,,no_followup,0,0,0,,0,0.0,
909,dual_balanced,wave2,14,1,11,11.0,ok,1,1,1,1.0,0,0.8,Low
910,dual_opposition,wave3,17,1,7,7.0,ok,1,1,1,1.0,0,0.8,Low
911,dual_nonbiased,wave2,14,0,0,,no_followup,0,0,0,,0,0.0,
912,dual_nonbiased,wave1,11,0,0,,no_followup,0,0,0,,0,0.0,
920,dual_nonbiased,wave2,14,2,84,42.0,ok,3,3,2,2.0,1,2.2,Moderate
922,dual_balanced,wave2,14,0,0,,no_followup,0,0,0,,0,0.0,
923,dual_opposition,wave2,14,1,12,12.0,ok,2,1,2,1.0,0,1.2,Low
925,dual_nonbiased,wave3,17,4,32,8.0,ok,3,2,2,3.0,1,2.2,Moderate
930,dual_nonbiased,wave2,14,1,7,7.0,ok,1,1,2,1.0,1,1.2,Low
931,dual_balanced,wave1,10,0,0,,no_followup,0,0,0,,0,0.0,
932,dual_nonbiased,wave1,11,0,0,,no_followup,0,0,0,,0,0.0,
935,dual_opposition,wave3,17,1,8,8.0,ok,1,1,2,1.0,0,1.0,Low
936,dual_balanced,wave1,8,0,0,,no_followup,0,0,0,,0,0.0,
939,dual_nonbiased,wave1,8,1,13,13.0,ok,1,1,1,1.0,0,0.8,Low
943,dual_nonbiased,wave1,8,0,0,,no_followup,0,0,0,,0,0.0,
945,dual_nonbiased,wave1,8,0,0,,no_followup,0,0,0,,0,0.0,
946,dual_opposition,wave1,8,2,26,13.0,ok,2,1,3,2.0,2,2.0,Moderate
948,dual_opposition,wave2,14,0,0,,no_followup,0,0,0,,0,0.0,
952,dual_nonbiased,wave3,17,0,0,,no_followup,0,0,0,,0,0.0,
954,dual_balanced,wave1,11,1,7,7.0,ok,1,2,1,2.0,0,1.2,Low
955,dual_opposition,wave1,10,0,0,,no_followup,0,0,0,,0,0.0,
957,dual_opposition,wave2,14,4,54,13.5,ok,3,3,2,3.0,1,2.4,Moderate
958,dual_balanced,wave1,8,1,10,10.0,ok,1,1,1,1.0,1,1.0,Low
960,dual_opposition,wave3,17,0,0,,no_followup,0,0,0,,0,0.0,
963,dual_nonbiased,wave1,8,0,0,,no_followup,0,0,0,,0,0.0,
966,dual_nonbiased,wave1,8,1,22,22.0,ok,2,1,2,1.0,1,1.4,Low
968,dual_nonbiased,wave2,14,0,0,,no_followup,0,0,0,,0,0.0,
969,dual_nonbiased,wave2,14,1,4,4.0,ok,1,0,1,0.0,0,0.4,Very Low
970,dual_opposition,wave1,11,0,0,,no_followup,0,0,0,,0,0.0,
977,dual_opposition,wave3,17,1,15,15.0,ok,2,2,1,1.0,1,1.4,Low
978,dual_nonbiased,wave2,14,1,10,10.0,ok,1,2,2,1.0,1,1.4,Low
981,dual_balanced,wave1,8,0,0,,no_followup,0,0,0,,0,0.0,
986,dual_balanced,wave1,8,0,0,,no_followup,0,0,0,,0,0.0,
990,dual_nonbiased,wave3,17,3,52,17.333333333333332,ok,3,2,2,2.0,1,2.0,Moderate
992,dual_nonbiased,wave3,17,1,7,7.0,ok,1,1,2,1.0,1,1.2,Low
997,dual_balanced,wave2,14,1,6,6.0,ok,1,1,1,1.0,0,0.8,Low
998,dual_opposition,wave2,14,2,33,16.5,ok,3,2,2,1.0,1,1.8,Moderate
1003,dual_nonbiased,wave1,8,1,49,49.0,ok,2,2,2,1.0,1,1.6,Moderate
1008,dual_opposition,wave1,11,1,10,10.0,ok,1,1,2,1.0,1,1.2,Low
1010,dual_balanced,wave2,14,1,15,15.0,ok,2,2,2,2.0,1,1.8,Moderate
1013,dual_opposition,wave1,10,1,6,6.0,ok,1,1,1,1.0,0,0.8,Low
1014,dual_nonbiased,wave2,14,0,0,,no_followup,0,0,0,,0,0.0,
1016,dual_balanced,wave2,14,1,11,11.0,ok,1,1,1,3.0,0,1.2,Low
1018,dual_nonbiased,wave2,14,1,44,44.0,ok,2,2,2,3.0,1,2.0,Moderate
1020,dual_nonbiased,wave1,10,1,10,10.0,ok,1,1,1,1.0,0,0.8,Low
1022,dual_opposition,wave3,17,1,14,14.0,ok,2,1,1,2.0,1,1.4,Low
1026,dual_nonbiased,wave2,14,1,8,8.0,ok,1,1,1,1.0,1,1.0,Low
1027,dual_balanced,wave2,14,3,35,11.666666666666666,ok,3,3,2,2.0,1,2.2,Moderate
1029,dual_balanced,wave3,17,0,0,,no_followup,0,0,0,,0,0.0,
1031,dual_balanced,wave3,17,2,28,14.0,ok,2,2,2,1.0,1,1.6,Moderate
1034,dual_nonbiased,wave3,17,2,31,15.5,ok,3,2,2,3.0,2,2.4,Moderate
1036,dual_opposition,wave1,8,0,0,,no_followup,0,0,0,,0,0.0,
1037,dual_nonbiased,wave2,14,1,6,6.0,ok,1,1,1,2.0,0,1.0,Low
1038,dual_nonbiased,wave2,14,0,0,,no_followup,0,0,0,,0,0.0,
1039,dual_opposition,wave2,14,2,12,6.0,ok,2,1,1,1.0,1,1.2,Low
1041,dual_nonbiased,wave3,17,0,0,,no_followup,0,0,0,,0,0.0,
1042,dual_nonbiased,wave3,17,1,11,11.0,ok,1,1,1,1.0,1,1.0,Low
1043,dual_nonbiased,wave3,17,1,8,8.0,ok,1,1,1,1.0,1,1.0,Low
1044,dual_opposition,wave2,14,0,0,,no_followup,0,0,0,,0,0.0,
1046,dual_opposition,wave3,17,1,9,9.0,ok,1,2,1,2.0,0,1.2,Low
1047,dual_opposition,wave1,8,0,0,,no_followup,0,0,0,,0,0.0,
1051,dual_nonbiased,wave2,14,0,0,,no_followup,0,0,0,,0,0.0,
1052,dual_balanced,wave3,17,0,0,,no_followup,0,0,0,,0,0.0,
1053,dual_balanced,wave2,14,0,0,,no_followup,0,0,0,,0,0.0,
1054,dual_nonbiased,wave2,14,2,30,15.0,ok,3,2,2,1.0,2,2.0,Moderate
1055,dual_nonbiased,wave3,17,2,38,19.0,ok,3,2,2,3.0,1,2.2,Moderate
1056,dual_balanced,wave3,17,0,0,,no_followup,0,0,0,,0,0.0,
1062,dual_opposition,wave2,14,0,0,,no_followup,0,0,0,,0,0.0,
1063,dual_balanced,wave3,17,1,6,6.0,ok,1,2,1,1.0,1,1.2,Low
1067,dual_opposition,wave3,17,0,0,,no_followup,0,0,0,,0,0.0,
1068,dual_balanced,wave1,10,1,30,30.0,ok,2,2,1,2.0,0,1.4,Low
1069,dual_nonbiased,wave3,17,0,0,,no_followup,0,0,0,,0,0.0,
1072,dual_balanced,wave1,10,0,0,,no_followup,0,0,0,,0,0.0,
1075,dual_nonbiased,wave1,8,2,25,12.5,ok,2,2,2,2.0,1,1.8,Moderate
1076,dual_nonbiased,wave3,17,2,21,10.5,ok,3,2,2,2.0,1,2.0,Moderate
1077,dual_nonbiased,wave3,17,0,0,,no_followup,0,0,0,,0,0.0,
1081,dual_opposition,wave1,10,0,0,,no_followup,0,0,0,,0,0.0,
1082,dual_balanced,wave3,17,0,0,,no_followup,0,0,0,,0,0.0,
1084,dual_balanced,wave3,17,1,28,28.0,ok,2,2,1,2.0,0,1.4,Low
1085,dual_balanced,wave3,17,0,0,,no_followup,0,0,0,,0,0.0,
1086,dual_opposition,wave1,8,2,22,11.0,ok,1,1,2,2.0,2,1.6,Moderate
1092,dual_nonbiased,wave3,17,0,0,,no_followup,0,0,0,,0,0.0,
1094,dual_opposition,wave1,8,0,0,,no_followup,0,0,0,,0,0.0,
1095,dual_opposition,wave3,17,2,26,13.0,ok,2,2,2,2.0,2,2.0,Moderate
1098,dual_nonbiased,wave1,10,1,40,40.0,ok,2,2,1,2.0,1,1.6,Moderate
1107,dual_opposition,wave1,8,1,8,8.0,ok,1,1,2,1.0,0,1.0,Low
1112,dual_opposition,wave3,17,1,22,22.0,ok,2,1,2,1.0,1,1.4,Low
1114,dual_balanced,wave3,17,1,15,15.0,ok,2,1,1,1.0,1,1.2,Low
1115,dual_nonbiased,wave1,11,1,6,6.0,ok,1,1,1,1.0,0,0.8,Low
1126,dual_nonbiased,wave3,17,1,5,5.0,ok,1,1,2,1.0,1,1.2,Low
1129,dual_opposition,wave3,17,1,9,9.0,ok,1,2,2,2.0,1,1.6,Moderate
1131,dual_balanced,wave1,10,0,0,,no_followup,0,0,0,,0,0.0,
1139,dual_opposition,wave2,14,0,0,,no_followup,0,0,0,,0,0.0,
1142,dual_balanced,wave1,2,1,14,14.0,ok,1,1,1,1.0,0,0.8,Low
1143,dual_balanced,wave3,17,1,14,14.0,ok,1,1,2,1.0,1,1.2,Low
1144,dual_opposition,wave3,17,1,40,40.0,ok,2,2,2,2.0,1,1.8,Moderate
1145,dual_nonbiased,wave1,8,1,10,10.0,ok,1,1,1,2.0,1,1.2,Low
1147,dual_nonbiased,wave3,17,1,6,6.0,ok,1,1,1,1.0,0,0.8,Low
1149,dual_opposition,wave2,14,2,88,44.0,ok,3,3,2,2.0,1,2.2,Moderate
1151,dual_opposition,wave2,14,0,0,,no_followup,0,0,0,,0,0.0,
1152,dual_nonbiased,wave1,10,1,18,18.0,ok,2,2,2,3.0,1,2.0,Moderate
1155,dual_balanced,wave2,14,3,30,10.0,ok,3,2,2,3.0,1,2.2,Moderate
1157,dual_balanced,wave2,14,0,0,,no_followup,0,0,0,,0,0.0,
1158,dual_nonbiased,wave2,14,0,0,,no_followup,0,0,0,,0,0.0,
1159,dual_opposition,wave3,17,1,9,9.0,ok,1,2,2,2.0,1,1.6,Moderate
1161,dual_opposition,wave1,6,3,46,15.333333333333334,ok,2,2,2,2.0,1,1.8,Moderate
1162,dual_opposition,wave3,17,0,0,,no_followup,0,0,0,,0,0.0,
1163,dual_balanced,wave3,17,0,0,,no_followup,0,0,0,,0,0.0,
1166,dual_nonbiased,wave1,10,2,42,21.0,ok,3,3,2,3.0,1,2.4,Moderate
1167,dual_balanced,wave1,8,0,0,,no_followup,0,0,0,,0,0.0,
1168,dual_balanced,wave2,14,0,0,,no_followup,0,0,0,,0,0.0,
1169,dual_balanced,wave3,17,1,12,12.0,ok,1,2,2,2.0,1,1.6,Moderate
1180,dual_balanced,wave1,10,1,12,12.0,ok,1,1,2,3.0,2,1.8,Moderate
1181,dual_opposition,wave3,17,0,0,,no_followup,0,0,0,,0,0.0,
1182,dual_balanced,wave3,17,1,7,7.0,ok,1,1,2,2.0,1,1.4,Low
1183,dual_balanced,wave2,14,1,13,13.0,ok,1,2,2,1.0,1,1.4,Low
1186,dual_balanced,wave2,14,0,0,,no_followup,0,0,0,,0,0.0,
1187,dual_opposition,wave1,10,0,0,,no_followup,0,0,0,,0,0.0,
1188,dual_nonbiased,wave3,17,0,0,,no_followup,0,0,0,,0,0.0,
1189,dual_balanced,wave3,17,0,0,,no_followup,0,0,0,,0,0.0,
1193,dual_nonbiased,wave3,17,1,9,9.0,ok,1,1,1,1.0,0,0.8,Low
1194,dual_balanced,wave2,14,1,15,15.0,ok,2,1,1,1.0,0,1.0,Low
1195,dual_nonbiased,wave2,14,1,10,10.0,ok,1,1,2,1.0,0,1.0,Low
1197,dual_opposition,wave3,17,0,0,,no_followup,0,0,0,,0,0.0,
1202,dual_opposition,wave1,10,0,0,,no_followup,0,0,0,,0,0.0,
1206,dual_opposition,wave3,17,0,0,,no_followup,0,0,0,,0,0.0,
1207,dual_opposition,wave3,17,0,0,,no_followup,0,0,0,,0,0.0,
1208,dual_opposition,wave2,14,1,7,7.0,ok,1,1,1,1.0,0,0.8,Low
1212,dual_opposition,wave2,14,0,0,,no_followup,0,0,0,,0,0.0,
1214,dual_opposition,wave3,17,0,0,,no_followup,0,0,0,,0,0.0,
1219,dual_balanced,wave2,14,1,25,25.0,ok,2,2,2,1.0,1,1.6,Moderate
1221,dual_opposition,wave3,17,1,28,28.0,ok,2,2,2,2.0,1,1.8,Moderate
1224,dual_opposition,wave1,8,2,69,34.5,ok,3,3,2,2.0,1,2.2,Moderate
1225,dual_balanced,wave2,14,4,20,5.0,ok,1,1,2,2.0,2,1.6,Moderate
1226,dual_balanced,wave1,6,1,11,11.0,ok,1,1,1,2.0,0,1.0,Low
1231,dual_nonbiased,wave1,8,1,17,17.0,ok,2,2,2,2.0,0,1.6,Moderate
1235,dual_opposition,wave1,8,0,0,,no_followup,0,0,0,,0,0.0,
1240,dual_balanced,wave1,11,0,0,,no_followup,0,0,0,,0,0.0,
1242,dual_nonbiased,wave2,14,0,0,,no_followup,0,0,0,,0,0.0,
1245,dual_opposition,wave3,17,1,24,24.0,ok,2,3,2,3.0,0,2.0,Moderate
1246,dual_balanced,wave2,14,0,0,,no_followup,0,0,0,,0,0.0,
1247,dual_balanced,wave3,17,1,5,5.0,ok,1,1,1,1.0,0,0.8,Low
1248,dual_nonbiased,wave1,8,1,7,7.0,ok,1,1,1,2.0,0,1.0,Low
1249,dual_opposition,wave3,17,2,18,9.0,ok,3,1,2,1.0,0,1.4,Low
1252,dual_balanced,wave2,14,2,25,12.5,ok,2,2,2,1.0,0,1.4,Low
1253,dual_nonbiased,wave3,17,1,13,13.0,ok,1,1,1,1.0,0,0.8,Low
1255,dual_opposition,wave3,17,2,29,14.5,ok,3,2,2,2.0,1,2.0,Moderate
1263,dual_balanced,wave3,17,0,0,,no_followup,0,0,0,,0,0.0,
1264,dual_nonbiased,wave1,10,1,20,20.0,ok,2,2,2,2.0,0,1.6,Moderate
1265,dual_opposition,wave2,14,0,0,,no_followup,0,0,0,,0,0.0,
1266,dual_nonbiased,wave2,14,3,43,14.333333333333334,ok,3,3,2,3.0,1,2.4,Moderate
1268,dual_opposition,wave2,14,1,19,19.0,ok,2,2,2,1.0,1,1.6,Moderate
1272,dual_nonbiased,wave2,14,2,50,25.0,ok,3,3,2,2.0,1,2.2,Moderate
1274,dual_opposition,wave1,6,2,46,23.0,ok,3,3,2,2.0,0,2.0,Moderate
1275,dual_nonbiased,wave2,14,1,13,13.0,ok,1,1,2,2.0,1,1.4,Low
1277,dual_nonbiased,wave3,17,0,0,,no_followup,0,0,0,,0,0.0,
1278,dual_balanced,wave3,17,0,0,,no_followup,0,0,0,,0,0.0,
1279,dual_balanced,wave1,8,0,0,,no_followup,0,0,0,,0,0.0,
1280,dual_opposition,wave3,17,1,7,7.0,ok,1,1,1,1.0,0,0.8,Low
1282,dual_nonbiased,wave1,8,1,12,12.0,ok,1,2,2,2.0,1,1.6,Moderate
1285,dual_opposition,wave2,14,1,14,14.0,ok,1,1,2,1.0,1,1.2,Low
1288,dual_opposition,wave2,14,3,29,9.666666666666666,ok,3,3,2,3.0,1,2.4,High
1291,dual_opposition,wave1,8,1,5,5.0,ok,1,0,2,0.0,1,0.8,Low
1292,dual_opposition,wave3,17,0,0,,no_followup,0,0,0,,0,0.0,
1293,dual_balanced,wave3,17,2,28,14.0,ok,2,2,3,2.0,2,2.2,Moderate
1295,dual_opposition,wave3,17,1,33,33.0,ok,2,2,2,1.0,1,1.6,Moderate
1297,dual_balanced,wave3,17,0,0,,no_followup,0,0,0,,0,0.0,
1299,dual_nonbiased,wave1,8,1,25,25.0,ok,2,2,2,2.0,1,1.8,Moderate
1300,dual_balanced,wave1,10,2,12,6.0,ok,1,1,1,2.0,0,1.0,Low
1301,dual_nonbiased,wave2,14,1,32,32.0,ok,2,2,2,2.0,1,1.8,Moderate
1303,dual_opposition,wave1,11,1,11,11.0,ok,1,2,2,1.0,0,1.2,Low
1304,dual_opposition,wave1,11,1,33,33.0,ok,2,2,3,3.0,2,2.4,Moderate
1305,dual_opposition,wave3,17,2,28,14.0,ok,3,2,2,2.0,1,2.0,Moderate
1310,dual_balanced,wave2,14,4,40,10.0,ok,3,2,1,1.0,0,1.4,Low
1317,dual_nonbiased,wave2,14,0,0,,no_followup,0,0,0,,0,0.0,
1319,dual_opposition,wave2,14,1,8,8.0,ok,1,1,1,1.0,1,1.0,Low
1323,dual_opposition,wave1,8,0,0,,no_followup,0,0,0,,0,0.0,
1324,dual_nonbiased,wave2,14,1,14,14.0,ok,2,2,2,2.0,1,1.8,Moderate
1325,dual_balanced,wave3,17,0,0,,no_followup,0,0,0,,0,0.0,
1326,dual_nonbiased,wave1,8,1,18,18.0,ok,2,2,1,2.0,1,1.6,Moderate
1328,dual_opposition,wave3,17,1,20,20.0,ok,2,1,1,1.0,0,1.0,Low
1330,dual_opposition,wave1,8,0,0,,no_followup,0,0,0,,0,0.0,
1331,dual_opposition,wave3,17,1,11,11.0,ok,1,2,1,2.0,0,1.2,Low
1333,dual_nonbiased,wave2,14,0,0,,no_followup,0,0,0,,0,0.0,
1334,dual_balanced,wave1,8,0,0,,no_followup,0,0,0,,0,0.0,
1339,dual_balanced,wave2,14,0,0,,no_followup,0,0,0,,0,0.0,
1340,dual_balanced,wave2,14,0,0,,no_followup,0,0,0,,0,0.0,
1345,dual_nonbiased,wave1,11,1,31,31.0,ok,2,2,2,2.0,1,1.8,Moderate
1352,dual_opposition,wave3,17,1,13,13.0,ok,1,1,1,1.0,0,0.8,Low
1353,dual_opposition,wave2,14,0,0,,no_followup,0,0,0,,0,0.0,
1356,dual_nonbiased,wave1,8,1,7,7.0,ok,1,1,1,1.0,0,0.8,Low
1357,dual_opposition,wave1,11,2,58,29.0,ok,3,2,2,1.0,2,2.0,Moderate
1360,dual_opposition,wave1,8,0,0,,no_followup,0,0,0,,0,0.0,
1361,dual_opposition,wave2,14,0,0,,no_followup,0,0,0,,0,0.0,
1367,dual_balanced,wave3,17,0,0,,no_followup,0,0,0,,0,0.0,
1368,dual_opposition,wave3,17,1,11,11.0,ok,1,1,1,1.0,0,0.8,Low
1370,dual_nonbiased,wave3,17,0,0,,no_followup,0,0,0,,0,0.0,
1372,dual_nonbiased,wave1,6,4,33,8.25,ok,3,2,2,3.0,1,2.2,High
1373,dual_nonbiased,wave1,10,0,0,,no_followup,0,0,0,,0,0.0,
1377,dual_nonbiased,wave2,14,1,11,11.0,ok,1,1,1,1.0,0,0.8,Low
1378,dual_opposition,wave3,17,1,55,55.0,ok,2,2,2,1.0,0,1.4,Low
1380,dual_nonbiased,wave3,17,1,7,7.0,ok,1,1,2,1.0,0,1.0,Low
1381,dual_opposition,wave3,17,2,26,13.0,ok,3,3,2,3.0,1,2.4,Moderate
1382,dual_nonbiased,wave1,8,0,0,,no_followup,0,0,0,,0,0.0,
1387,dual_balanced,wave1,8,1,56,56.0,ok,2,2,2,2.0,1,1.8,Moderate
1388,dual_balanced,wave3,17,1,7,7.0,ok,1,1,1,1.0,0,0.8,Low
1389,dual_opposition,wave3,17,1,14,14.0,ok,1,1,1,2.0,0,1.0,Low
1393,dual_nonbiased,wave2,14,1,28,28.0,ok,2,2,1,2.0,1,1.6,Moderate
1394,dual_nonbiased,wave1,10,0,0,,no_followup,0,0,0,,0,0.0,
1395,dual_balanced,wave2,14,0,0,,no_followup,0,0,0,,0,0.0,
1398,dual_nonbiased,wave1,8,0,0,,no_followup,0,0,0,,0,0.0,
1399,dual_nonbiased,wave3,17,1,22,22.0,ok,2,1,1,2.0,0,1.2,Low
1400,dual_balanced,wave1,8,1,17,17.0,ok,2,1,2,1.0,1,1.4,Low
1401,dual_opposition,wave1,8,0,0,,no_followup,0,0,0,,0,0.0,
1402,dual_balanced,wave3,17,2,16,8.0,ok,2,1,2,1.0,0,1.2,Low
1412,dual_nonbiased,wave3,17,1,11,11.0,ok,1,1,2,1.0,1,1.2,Low
1413,dual_opposition,wave3,17,1,6,6.0,ok,1,1,1,1.0,1,1.0,Low
1415,dual_balanced,wave2,14,1,12,12.0,ok,1,2,1,1.0,1,1.2,Low
1418,dual_nonbiased,wave2,14,0,0,,no_followup,0,0,0,,0,0.0,
1422,dual_nonbiased,wave2,14,2,26,13.0,ok,3,2,2,2.0,1,2.0,Moderate
1424,dual_balanced,wave1,10,0,0,,no_followup,0,0,0,,0,0.0,
1425,dual_balanced,wave1,8,1,14,14.0,ok,1,2,1,3.0,0,1.4,Low
1426,dual_balanced,wave2,14,0,0,,no_followup,0,0,0,,0,0.0,
1428,dual_balanced,wave3,17,0,0,,no_followup,0,0,0,,0,0.0,
1429,dual_balanced,wave1,8,0,0,,no_followup,0,0,0,,0,0.0,
1430,dual_balanced,wave3,17,2,76,38.0,ok,3,3,2,2.0,1,2.2,Moderate
1435,dual_nonbiased,wave3,17,0,0,,no_followup,0,0,0,,0,0.0,
1436,dual_balanced,wave3,17,1,21,21.0,ok,2,2,2,1.0,1,1.6,Moderate
1437,dual_opposition,wave3,17,1,15,15.0,ok,2,2,2,2.0,1,1.8,Moderate
1444,dual_opposition,wave3,17,3,93,31.0,ok,3,3,2,3.0,2,2.6,High
1445,dual_balanced,wave2,14,1,8,8.0,ok,1,1,2,1.0,0,1.0,Low
1446,dual_nonbiased,wave3,17,1,3,3.0,ok,1,1,2,1.0,0,1.0,Low
1448,dual_opposition,wave3,17,1,81,81.0,ok,2,2,1,2.0,1,1.6,Moderate
1449,dual_opposition,wave3,17,0,0,,no_followup,0,0,0,,0,0.0,
1451,dual_balanced,wave3,17,1,10,10.0,ok,1,0,2,1.0,1,1.0,Low
1454,dual_opposition,wave2,14,1,12,12.0,ok,1,1,1,2.0,0,1.0,Low
1455,dual_nonbiased,wave1,11,0,0,,no_followup,0,0,0,,0,0.0,
1459,dual_opposition,wave2,14,1,8,8.0,ok,1,1,2,2.0,1,1.4,Low
1460,dual_balanced,wave1,8,0,0,,no_followup,0,0,0,,0,0.0,
1468,dual_opposition,wave3,17,1,10,10.0,ok,1,1,2,1.0,1,1.2,Low
1471,dual_balanced,wave3,17,0,0,,no_followup,0,0,0,,0,0.0,
1474,dual_nonbiased,wave2,14,0,0,,no_followup,0,0,0,,0,0.0,
1476,dual_nonbiased,wave1,11,1,20,20.0,ok,2,2,1,2.0,0,1.4,Low
1482,dual_nonbiased,wave2,14,1,7,7.0,ok,1,1,1,1.0,1,1.0,Low
1483,dual_opposition,wave1,11,1,16,16.0,ok,2,2,2,1.0,1,1.6,Moderate
1485,dual_nonbiased,wave1,8,0,0,,no_followup,0,0,0,,0,0.0,
1486,dual_balanced,wave1,2,0,0,,no_followup,0,0,0,,0,0.0,
1487,dual_opposition,wave2,14,0,0,,no_followup,0,0,0,,0,0.0,
1489,dual_nonbiased,wave3,17,1,17,17.0,ok,2,1,3,1.0,2,1.8,Moderate
1490,dual_opposition,wave3,17,1,16,16.0,ok,2,2,2,2.0,1,1.8,Moderate
1493,dual_balanced,wave1,11,2,35,17.5,ok,3,1,1,1.0,1,1.4,Low
1495,dual_nonbiased,wave3,17,1,8,8.0,ok,1,1,2,1.0,0,1.0,Low
1496,dual_nonbiased,wave3,17,1,4,4.0,ok,1,1,1,1.0,0,0.8,Low
1497,dual_opposition,wave3,17,0,0,,no_followup,0,0,0,,0,0.0,
1499,dual_nonbiased,wave3,17,1,12,12.0,ok,1,1,1,1.0,1,1.0,Low
1500,dual_opposition,wave2,14,2,40,20.0,ok,3,2,2,3.0,1,2.2,Moderate
1501,dual_nonbiased,wave3,17,0,0,,no_followup,0,0,0,,0,0.0,
1508,dual_balanced,wave1,8,1,4,4.0,ok,0,1,1,1.0,0,0.6,Low
1509,dual_opposition,wave2,14,1,15,15.0,ok,2,2,2,1.0,0,1.4,Low
1511,dual_balanced,wave3,17,2,20,10.0,ok,2,1,1,1.0,1,1.2,Low
1512,dual_balanced,wave1,8,1,7,7.0,ok,1,1,1,1.0,0,0.8,Low
1513,dual_opposition,wave2,14,1,6,6.0,ok,1,1,1,1.0,0,0.8,Low
1515,dual_nonbiased,wave3,17,1,10,10.0,ok,1,1,2,1.0,0,1.0,Low
1516,dual_balanced,wave3,17,0,0,,no_followup,0,0,0,,0,0.0,
1518,dual_opposition,wave2,14,1,91,91.0,ok,2,2,2,3.0,1,2.0,Moderate
1519,dual_opposition,wave3,17,1,16,16.0,ok,2,2,2,2.0,1,1.8,Moderate
1521,dual_opposition,wave2,14,0,0,,no_followup,0,0,0,,0,0.0,
1528,dual_balanced,wave3,17,0,0,,no_followup,0,0,0,,0,0.0,
1534,dual_opposition,wave2,14,2,72,36.0,ok,3,3,2,3.0,1,2.4,Moderate
1536,dual_opposition,wave2,14,0,0,,no_followup,0,0,0,,0,0.0,
1538,dual_balanced,wave3,17,3,190,63.333333333333336,ok,3,3,2,3.0,2,2.6,High
1542,dual_balanced,wave2,14,1,13,13.0,ok,1,2,1,2.0,1,1.4,Low
1549,dual_opposition,wave1,8,0,0,,no_followup,0,0,0,,0,0.0,
1554,dual_nonbiased,wave2,14,0,0,,no_followup,0,0,0,,0,0.0,
1555,dual_opposition,wave2,14,0,0,,no_followup,0,0,0,,0,0.0,
1556,dual_nonbiased,wave2,14,1,25,25.0,ok,2,2,1,2.0,1,1.6,Moderate
1560,dual_balanced,wave2,14,0,0,,no_followup,0,0,0,,0,0.0,
1562,dual_nonbiased,wave3,17,1,41,41.0,ok,2,2,3,1.0,2,2.0,Moderate
1563,dual_opposition,wave2,14,1,17,17.0,ok,2,2,1,2.0,1,1.6,Moderate
1573,dual_opposition,wave1,6,0,0,,no_followup,0,0,0,,0,0.0,
1574,dual_balanced,wave3,17,1,26,26.0,ok,2,2,2,1.0,1,1.6,Moderate
1575,dual_balanced,wave2,14,0,0,,no_followup,0,0,0,,0,0.0,
1577,dual_opposition,wave2,14,0,0,,no_followup,0,0,0,,0,0.0,
1580,dual_nonbiased,wave2,14,1,53,53.0,ok,2,2,2,3.0,1,2.0,Moderate
1586,dual_balanced,wave1,8,2,43,21.5,ok,3,3,3,3.0,2,2.8,High
1589,dual_balanced,wave1,8,1,8,8.0,ok,1,1,0,0.0,1,0.6,Low
1590,dual_opposition,wave3,17,1,13,13.0,ok,1,2,2,2.0,1,1.6,Moderate
1593,dual_nonbiased,wave3,17,0,0,,no_followup,0,0,0,,0,0.0,
1595,dual_balanced,wave2,14,0,0,,no_followup,0,0,0,,0,0.0,
1596,dual_balanced,wave2,14,0,0,,no_followup,0,0,0,,0,0.0,
1597,dual_nonbiased,wave2,14,1,15,15.0,ok,2,1,1,1.0,1,1.2,Low
1598,dual_nonbiased,wave1,8,1,42,42.0,ok,2,2,2,2.0,1,1.8,Moderate
1600,dual_opposition,wave2,14,1,14,14.0,ok,2,1,0,3.0,1,1.4,Low
1602,dual_opposition,wave2,14,0,0,,no_followup,0,0,0,,0,0.0,
1603,dual_nonbiased,wave1,10,1,12,12.0,ok,1,2,2,2.0,0,1.4,Moderate
1604,dual_balanced,wave1,10,1,15,15.0,ok,2,1,2,1.0,0,1.2,Moderate
1605,dual_opposition,wave2,14,1,19,19.0,ok,2,2,1,2.0,0,1.4,Low
1606,dual_nonbiased,wave3,17,1,10,10.0,ok,1,1,1,1.0,0,0.8,Low
1615,dual_nonbiased,wave3,17,1,4,4.0,ok,1,1,1,1.0,0,0.8,Low
1617,dual_nonbiased,wave3,17,0,0,,no_followup,0,0,0,,0,0.0,
1618,dual_nonbiased,wave1,8,0,0,,no_followup,0,0,0,,0,0.0,
1625,dual_balanced,wave2,14,0,0,,no_followup,0,0,0,,0,0.0,
1626,dual_opposition,wave1,8,1,30,30.0,ok,2,2,2,3.0,0,1.8,Moderate
1627,dual_balanced,wave1,10,0,0,,no_followup,0,0,0,,0,0.0,
1628,dual_opposition,wave3,17,1,10,10.0,ok,1,1,2,1.0,0,1.0,Low
1629,dual_balanced,wave1,2,1,13,13.0,ok,1,1,2,1.0,0,1.0,Low
1630,dual_balanced,wave1,8,0,0,,no_followup,0,0,0,,0,0.0,
1637,dual_balanced,wave1,8,0,0,,no_followup,0,0,0,,0,0.0,
1638,dual_opposition,wave1,8,0,0,,no_followup,0,0,0,,0,0.0,
1639,dual_nonbiased,wave1,8,1,17,17.0,ok,2,2,2,2.0,1,1.8,Moderate
1644,dual_nonbiased,wave1,8,1,18,18.0,ok,2,1,1,1.0,0,1.0,Low
1646,dual_nonbiased,wave3,17,0,0,,no_followup,0,0,0,,0,0.0,
1647,dual_opposition,wave2,14,0,0,,no_followup,0,0,0,,0,0.0,
1648,dual_nonbiased,wave3,17,1,9,9.0,ok,1,1,1,2.0,0,1.0,Low
1650,dual_balanced,wave2,14,0,0,,no_followup,0,0,0,,0,0.0,
1651,dual_opposition,wave1,10,0,0,,no_followup,0,0,0,,0,0.0,
1654,dual_balanced,wave1,6,1,12,12.0,ok,1,1,2,1.0,1,1.2,Low
1656,dual_balanced,wave1,8,0,0,,no_followup,0,0,0,,0,0.0,
1657,dual_nonbiased,wave2,14,0,0,,no_followup,0,0,0,,0,0.0,
1661,dual_nonbiased,wave2,14,1,20,20.0,ok,2,2,2,2.0,1,1.8,Moderate
1665,dual_nonbiased,wave2,14,1,7,7.0,ok,1,1,2,1.0,0,1.0,Low
1666,dual_balanced,wave3,17,0,0,,no_followup,0,0,0,,0,0.0,
1668,dual_opposition,wave3,17,0,0,,no_followup,0,0,0,,0,0.0,
1669,dual_nonbiased,wave2,14,0,0,,no_followup,0,0,0,,0,0.0,
1673,dual_nonbiased,wave3,17,0,0,,no_followup,0,0,0,,0,0.0,
1681,dual_balanced,wave3,17,1,19,19.0,ok,2,2,2,2.0,1,1.8,Moderate
1682,dual_opposition,wave2,14,1,35,35.0,ok,2,2,2,2.0,1,1.8,Moderate
1688,dual_balanced,wave3,17,0,0,,no_followup,0,0,0,,0,0.0,
1690,dual_opposition,wave1,8,2,24,12.0,ok,2,1,2,1.0,1,1.4,Moderate
1692,dual_opposition,wave2,14,1,9,9.0,ok,1,1,2,1.0,0,1.0,Low
1694,dual_balanced,wave3,17,1,10,10.0,ok,1,1,1,2.0,1,1.2,Low
1695,dual_balanced,wave3,17,1,8,8.0,ok,1,2,2,2.0,0,1.4,Low
1697,dual_opposition,wave2,14,1,37,37.0,ok,2,2,2,2.0,1,1.8,Moderate
1698,dual_nonbiased,wave2,14,3,88,29.333333333333332,ok,3,3,1,3.0,1,2.2,Moderate
1700,dual_balanced,wave2,14,1,5,5.0,ok,1,1,2,1.0,1,1.2,Low
1701,dual_opposition,wave2,14,0,0,,no_followup,0,0,0,,0,0.0,
1705,dual_balanced,wave3,17,0,0,,no_followup,0,0,0,,0,0.0,
1706,dual_balanced,wave1,8,2,48,24.0,ok,3,3,2,3.0,1,2.4,Moderate
1708,dual_opposition,wave2,14,0,0,,no_followup,0,0,0,,0,0.0,
1709,dual_nonbiased,wave2,14,0,0,,no_followup,0,0,0,,0,0.0,
1710,dual_nonbiased,wave2,14,0,0,,no_followup,0,0,0,,0,0.0,
1713,dual_balanced,wave2,14,0,0,,no_followup,0,0,0,,0,0.0,
1715,dual_opposition,wave1,8,0,0,,no_followup,0,0,0,,0,0.0,
1716,dual_nonbiased,wave3,17,0,0,,no_followup,0,0,0,,0,0.0,
1719,dual_opposition,wave2,14,1,10,10.0,ok,1,1,1,1.0,0,0.8,Low
1723,dual_nonbiased,wave1,8,3,39,13.0,ok,3,1,2,1.0,1,1.6,Moderate
1725,dual_balanced,wave3,17,3,198,66.0,ok,3,3,2,3.0,2,2.6,High
1729,dual_balanced,wave1,8,0,0,,no_followup,0,0,0,,0,0.0,
1734,dual_balanced,wave2,14,0,0,,no_followup,0,0,0,,0,0.0,
1736,dual_opposition,wave3,17,1,51,51.0,ok,2,2,2,3.0,1,2.0,Moderate
1737,dual_nonbiased,wave3,17,1,7,7.0,ok,1,1,2,1.0,1,1.2,Low
1739,dual_nonbiased,wave1,8,0,0,,no_followup,0,0,0,,0,0.0,
1740,dual_nonbiased,wave3,17,0,0,,no_followup,0,0,0,,0,0.0,
1741,dual_opposition,wave3,17,0,0,,no_followup,0,0,0,,0,0.0,
1742,dual_nonbiased,wave2,14,1,23,23.0,ok,2,2,2,1.0,1,1.6,Moderate
1745,dual_opposition,wave1,10,4,53,13.25,ok,3,2,1,1.0,1,1.6,Moderate
1747,dual_opposition,wave2,14,0,0,,no_followup,0,0,0,,0,0.0,
1749,dual_balanced,wave2,14,4,36,9.0,ok,3,2,2,2.0,1,2.0,Moderate
1750,dual_opposition,wave2,14,0,0,,no_followup,0,0,0,,0,0.0,
1751,dual_nonbiased,wave2,14,0,0,,no_followup,0,0,0,,0,0.0,
1753,dual_opposition,wave3,17,0,0,,no_followup,0,0,0,,0,0.0,
1754,dual_opposition,wave3,17,1,4,4.0,ok,1,1,2,1.0,0,1.0,Low
1755,dual_opposition,wave1,8,2,20,10.0,ok,2,1,2,1.0,1,1.4,Low
1757,dual_opposition,wave1,8,1,12,12.0,ok,1,2,2,1.0,0,1.2,Low
1758,dual_balanced,wave1,8,1,11,11.0,ok,1,2,1,2.0,0,1.2,Low
1759,dual_opposition,wave1,10,2,40,20.0,ok,3,2,2,2.0,1,2.0,Moderate
1760,dual_balanced,wave2,14,1,16,16.0,ok,2,1,1,1.0,0,1.0,Low
1765,dual_balanced,wave2,14,0,0,,no_followup,0,0,0,,0,0.0,
1769,dual_opposition,wave1,10,1,15,15.0,ok,2,2,2,1.0,1,1.6,Moderate
1770,dual_opposition,wave1,8,0,0,,no_followup,0,0,0,,0,0.0,
1771,dual_opposition,wave2,14,0,0,,no_followup,0,0,0,,0,0.0,
1777,dual_balanced,wave3,17,2,20,10.0,ok,2,2,2,3.0,2,2.2,Moderate
1780,dual_opposition,wave1,10,2,17,8.5,ok,3,1,1,1.0,0,1.2,Low
1783,dual_balanced,wave3,17,1,11,11.0,ok,1,1,1,1.0,0,0.8,Low
1788,dual_balanced,wave3,17,1,5,5.0,ok,1,1,1,1.0,0,0.8,Low
1790,dual_balanced,wave3,17,1,14,14.0,ok,2,2,2,2.0,1,1.8,Moderate
1794,dual_balanced,wave2,14,0,0,,no_followup,0,0,0,,0,0.0,
1798,dual_balanced,wave2,14,1,15,15.0,ok,2,2,2,1.0,1,1.6,Moderate
1799,dual_balanced,wave3,17,1,9,9.0,ok,1,1,1,1.0,1,1.0,Low
1803,dual_balanced,wave1,8,2,53,26.5,ok,3,2,2,2.0,1,2.0,Moderate
1806,dual_balanced,wave2,14,0,0,,no_followup,0,0,0,,0,0.0,
1807,dual_nonbiased,wave2,14,1,7,7.0,ok,1,1,1,1.0,0,0.8,Low
1810,dual_nonbiased,wave3,17,4,104,26.0,ok,3,3,3,3.0,3,3.0,High
1812,dual_opposition,wave3,17,1,19,19.0,ok,2,1,1,1.0,1,1.2,Low
1814,dual_opposition,wave2,14,0,0,,no_followup,0,0,0,,0,0.0,
1815,dual_opposition,wave3,17,2,29,14.5,ok,2,1,2,1.0,0,1.2,Low
1818,dual_balanced,wave3,17,1,9,9.0,ok,1,1,1,1.0,0,0.8,Low
1819,dual_opposition,wave1,8,0,0,,no_followup,0,0,0,,0,0.0,
1820,dual_balanced,wave2,14,1,4,4.0,ok,1,1,2,1.0,1,1.2,Low
1822,dual_balanced,wave2,14,1,29,29.0,ok,2,2,2,3.0,1,2.0,Moderate
1824,dual_opposition,wave1,11,0,0,,no_followup,0,0,0,,0,0.0,
1826,dual_balanced,wave2,14,1,26,26.0,ok,2,2,2,2.0,1,1.8,Moderate
1828,dual_opposition,wave3,17,2,37,18.5,ok,2,2,3,1.0,2,2.0,Moderate
1832,dual_balanced,wave3,17,1,6,6.0,ok,1,1,2,0.0,0,0.8,Low
1833,dual_balanced,wave2,14,0,0,,no_followup,0,0,0,,0,0.0,
1834,dual_balanced,wave1,8,0,0,,no_followup,0,0,0,,0,0.0,
1836,dual_opposition,wave3,17,1,12,12.0,ok,1,2,1,2.0,0,1.2,Low
1840,dual_opposition,wave3,17,1,9,9.0,ok,1,1,2,1.0,0,1.0,Low
1847,dual_balanced,wave3,17,1,7,7.0,ok,1,1,2,1.0,0,1.0,Low
1850,dual_opposition,wave3,17,2,22,11.0,ok,2,2,2,1.0,1,1.6,Moderate
1852,dual_nonbiased,wave1,10,1,12,12.0,ok,1,2,2,1.0,1,1.4,Low
1855,dual_opposition,wave3,17,1,19,19.0,ok,2,2,2,2.0,1,1.8,Moderate
1856,dual_balanced,wave1,10,0,0,,no_followup,0,0,0,,0,0.0,
1859,dual_nonbiased,wave2,14,2,28,14.0,ok,3,2,2,2.0,1,2.0,Moderate
1860,dual_nonbiased,wave1,8,1,9,9.0,ok,1,1,1,1.0,1,1.0,Low
1861,dual_balanced,wave1,8,0,0,,no_followup,0,0,0,,0,0.0,
1863,dual_opposition,wave3,17,2,15,7.5,ok,2,1,1,1.0,0,1.0,Low
1865,dual_opposition,wave1,11,2,30,15.0,ok,2,2,1,1.0,0,1.2,Low
1867,dual_balanced,wave3,17,0,0,,no_followup,0,0,0,,0,0.0,
1868,dual_nonbiased,wave1,8,1,8,8.0,ok,1,1,1,1.0,0,0.8,Low
1874,dual_opposition,wave1,11,2,40,20.0,ok,3,3,2,2.0,1,2.2,Moderate
1875,dual_nonbiased,wave2,14,2,17,8.5,ok,2,1,2,1.0,1,1.4,Low
1877,dual_opposition,wave2,14,4,39,9.75,ok,3,2,1,1.0,0,1.4,Low
1878,dual_opposition,wave3,17,1,19,19.0,ok,1,1,1,1.0,0,0.8,Low
1879,dual_opposition,wave2,14,4,186,46.5,ok,3,3,3,3.0,2,2.8,High
1882,dual_nonbiased,wave1,10,0,0,,no_followup,0,0,0,,0,0.0,
1889,dual_nonbiased,wave1,8,1,9,9.0,ok,1,1,2,1.0,0,1.0,Low
1894,dual_nonbiased,wave2,14,0,0,,no_followup,0,0,0,,0,0.0,
1900,dual_balanced,wave3,17,2,23,11.5,ok,2,2,2,2.0,0,1.6,Moderate
1907,dual_balanced,wave1,11,0,0,,no_followup,0,0,0,,0,0.0,
1908,dual_balanced,wave3,17,0,0,,no_followup,0,0,0,,0,0.0,
1909,dual_balanced,wave1,8,4,46,11.5,ok,3,3,2,2.0,2,2.4,Moderate
1912,dual_balanced,wave3,17,0,0,,no_followup,0,0,0,,0,0.0,
1915,dual_opposition,wave2,14,1,5,5.0,ok,1,0,3,0.0,2,1.2,Low
1916,dual_nonbiased,wave2,14,1,29,29.0,ok,2,2,2,3.0,1,2.0,Moderate
1921,dual_balanced,wave1,6,1,15,15.0,ok,2,2,1,1.0,1,1.4,Low
1922,dual_opposition,wave3,17,1,24,24.0,ok,2,2,1,3.0,1,1.8,Moderate
1924,dual_nonbiased,wave1,2,0,0,,no_followup,0,0,0,,0,0.0,
1926,dual_nonbiased,wave3,17,0,0,,no_followup,0,0,0,,0,0.0,
1927,dual_nonbiased,wave2,14,1,23,23.0,ok,2,2,2,1.0,1,1.6,Moderate
1928,dual_opposition,wave2,14,4,53,13.25,ok,3,2,2,3.0,1,2.2,Moderate
1934,dual_balanced,wave2,14,2,69,34.5,ok,3,3,2,3.0,2,2.6,High
1935,dual_opposition,wave3,17,1,14,14.0,ok,1,1,2,1.0,1,1.2,Low
1938,dual_opposition,wave2,14,0,0,,no_followup,0,0,0,,0,0.0,
1939,dual_nonbiased,wave1,10,0,0,,no_followup,0,0,0,,0,0.0,
1943,dual_balanced,wave1,8,0,0,,no_followup,0,0,0,,0,0.0,
1948,dual_balanced,wave1,10,1,7,7.0,ok,1,1,1,1.0,1,1.0,Low
1950,dual_nonbiased,wave3,17,0,0,,no_followup,0,0,0,,0,0.0,
1951,dual_nonbiased,wave2,14,0,0,,no_followup,0,0,0,,0,0.0,
1953,dual_balanced,wave1,8,0,0,,no_followup,0,0,0,,0,0.0,
1957,dual_balanced,wave2,14,0,0,,no_followup,0,0,0,,0,0.0,
1958,dual_opposition,wave2,14,1,8,8.0,ok,1,1,1,1.0,0,0.8,Low
1960,dual_balanced,wave2,14,1,7,7.0,ok,1,1,2,0.0,0,0.8,Low
1961,dual_nonbiased,wave3,17,3,23,7.666666666666667,ok,3,2,2,2.0,1,2.0,Moderate
1962,dual_nonbiased,wave2,14,0,0,,no_followup,0,0,0,,0,0.0,
1965,dual_nonbiased,wave1,11,1,11,11.0,ok,1,2,2,1.0,0,1.2,Low
1969,dual_nonbiased,wave1,8,1,2,2.0,ok,0,0,1,0.0,0,0.2,Very Low
1970,dual_nonbiased,wave2,14,1,18,18.0,ok,2,1,2,1.0,0,1.2,Low
1973,dual_nonbiased,wave2,14,0,0,,no_followup,0,0,0,,0,0.0,
1975,dual_nonbiased,wave3,17,1,6,6.0,ok,1,1,2,1.0,0,1.0,Low
1976,dual_balanced,wave2,14,1,3,3.0,ok,1,1,1,1.0,0,0.8,Low
1978,dual_balanced,wave1,8,0,0,,no_followup,0,0,0,,0,0.0,
1981,dual_opposition,wave1,8,3,30,10.0,ok,3,2,2,1.0,0,1.6,Moderate
1982,dual_balanced,wave3,17,0,0,,no_followup,0,0,0,,0,0.0,
1985,dual_nonbiased,wave1,8,1,15,15.0,ok,2,2,2,2.0,0,1.6,Moderate
1988,dual_balanced,wave2,14,1,7,7.0,ok,1,1,1,1.0,0,0.8,Low
1990,dual_opposition,wave2,14,0,0,,no_followup,0,0,0,,0,0.0,
1994,dual_opposition,wave1,8,2,17,8.5,ok,2,1,2,1.0,1,1.4,Low
1998,dual_opposition,wave1,11,2,81,40.5,ok,3,3,2,3.0,1,2.4,Moderate
2002,dual_opposition,wave2,14,0,0,,no_followup,0,0,0,,0,0.0,
2003,dual_balanced,wave1,8,0,0,,no_followup,0,0,0,,0,0.0,
2004,dual_nonbiased,wave3,17,0,0,,no_followup,0,0,0,,0,0.0,
2007,dual_balanced,wave1,8,0,0,,no_followup,0,0,0,,0,0.0,
2009,dual_nonbiased,wave3,17,2,32,16.0,ok,2,2,2,2.0,1,1.8,Moderate
2012,dual_opposition,wave2,14,0,0,,no_followup,0,0,0,,0,0.0,
2013,dual_balanced,wave2,14,1,21,21.0,ok,2,2,1,3.0,1,1.8,Moderate
2015,dual_opposition,wave3,17,0,0,,no_followup,0,0,0,,0,0.0,
2018,dual_nonbiased,wave3,17,0,0,,no_followup,0,0,0,,0,0.0,
2021,dual_balanced,wave2,14,1,13,13.0,ok,1,1,1,1.0,0,0.8,Low
2024,dual_opposition,wave2,14,1,29,29.0,ok,2,2,1,3.0,0,1.6,Moderate
2026,dual_opposition,wave2,14,4,53,13.25,ok,3,3,2,1.0,1,2.0,Moderate
2027,dual_balanced,wave1,10,4,107,26.75,ok,3,3,1,2.0,1,2.0,Moderate
2029,dual_balanced,wave2,14,1,18,18.0,ok,2,2,2,2.0,1,1.8,Moderate
2033,dual_balanced,wave3,17,1,18,18.0,ok,2,2,2,2.0,1,1.8,Moderate
2034,dual_balanced,wave1,8,0,0,,no_followup,0,0,0,,0,0.0,
2038,dual_opposition,wave3,17,0,0,,no_followup,0,0,0,,0,0.0,
2043,dual_balanced,wave2,14,1,8,8.0,ok,1,2,2,1.0,0,1.2,Low
2044,dual_opposition,wave1,11,0,0,,no_followup,0,0,0,,0,0.0,
2045,dual_nonbiased,wave2,14,0,0,,no_followup,0,0,0,,0,0.0,
2046,dual_opposition,wave2,14,1,13,13.0,ok,1,1,1,1.0,1,1.0,Low
2048,dual_balanced,wave1,8,0,0,,no_followup,0,0,0,,0,0.0,
2054,dual_nonbiased,wave2,14,1,4,4.0,ok,1,1,1,1.0,0,0.8,Low
2055,dual_balanced,wave3,17,1,12,12.0,ok,1,1,1,1.0,1,1.0,Low
2058,dual_nonbiased,wave1,10,2,36,18.0,ok,3,3,2,2.0,1,2.2,Moderate
2059,dual_nonbiased,wave1,8,3,84,28.0,ok,3,3,2,1.0,3,2.4,Moderate
2067,dual_opposition,wave3,17,0,0,,no_followup,0,0,0,,0,0.0,
2070,dual_opposition,wave3,17,1,21,21.0,ok,2,2,2,1.0,1,1.6,Moderate
2074,dual_opposition,wave3,17,0,0,,no_followup,0,0,0,,0,0.0,
2079,dual_balanced,wave2,14,0,0,,no_followup,0,0,0,,0,0.0,
2080,dual_nonbiased,wave3,17,2,38,19.0,ok,3,2,2,2.0,1,2.0,Moderate
2081,dual_nonbiased,wave1,10,0,0,,no_followup,0,0,0,,0,0.0,
2082,dual_nonbiased,wave2,14,1,5,5.0,ok,1,1,1,0.0,0,0.6,Low
2083,dual_opposition,wave2,14,0,0,,no_followup,0,0,0,,0,0.0,
2084,dual_balanced,wave3,17,0,0,,no_followup,0,0,0,,0,0.0,
2085,dual_nonbiased,wave3,17,0,0,,no_followup,0,0,0,,0,0.0,
2086,dual_opposition,wave3,17,1,8,8.0,ok,1,1,1,2.0,0,1.0,Low
2089,dual_opposition,wave1,10,2,60,30.0,ok,3,2,2,3.0,3,2.6,High
2092,dual_balanced,wave3,17,2,18,9.0,ok,2,2,2,1.0,1,1.6,Moderate
2095,dual_nonbiased,wave3,17,0,0,,no_followup,0,0,0,,0,0.0,
2098,dual_nonbiased,wave1,11,1,18,18.0,ok,2,2,1,2.0,1,1.6,Moderate
2101,dual_opposition,wave1,8,1,15,15.0,ok,2,2,2,1.0,1,1.6,Moderate
2105,dual_nonbiased,wave2,14,0,0,,no_followup,0,0,0,,0,0.0,
2111,dual_nonbiased,wave2,14,1,25,25.0,ok,2,1,2,2.0,1,1.6,Moderate
2114,dual_balanced,wave1,11,1,18,18.0,ok,2,2,2,2.0,1,1.8,Moderate
2120,dual_balanced,wave1,8,0,0,,no_followup,0,0,0,,0,0.0,
2127,dual_balanced,wave2,14,2,52,26.0,ok,3,3,2,3.0,2,2.6,High
2129,dual_opposition,wave3,17,1,5,5.0,ok,1,1,1,1.0,1,1.0,Low
2131,dual_nonbiased,wave1,8,0,0,,no_followup,0,0,0,,0,0.0,
2138,dual_nonbiased,wave1,8,3,49,16.333333333333332,ok,3,3,2,2.0,1,2.2,Moderate
2144,dual_balanced,wave1,8,1,15,15.0,ok,2,1,1,1.0,0,1.0,Low
2146,dual_opposition,wave1,10,1,18,18.0,ok,2,2,2,1.0,1,1.6,Moderate
2147,dual_balanced,wave1,10,1,14,14.0,ok,2,2,1,1.0,1,1.4,Low
2148,dual_nonbiased,wave1,10,1,24,24.0,ok,2,2,2,3.0,1,2.0,Moderate
2150,dual_nonbiased,wave3,17,1,26,26.0,ok,2,3,2,3.0,1,2.2,Moderate
2152,dual_opposition,wave2,14,0,0,,no_followup,0,0,0,,0,0.0,
2154,dual_balanced,wave1,11,1,7,7.0,ok,1,1,1,1.0,0,0.8,Low
2155,dual_balanced,wave1,10,0,0,,no_followup,0,0,0,,0,0.0,
2156,dual_nonbiased,wave3,17,0,0,,no_followup,0,0,0,,0,0.0,
2158,dual_balanced,wave2,14,0,0,,no_followup,0,0,0,,0,0.0,
2159,dual_nonbiased,wave2,14,0,0,,no_followup,0,0,0,,0,0.0,
2160,dual_opposition,wave3,17,0,0,,no_followup,0,0,0,,0,0.0,
2162,dual_nonbiased,wave1,6,4,108,27.0,ok,3,3,2,3.0,3,2.8,High
2163,dual_nonbiased,wave2,14,1,10,10.0,ok,1,1,1,1.0,0,0.8,Low
2164,dual_balanced,wave2,14,0,0,,no_followup,0,0,0,,0,0.0,
2165,dual_nonbiased,wave2,14,4,210,52.5,ok,3,3,2,3.0,3,2.8,High
2168,dual_nonbiased,wave2,14,0,0,,no_followup,0,0,0,,0,0.0,
2171,dual_balanced,wave1,6,0,0,,no_followup,0,0,0,,0,0.0,
2174,dual_opposition,wave3,17,0,0,,no_followup,0,0,0,,0,0.0,
2177,dual_nonbiased,wave2,14,0,0,,no_followup,0,0,0,,0,0.0,
2178,dual_balanced,wave3,17,0,0,,no_followup,0,0,0,,0,0.0,
2180,dual_nonbiased,wave1,8,1,9,9.0,ok,1,1,1,1.0,0,0.8,Low
2181,dual_opposition,wave3,17,1,39,39.0,ok,2,2,2,3.0,1,2.0,Moderate
2184,dual_balanced,wave3,17,0,0,,no_followup,0,0,0,,0,0.0,
2186,dual_nonbiased,wave1,8,1,7,7.0,ok,1,1,1,1.0,0,0.8,Low
2191,dual_balanced,wave3,17,2,22,11.0,ok,2,1,1,2.0,1,1.4,Low
2193,dual_balanced,wave2,14,0,0,,no_followup,0,0,0,,0,0.0,
2195,dual_balanced,wave1,8,0,0,,no_followup,0,0,0,,0,0.0,
2197,dual_opposition,wave2,14,0,0,,no_followup,0,0,0,,0,0.0,
2198,dual_opposition,wave2,14,0,0,,no_followup,0,0,0,,0,0.0,
2199,dual_balanced,wave3,17,1,43,43.0,ok,2,3,2,2.0,1,2.0,Moderate
2201,dual_nonbiased,wave3,17,0,0,,no_followup,0,0,0,,0,0.0,
2202,dual_balanced,wave3,17,0,0,,no_followup,0,0,0,,0,0.0,
2206,dual_balanced,wave2,14,0,0,,no_followup,0,0,0,,0,0.0,
2207,dual_balanced,wave1,8,1,5,5.0,ok,1,1,2,2.0,0,1.2,Low
2209,dual_nonbiased,wave2,14,0,0,,no_followup,0,0,0,,0,0.0,
2210,dual_nonbiased,wave2,14,1,13,13.0,ok,1,1,1,1.0,1,1.0,Low
2211,dual_opposition,wave3,17,0,0,,no_followup,0,0,0,,0,0.0,
2212,dual_opposition,wave2,14,1,17,17.0,ok,2,2,2,3.0,1,2.0,Moderate
2213,dual_balanced,wave1,6,0,0,,no_followup,0,0,0,,0,0.0,
2215,dual_balanced,wave1,8,0,0,,no_followup,0,0,0,,0,0.0,
2216,dual_opposition,wave2,14,0,0,,no_followup,0,0,0,,0,0.0,
2218,dual_opposition,wave1,8,0,0,,no_followup,0,0,0,,0,0.0,
2221,dual_balanced,wave2,14,0,0,,no_followup,0,0,0,,0,0.0,
2229,dual_nonbiased,wave3,17,1,15,15.0,ok,2,1,2,0.0,1,1.2,Low
2230,dual_nonbiased,wave3,17,2,47,23.5,ok,3,2,2,3.0,1,2.2,Moderate
2232,dual_nonbiased,wave3,17,2,84,42.0,ok,3,3,2,2.0,1,2.2,Moderate
2234,dual_nonbiased,wave1,8,2,23,11.5,ok,2,1,3,2.0,2,2.0,Moderate
2238,dual_nonbiased,wave3,17,1,8,8.0,ok,0,1,1,1.0,0,0.6,Low
2240,dual_nonbiased,wave2,14,0,0,,no_followup,0,0,0,,0,0.0,
2242,dual_opposition,wave1,8,0,0,,no_followup,0,0,0,,0,0.0,
2243,dual_opposition,wave1,8,1,16,16.0,ok,2,2,2,1.0,0,1.4,Low
2246,dual_nonbiased,wave1,10,4,64,16.0,ok,3,2,2,2.0,1,2.0,Moderate
2247,dual_nonbiased,wave2,14,2,32,16.0,ok,2,1,3,1.0,2,1.8,Moderate
2250,dual_opposition,wave2,14,0,0,,no_followup,0,0,0,,0,0.0,
2251,dual_opposition,wave2,14,3,105,35.0,ok,3,3,2,1.0,1,2.0,Moderate
2257,dual_balanced,wave1,10,0,0,,no_followup,0,0,0,,0,0.0,
2260,dual_opposition,wave1,10,0,0,,no_followup,0,0,0,,0,0.0,
2263,dual_balanced,wave1,8,0,0,,no_followup,0,0,0,,0,0.0,
2265,dual_nonbiased,wave1,10,0,0,,no_followup,0,0,0,,0,0.0,
2266,dual_nonbiased,wave3,17,2,8,4.0,ok,2,1,2,1.0,1,1.4,Low
2267,dual_opposition,wave1,8,1,6,6.0,ok,2,1,2,1.0,1,1.4,Moderate
2268,dual_balanced,wave3,17,0,0,,no_followup,0,0,0,,0,0.0,
2269,dual_opposition,wave2,14,1,12,12.0,ok,1,1,1,1.0,0,0.8,Low
2270,dual_nonbiased,wave3,17,2,4,2.0,ok,2,1,1,1.0,1,1.2,Low
2278,dual_nonbiased,wave1,11,0,0,,no_followup,0,0,0,,0,0.0,
2280,dual_opposition,wave3,17,0,0,,no_followup,0,0,0,,0,0.0,
2283,dual_balanced,wave3,17,2,28,14.0,ok,3,3,2,2.0,1,2.2,Moderate
2286,dual_nonbiased,wave2,14,0,0,,no_followup,0,0,0,,0,0.0,
2289,dual_opposition,wave1,8,1,22,22.0,ok,2,2,2,2.0,1,1.8,Moderate
2290,dual_opposition,wave2,14,1,14,14.0,ok,2,2,1,2.0,0,1.4,Low
2292,dual_balanced,wave2,14,1,11,11.0,ok,1,1,1,1.0,0,0.8,Low
2295,dual_opposition,wave2,14,2,15,7.5,ok,2,2,2,2.0,1,1.8,Moderate
2296,dual_balanced,wave3,17,0,0,,no_followup,0,0,0,,0,0.0,
2297,dual_balanced,wave2,14,2,32,16.0,ok,3,2,1,3.0,1,2.0,Moderate
2298,dual_balanced,wave2,14,0,0,,no_followup,0,0,0,,0,0.0,
2299,dual_nonbiased,wave3,17,0,0,,no_followup,0,0,0,,0,0.0,
2302,dual_nonbiased,wave1,8,1,16,16.0,ok,2,1,1,1.0,0,1.0,Low
2304,dual_opposition,wave3,17,0,0,,no_followup,0,0,0,,0,0.0,
2306,dual_balanced,wave3,17,0,0,,no_followup,0,0,0,,0,0.0,
2308,dual_nonbiased,wave2,14,0,0,,no_followup,0,0,0,,0,0.0,
2309,dual_opposition,wave1,8,0,0,,no_followup,0,0,0,,0,0.0,
2311,dual_nonbiased,wave3,17,1,9,9.0,ok,1,1,2,1.0,1,1.2,Low
2313,dual_opposition,wave2,14,0,0,,no_followup,0,0,0,,0,0.0,
2315,dual_nonbiased,wave3,17,2,13,6.5,ok,2,1,1,1.0,0,1.0,Low
2319,dual_opposition,wave3,17,2,43,21.5,ok,2,3,2,2.0,1,2.0,Moderate
2321,dual_opposition,wave3,17,0,0,,no_followup,0,0,0,,0,0.0,
2323,dual_balanced,wave1,11,1,15,15.0,ok,2,2,1,2.0,0,1.4,Low
2324,dual_opposition,wave2,14,1,18,18.0,ok,2,2,2,2.0,1,1.8,Moderate
2326,dual_nonbiased,wave2,14,0,0,,no_followup,0,0,0,,0,0.0,
2329,dual_opposition,wave1,10,1,46,46.0,ok,2,3,2,2.0,1,2.0,Moderate
2334,dual_balanced,wave2,14,1,9,9.0,ok,1,1,1,1.0,1,1.0,Low
2339,dual_opposition,wave1,11,1,9,9.0,ok,1,1,1,1.0,0,0.8,Low
2340,dual_opposition,wave2,14,3,28,9.333333333333334,ok,2,2,1,2.0,1,1.6,Moderate
2343,dual_balanced,wave3,17,0,0,,no_followup,0,0,0,,0,0.0,
2345,dual_nonbiased,wave2,14,1,28,28.0,ok,2,2,2,1.0,1,1.6,Moderate
2350,dual_nonbiased,wave2,14,0,0,,no_followup,0,0,0,,0,0.0,
2351,dual_opposition,wave1,8,0,0,,no_followup,0,0,0,,0,0.0,
2353,dual_nonbiased,wave2,14,0,0,,no_followup,0,0,0,,0,0.0,
2354,dual_opposition,wave3,17,0,0,,no_followup,0,0,0,,0,0.0,
2355,dual_nonbiased,wave1,8,1,7,7.0,ok,1,1,1,1.0,0,0.8,Low
2356,dual_nonbiased,wave3,17,0,0,,no_followup,0,0,0,,0,0.0,
2357,dual_opposition,wave1,8,0,0,,no_followup,0,0,0,,0,0.0,
2363,dual_balanced,wave1,11,1,13,13.0,ok,1,1,2,2.0,1,1.4,Low
2364,dual_opposition,wave2,14,0,0,,no_followup,0,0,0,,0,0.0,
2368,dual_nonbiased,wave3,17,0,0,,no_followup,0,0,0,,0,0.0,
2370,dual_nonbiased,wave1,11,1,13,13.0,ok,1,1,2,2.0,1,1.4,Low
2371,dual_balanced,wave2,14,4,50,12.5,ok,3,2,1,2.0,1,1.8,Moderate
2373,dual_nonbiased,wave3,17,0,0,,no_followup,0,0,0,,0,0.0,
2375,dual_balanced,wave3,17,0,0,,no_followup,0,0,0,,0,0.0,
2377,dual_nonbiased,wave1,6,2,13,6.5,ok,1,1,2,1.0,1,1.2,Low
2379,dual_nonbiased,wave3,17,0,0,,no_followup,0,0,0,,0,0.0,
2381,dual_opposition,wave2,14,0,0,,no_followup,0,0,0,,0,0.0,
2387,dual_opposition,wave1,8,1,5,5.0,ok,1,1,1,1.0,0,0.8,Low
2391,dual_nonbiased,wave3,17,0,0,,no_followup,0,0,0,,0,0.0,
2393,dual_nonbiased,wave1,8,1,15,15.0,ok,2,1,2,1.0,1,1.4,Low
2394,dual_nonbiased,wave1,6,4,34,8.5,ok,3,2,2,2.0,1,2.0,Moderate
2398,dual_opposition,wave3,17,2,34,17.0,ok,3,3,3,3.0,3,3.0,High
2404,dual_opposition,wave1,8,2,21,10.5,ok,3,2,2,2.0,1,2.0,Moderate
