participantId,Age_enc,Sex_enc,work_in_finance_enc,invest_own_score,first_invest_time_enc,trade_freq_12m_enc,news_follow_freq_enc,risk_pref_score,time_preference_switch,fin_lit_score,fin_lit_selfassess_1_enc,fin_overconfidence_1_enc,portfolio_confidence_1_enc,trust_ai_score,market_outlook_2wk_enc,market_volatility_2w_enc
1898,30,1,0,0.375,4,3.0,3,0.7916666666666667,2,0.8571428571428571,90.0,7.0,5.0,1.75,3,7.0
132,36,0,0,0.0,4,,1,0.7083333333333333,1,0.7142857142857143,60.0,1.0,1.0,1.75,5,2.0
1848,19,1,1,0.625,3,2.0,3,0.9166666666666669,8,0.8571428571428571,60.0,5.0,7.0,3.25,4,4.0
522,18,1,1,0.5,1,2.0,3,0.4583333333333333,5,1.0,80.0,5.0,3.0,2.25,3,5.0
2285,56,1,0,0.625,5,1.0,1,0.5833333333333333,1,1.0,90.0,3.0,4.0,5.25,2,4.0
1910,39,1,0,0.125,5,,1,0.5833333333333333,6,0.5714285714285714,70.0,5.0,5.0,4.5,3,5.0
1631,37,1,0,0.25,4,1.0,3,0.9166666666666669,1,1.0,100.0,7.0,6.0,2.75,4,3.0
716,26,1,0,0.375,1,2.0,1,0.4166666666666666,1,1.0,70.0,2.0,2.0,4.25,5,4.0
1040,19,1,0,0.2857142857142857,3,1.0,2,0.1666666666666666,3,0.8571428571428571,80.0,3.0,5.0,3.25,6,3.0
1893,46,0,0,0.0,1,,1,0.5416666666666666,2,0.8571428571428571,80.0,3.0,1.0,4.0,6,4.0
2128,57,0,0,0.0,5,,1,0.2083333333333333,1,0.8571428571428571,80.0,3.0,1.0,4.5,6,5.0
1199,32,0,0,0.375,2,2.0,1,0.4166666666666666,8,0.8571428571428571,40.0,4.0,3.0,2.0,4,3.0
2014,26,0,1,0.375,2,1.0,2,0.5833333333333333,7,0.8571428571428571,70.0,5.0,5.0,3.25,5,5.0
602,25,1,0,0.25,2,2.0,1,0.3333333333333333,1,0.8571428571428571,80.0,4.0,3.0,3.0,3,5.0
1677,25,0,0,0.0,3,,0,0.1666666666666666,1,1.0,30.0,1.0,1.0,2.0,1,4.0
987,40,0,0,0.125,3,,2,0.5833333333333333,7,0.4285714285714285,40.0,4.0,3.0,4.25,3,4.0
2225,71,0,0,0.5,3,2.0,3,0.2916666666666666,1,0.4285714285714285,20.0,1.0,2.0,4.75,4,4.0
1117,49,0,0,0.0,5,,3,0.0833333333333333,1,1.0,70.0,2.0,3.0,4.25,4,3.0
1809,57,0,0,0.625,5,2.0,3,0.0833333333333333,1,1.0,70.0,3.0,3.0,2.0,4,4.0
877,27,1,1,0.875,2,2.0,2,0.4583333333333333,1,0.7142857142857143,80.0,4.0,3.0,3.0,5,5.0
106,40,0,0,0.375,5,3.0,2,0.4583333333333333,1,0.8571428571428571,90.0,5.0,5.0,3.0,6,3.0
1537,41,0,0,0.25,5,1.0,3,0.6666666666666666,5,0.5714285714285714,50.0,5.0,5.0,2.25,3,7.0
1316,58,0,1,0.375,2,1.0,3,0.3333333333333333,1,0.7142857142857143,50.0,4.0,5.0,5.25,2,3.0
719,27,0,0,0.5,3,2.0,1,0.375,8,0.5714285714285714,50.0,3.0,3.0,4.0,5,5.0
2228,35,0,1,0.375,2,1.0,2,0.5833333333333333,2,0.5714285714285714,60.0,4.0,4.0,5.0,5,4.0
549,50,1,0,0.375,5,3.0,3,0.125,1,1.0,70.0,5.0,7.0,6.5,6,7.0
2102,28,0,0,0.25,3,,2,0.4583333333333333,8,0.7142857142857143,30.0,2.0,2.0,4.25,5,5.0
1557,37,0,0,0.375,5,1.0,2,0.4166666666666667,8,0.8571428571428571,60.0,3.0,3.0,4.5,5,4.0
596,31,1,1,0.625,5,3.0,3,0.3333333333333333,1,1.0,90.0,5.0,5.0,1.75,7,6.0
866,19,1,0,0.5,2,1.0,3,0.5833333333333333,3,1.0,80.0,4.0,4.0,4.5,4,6.0
367,43,0,1,0.625,5,3.0,3,0.0833333333333333,1,0.7142857142857143,70.0,4.0,5.0,3.75,4,4.0
870,38,1,0,0.375,4,3.0,1,0.8333333333333333,1,0.8571428571428571,70.0,4.0,3.0,2.5,5,6.0
2132,20,0,0,0.0,2,,0,0.0,1,0.5714285714285714,80.0,2.0,2.0,2.5,3,2.0
2122,55,1,0,0.75,5,1.0,3,0.2083333333333333,1,1.0,80.0,5.0,5.0,4.0,4,5.0
212,23,0,0,0.375,4,2.0,1,0.25,3,1.0,80.0,5.0,6.0,2.25,5,4.0
1773,30,1,0,0.0,4,,0,0.25,5,0.2857142857142857,30.0,2.0,2.0,4.5,3,4.0
1148,32,1,1,0.5,3,3.0,2,0.375,4,0.8571428571428571,80.0,6.0,5.0,4.25,5,5.0
1869,38,1,0,0.5,2,3.0,1,0.2083333333333333,1,1.0,90.0,6.0,4.0,4.25,5,5.0
548,28,0,0,0.0,1,,0,0.0,1,0.8571428571428571,60.0,1.0,1.0,1.75,3,6.0
1831,28,1,1,0.5,3,3.0,3,0.6666666666666667,1,0.8571428571428571,90.0,5.0,3.0,5.25,5,6.0
1363,31,0,0,0.0,2,,1,0.2083333333333333,1,0.8571428571428571,10.0,1.0,3.0,3.75,3,4.0
1530,32,1,0,0.125,1,,2,0.2083333333333333,1,0.8571428571428571,80.0,2.0,3.0,3.25,5,3.0
172,39,0,0,1.0,5,1.0,2,0.5833333333333333,1,0.7142857142857143,40.0,3.0,2.0,1.0,3,7.0
1473,23,1,0,0.625,3,3.0,2,0.3333333333333333,8,0.5714285714285714,60.0,4.0,4.0,4.5,6,4.0
1244,56,1,0,0.0,5,,2,0.25,1,0.7142857142857143,80.0,4.0,4.0,4.25,4,6.0
1936,25,0,0,0.25,2,1.0,1,0.4583333333333333,1,0.8571428571428571,60.0,5.0,2.0,3.75,4,3.0
441,32,0,0,0.3333333333333333,2,,0,0.25,1,0.8571428571428571,60.0,2.0,2.0,2.5,3,4.0
533,41,1,0,0.625,5,2.0,1,0.0,1,1.0,90.0,4.0,6.0,2.75,4,4.0
2019,20,1,0,0.375,2,2.0,2,0.0833333333333333,2,1.0,70.0,3.0,1.0,2.25,5,4.0
438,42,0,0,0.0,1,,2,0.3333333333333333,5,0.8571428571428571,60.0,4.0,5.0,4.25,1,5.0
1312,40,0,0,0.8,3,3.0,2,0.3333333333333333,1,0.8571428571428571,70.0,2.0,3.0,3.75,5,4.0
1892,65,1,0,0.375,5,,3,0.5833333333333334,1,1.0,80.0,6.0,5.0,4.0,3,6.0
2392,44,1,0,0.125,4,2.0,2,0.6666666666666667,1,0.8571428571428571,90.0,7.0,7.0,5.0,7,2.0
1335,23,1,0,0.5714285714285714,2,1.0,3,0.7083333333333333,3,0.7142857142857143,70.0,4.0,3.0,2.75,5,4.0
471,22,0,1,0.625,2,2.0,1,0.6666666666666667,4,0.8571428571428571,70.0,5.0,4.0,3.0,6,5.0
581,44,0,0,0.8,2,2.0,2,0.6666666666666666,1,0.4285714285714285,50.0,6.0,7.0,5.25,5,5.0
205,24,0,0,0.125,2,1.0,1,0.1666666666666666,1,0.8571428571428571,30.0,1.0,1.0,3.75,1,7.0
1756,22,0,0,0.25,1,,1,0.25,1,0.7142857142857143,20.0,3.0,2.0,5.0,2,2.0
432,42,0,1,0.5,5,2.0,1,0.2083333333333333,1,0.8571428571428571,100.0,3.0,3.0,4.0,3,4.0
1074,37,0,0,0.0,1,,0,0.5833333333333334,1,0.8571428571428571,30.0,1.0,1.0,6.0,4,5.0
1070,44,1,0,0.875,5,3.0,3,0.2083333333333333,2,0.8571428571428571,90.0,6.0,6.0,3.25,2,7.0
1421,33,0,0,0.2857142857142857,4,1.0,1,0.375,8,0.8571428571428571,70.0,5.0,5.0,5.25,5,3.0
1588,30,1,0,0.25,2,1.0,2,0.3333333333333333,4,0.7142857142857143,30.0,2.0,3.0,1.75,3,6.0
1503,35,0,0,0.375,4,3.0,3,0.75,1,0.8571428571428571,100.0,5.0,5.0,5.0,5,5.0
2121,34,1,0,0.375,2,2.0,1,0.5416666666666666,1,0.7142857142857143,70.0,2.0,3.0,3.5,5,6.0
1735,51,1,0,0.0,5,,0,0.0,1,0.7142857142857143,10.0,1.0,1.0,3.75,4,4.0
2376,53,1,0,0.5,5,1.0,2,0.5833333333333334,1,0.7142857142857143,80.0,5.0,6.0,2.25,5,4.0
2049,50,0,0,0.125,5,,2,0.125,8,0.8571428571428571,40.0,2.0,1.0,2.75,6,4.0
607,37,0,0,0.125,3,,1,0.4166666666666666,4,0.8571428571428571,80.0,5.0,2.0,2.75,4,3.0
249,60,0,1,0.0,3,,1,0.2916666666666666,1,0.8571428571428571,80.0,4.0,4.0,5.5,5,4.0
372,59,0,0,0.125,5,,0,0.0,1,0.7142857142857143,100.0,4.0,7.0,3.25,4,4.0
2107,37,0,0,,2,,1,0.0,1,0.5714285714285714,30.0,1.0,1.0,3.0,4,4.0
2125,31,0,0,0.25,2,2.0,2,0.5,5,1.0,60.0,3.0,4.0,4.25,5,4.0
1897,25,0,0,0.5,4,3.0,2,0.2083333333333333,3,0.7142857142857143,60.0,5.0,4.0,3.75,5,3.0
560,29,0,1,0.5,4,1.0,3,0.1666666666666666,1,1.0,100.0,6.0,6.0,6.0,6,4.0
289,46,0,0,0.25,3,1.0,1,0.9166666666666669,1,0.8571428571428571,70.0,1.0,1.0,5.0,1,6.0
1261,38,0,0,0.125,5,3.0,2,0.5833333333333334,1,0.8571428571428571,90.0,6.0,5.0,2.75,6,4.0
25,55,1,1,0.25,1,1.0,1,0.0833333333333333,1,0.7142857142857143,70.0,3.0,4.0,3.0,6,3.0
1787,35,0,0,0.375,2,1.0,1,0.8333333333333333,1,0.5714285714285714,20.0,2.0,2.0,4.25,3,4.0
1012,46,1,1,0.125,5,3.0,3,0.5833333333333334,1,0.8571428571428571,90.0,5.0,4.0,5.25,5,5.0
2235,42,0,0,0.125,2,,3,0.0,4,0.7142857142857143,60.0,4.0,2.0,3.25,3,6.0
1979,19,1,0,0.1428571428571428,2,2.0,2,0.5833333333333333,1,0.4285714285714285,40.0,3.0,5.0,4.25,5,5.0
1540,21,1,0,0.75,2,3.0,3,0.0833333333333333,9,0.7142857142857143,80.0,6.0,5.0,4.0,6,6.0
1679,28,0,0,0.2857142857142857,3,,1,0.25,4,0.7142857142857143,10.0,2.0,1.0,4.25,3,4.0
965,44,1,0,0.25,3,2.0,2,0.8333333333333333,5,0.4285714285714285,70.0,5.0,5.0,3.5,6,2.0
1407,51,1,0,0.625,5,3.0,3,0.2083333333333333,1,0.8571428571428571,70.0,4.0,3.0,2.0,6,4.0
663,34,1,0,0.625,4,3.0,3,0.3333333333333333,1,0.8571428571428571,90.0,5.0,6.0,2.5,6,5.0
2217,26,0,1,0.8333333333333334,4,1.0,1,0.2916666666666666,3,0.8571428571428571,60.0,5.0,5.0,4.0,5,4.0
2239,40,1,0,0.375,1,1.0,2,0.2083333333333333,8,0.7142857142857143,70.0,4.0,6.0,5.0,6,5.0
1995,45,1,0,0.375,4,3.0,3,0.1666666666666666,4,0.7142857142857143,90.0,6.0,7.0,3.25,3,6.0
1583,46,0,0,0.625,5,2.0,1,0.2916666666666666,1,0.8571428571428571,80.0,3.0,6.0,2.75,5,4.0
1707,35,1,0,0.75,5,3.0,3,0.75,1,1.0,100.0,6.0,5.0,3.75,2,6.0
466,69,0,0,0.5,3,3.0,2,0.2083333333333333,1,0.8571428571428571,60.0,5.0,4.0,4.0,3,4.0
2066,49,0,1,0.875,3,3.0,3,0.6666666666666667,1,0.8571428571428571,80.0,4.0,5.0,3.25,5,4.0
506,24,1,1,0.3333333333333333,1,,1,0.8333333333333333,1,0.5714285714285714,60.0,4.0,2.0,3.0,2,4.0
1704,72,0,0,0.5,5,1.0,1,0.125,1,0.7142857142857143,70.0,4.0,5.0,4.0,3,3.0
1478,19,0,0,0.125,2,3.0,3,0.5833333333333333,1,0.7142857142857143,60.0,4.0,5.0,4.0,5,6.0
924,45,0,0,0.25,5,,2,0.1666666666666666,1,0.8571428571428571,80.0,6.0,5.0,1.5,5,4.0
2369,32,1,0,0.25,5,2.0,3,0.5833333333333333,1,0.8571428571428571,90.0,7.0,5.0,4.0,6,5.0
469,38,0,0,0.375,3,1.0,3,0.75,1,0.4285714285714285,70.0,6.0,6.0,5.0,6,5.0
35,33,1,0,0.375,4,3.0,3,0.6666666666666667,4,0.5714285714285714,70.0,7.0,6.0,6.0,2,4.0
2134,32,1,0,0.375,3,2.0,2,0.2916666666666666,1,0.5714285714285714,70.0,3.0,5.0,4.5,5,4.0
985,27,1,1,0.4285714285714285,2,2.0,2,0.4166666666666667,2,0.7142857142857143,60.0,3.0,4.0,3.75,2,4.0
385,34,0,0,0.25,3,3.0,2,0.8333333333333333,2,0.8571428571428571,100.0,5.0,5.0,4.25,6,4.0
817,43,0,0,0.125,4,,1,0.2083333333333333,5,0.8571428571428571,70.0,4.0,3.0,3.75,5,4.0
1946,22,1,0,0.5,3,,1,0.5833333333333333,1,0.7142857142857143,80.0,4.0,5.0,3.75,3,2.0
1989,46,0,0,0.6,5,,3,0.0,1,0.5714285714285714,60.0,4.0,5.0,3.25,6,4.0
2196,26,1,0,0.25,2,3.0,2,0.3333333333333333,1,0.7142857142857143,80.0,6.0,6.0,3.0,4,5.0
659,39,0,0,0.5,4,1.0,2,0.25,1,0.4285714285714285,10.0,3.0,2.0,1.75,2,6.0
1888,27,1,1,0.5714285714285714,4,3.0,3,0.4583333333333333,5,0.5714285714285714,70.0,6.0,6.0,4.75,6,4.0
1414,21,1,0,0.5,2,,1,0.3333333333333333,1,1.0,70.0,3.0,3.0,4.25,6,2.0
127,32,0,0,0.625,4,1.0,1,0.5833333333333333,6,0.8571428571428571,60.0,2.0,2.0,4.5,5,5.0
1717,40,0,0,0.125,1,1.0,1,0.8333333333333333,1,0.8571428571428571,90.0,5.0,4.0,2.0,5,5.0
2276,36,0,1,0.625,5,3.0,2,0.2083333333333333,1,1.0,90.0,7.0,5.0,1.5,6,6.0
514,32,1,0,0.375,4,1.0,2,0.375,2,0.5714285714285714,80.0,4.0,5.0,4.25,4,5.0
69,27,0,0,0.0,1,,0,0.0,1,0.7142857142857143,80.0,3.0,1.0,2.0,4,4.0
2115,25,1,0,0.25,4,1.0,2,0.625,9,0.7142857142857143,70.0,5.0,6.0,4.25,6,4.0
2065,25,0,0,0.375,3,,1,0.3333333333333333,1,0.7142857142857143,40.0,2.0,2.0,5.0,3,3.0
1883,27,0,1,0.125,2,1.0,2,0.2083333333333333,3,0.8571428571428571,70.0,2.0,2.0,3.25,5,4.0
293,59,1,0,0.125,5,1.0,0,0.5833333333333333,7,0.7142857142857143,30.0,3.0,3.0,4.75,2,4.0
2248,34,1,1,0.375,4,2.0,3,0.6666666666666667,2,1.0,90.0,5.0,5.0,3.5,5,6.0
1851,29,0,0,0.375,1,1.0,1,0.375,1,0.8571428571428571,30.0,1.0,2.0,1.5,4,3.0
1800,24,1,1,0.375,3,3.0,2,0.5833333333333334,1,1.0,80.0,5.0,5.0,3.25,5,6.0
312,25,1,0,0.25,4,3.0,3,0.9166666666666669,1,1.0,80.0,7.0,6.0,3.5,2,7.0
2236,35,0,1,0.5,3,1.0,2,0.4166666666666667,3,0.5714285714285714,70.0,5.0,5.0,2.5,3,6.0
103,30,1,0,0.0,3,,1,0.0,1,0.8571428571428571,60.0,3.0,3.0,3.0,5,4.0
1271,33,1,0,0.625,5,3.0,3,0.8333333333333333,1,1.0,90.0,6.0,6.0,4.5,4,4.0
1672,45,1,0,0.5,5,3.0,1,0.2083333333333333,1,1.0,100.0,6.0,6.0,4.25,6,5.0
2112,37,0,0,0.0,1,,2,0.0833333333333333,4,0.5714285714285714,40.0,3.0,3.0,4.5,4,4.0
1154,31,1,0,0.375,4,3.0,3,0.7083333333333333,1,0.8571428571428571,90.0,5.0,6.0,2.0,5,6.0
1652,30,1,0,0.125,1,1.0,2,0.0833333333333333,1,0.5714285714285714,60.0,4.0,3.0,3.75,5,6.0
2332,29,0,0,0.125,3,3.0,3,0.4166666666666666,1,0.8571428571428571,90.0,6.0,6.0,4.5,5,4.0
2173,29,0,0,0.125,4,1.0,2,0.2083333333333333,1,0.7142857142857143,60.0,4.0,5.0,3.25,5,4.0
888,24,0,0,0.25,2,3.0,1,0.1666666666666666,1,1.0,10.0,2.0,2.0,4.0,3,5.0
1408,25,0,0,1.0,3,2.0,1,0.8333333333333333,1,1.0,30.0,3.0,4.0,3.0,1,3.0
1601,26,1,0,0.875,3,2.0,2,0.2916666666666666,9,0.2857142857142857,70.0,6.0,5.0,4.25,5,7.0
1453,41,1,0,0.5,5,2.0,3,0.5,1,0.7142857142857143,60.0,4.0,5.0,4.0,6,6.0
2317,48,0,0,0.0,5,,0,0.5,1,0.4285714285714285,30.0,1.0,1.0,5.0,4,3.0
299,23,0,0,0.375,3,2.0,3,0.9166666666666669,1,0.5714285714285714,80.0,5.0,6.0,2.75,5,4.0
1835,59,0,0,0.25,5,1.0,3,0.0833333333333333,4,0.5714285714285714,60.0,3.0,1.0,1.5,6,4.0
165,55,1,1,0.375,5,2.0,3,0.3333333333333333,1,1.0,90.0,5.0,6.0,4.25,5,3.0
502,51,0,1,0.5,5,2.0,3,0.5833333333333333,1,0.7142857142857143,90.0,5.0,6.0,5.75,5,3.0
176,29,1,0,0.375,4,3.0,1,0.5416666666666666,1,1.0,80.0,3.0,5.0,3.5,4,5.0
62,21,1,1,0.5,4,3.0,3,0.3333333333333333,1,1.0,100.0,5.0,6.0,3.5,5,4.0
1568,19,1,0,0.25,1,2.0,2,0.4166666666666666,1,0.8571428571428571,70.0,4.0,5.0,2.5,4,4.0
643,29,0,1,1.0,4,1.0,2,0.4166666666666667,5,1.0,90.0,6.0,6.0,6.0,5,4.0
2017,27,1,0,0.375,4,3.0,3,0.7083333333333333,3,0.8571428571428571,80.0,7.0,7.0,4.0,3,5.0
2041,24,0,0,0.25,2,2.0,3,0.4583333333333333,1,0.8571428571428571,60.0,3.0,5.0,2.25,3,6.0
818,45,1,0,0.625,5,2.0,3,0.6666666666666666,3,1.0,80.0,5.0,5.0,4.0,6,4.0
2277,50,0,0,0.5714285714285714,5,,2,0.2916666666666666,1,0.5714285714285714,60.0,4.0,5.0,3.25,5,4.0
1141,45,0,0,0.0,5,,0,0.125,1,0.7142857142857143,30.0,1.0,2.0,3.25,2,5.0
2367,32,1,0,0.375,2,1.0,2,0.8333333333333333,7,0.7142857142857143,60.0,5.0,3.0,1.25,1,4.0
996,24,0,0,0.375,2,1.0,0,0.75,9,0.5714285714285714,70.0,4.0,5.0,3.75,6,4.0
1937,28,1,1,0.125,4,3.0,3,0.1666666666666666,1,0.7142857142857143,80.0,5.0,6.0,3.75,3,5.0
2096,61,1,0,0.625,5,2.0,3,0.1666666666666666,1,1.0,80.0,5.0,5.0,2.25,3,5.0
1621,31,0,1,0.25,2,2.0,3,0.0,1,0.5714285714285714,20.0,2.0,2.0,3.0,5,7.0
789,31,0,0,0.125,1,1.0,2,0.0,4,0.8571428571428571,30.0,1.0,2.0,4.5,2,4.0
1116,33,0,0,0.0,1,,0,0.5,1,0.2857142857142857,10.0,1.0,4.0,2.5,4,5.0
104,46,0,0,0.375,4,2.0,2,0.3333333333333333,5,1.0,80.0,5.0,4.0,2.5,3,4.0
1171,48,1,0,0.375,5,2.0,2,0.3333333333333333,1,1.0,100.0,5.0,5.0,2.5,6,6.0
301,38,1,0,0.375,4,1.0,1,0.125,1,0.7142857142857143,60.0,2.0,2.0,4.25,5,3.0
812,28,1,0,0.75,3,2.0,3,0.5833333333333333,3,0.8571428571428571,90.0,5.0,6.0,4.5,5,6.0
407,44,0,0,0.5,4,1.0,2,0.125,1,1.0,60.0,4.0,3.0,3.25,5,5.0
1612,65,0,0,0.625,5,,2,0.5833333333333334,3,0.7142857142857143,70.0,4.0,4.0,2.5,5,4.0
2328,28,1,0,0.25,4,,2,0.2916666666666666,1,1.0,90.0,5.0,5.0,3.25,3,5.0
2205,31,0,0,0.375,3,3.0,1,0.4166666666666666,1,0.8571428571428571,70.0,3.0,1.0,1.0,5,4.0
1699,20,1,0,0.375,2,3.0,3,0.3333333333333333,1,1.0,90.0,3.0,4.0,3.25,2,7.0
1726,64,1,0,0.0,5,,2,0.0833333333333333,8,0.8571428571428571,100.0,3.0,4.0,4.25,5,5.0
121,47,1,0,0.5,5,2.0,3,0.4583333333333333,1,1.0,70.0,4.0,5.0,3.25,4,5.0
1748,47,1,0,0.375,5,1.0,1,0.2916666666666666,1,0.5714285714285714,80.0,4.0,4.0,4.25,5,3.0
1404,40,0,0,0.375,2,1.0,2,0.4166666666666666,3,1.0,80.0,5.0,5.0,4.0,5,4.0
1405,39,0,0,0.25,2,2.0,2,0.2083333333333333,1,1.0,70.0,4.0,5.0,5.25,5,4.0
2358,27,0,1,0.75,3,3.0,3,0.4166666666666667,5,1.0,50.0,4.0,6.0,4.25,4,4.0
1064,24,0,0,0.375,2,1.0,2,0.6666666666666667,5,1.0,50.0,5.0,4.0,4.25,3,4.0
1184,37,0,0,0.0,5,,0,0.0,1,0.8571428571428571,90.0,5.0,6.0,3.0,5,3.0
841,41,0,0,0.125,1,,0,0.0833333333333333,3,0.7142857142857143,80.0,4.0,2.0,4.75,2,5.0
1903,21,1,0,0.375,3,2.0,2,0.0,1,0.8571428571428571,90.0,5.0,5.0,2.5,5,4.0
855,64,0,0,0.125,5,,1,0.5,1,0.8571428571428571,90.0,5.0,5.0,1.25,5,2.0
1872,22,1,0,0.125,4,3.0,2,0.25,1,0.8571428571428571,70.0,4.0,3.0,2.75,4,5.0
2108,27,0,0,0.375,3,,2,0.9166666666666669,1,0.7142857142857143,70.0,3.0,2.0,3.75,7,7.0
1099,26,1,0,0.5,4,2.0,2,0.4166666666666666,2,1.0,80.0,5.0,6.0,3.0,5,3.0
1525,36,0,1,0.375,2,3.0,3,0.7083333333333333,2,1.0,70.0,6.0,6.0,4.0,6,5.0
445,21,0,0,0.25,1,3.0,2,0.5416666666666667,1,0.7142857142857143,30.0,4.0,3.0,3.5,5,6.0
1535,27,1,0,0.375,2,,1,0.4583333333333333,1,0.5714285714285714,40.0,5.0,6.0,4.25,5,4.0
2016,55,1,0,0.375,5,1.0,2,0.6666666666666666,1,1.0,90.0,5.0,5.0,3.0,5,4.0
1906,54,0,0,0.625,4,3.0,3,0.2916666666666666,7,0.8571428571428571,50.0,2.0,3.0,5.5,5,4.0
1071,50,1,0,0.5,5,3.0,3,0.9166666666666669,1,1.0,90.0,6.0,6.0,4.0,4,6.0
1327,42,0,1,0.25,2,3.0,3,0.0833333333333333,1,0.7142857142857143,40.0,3.0,4.0,4.25,3,6.0
554,36,0,0,0.25,4,1.0,1,0.5416666666666666,1,0.7142857142857143,40.0,3.0,3.0,3.5,3,6.0
75,57,0,0,0.25,5,1.0,2,0.9166666666666669,1,0.8571428571428571,90.0,2.0,4.0,3.75,6,5.0
690,31,1,0,0.0,2,,1,0.375,1,0.7142857142857143,60.0,4.0,3.0,3.5,6,4.0
1539,26,1,0,0.375,3,3.0,3,0.3333333333333333,1,1.0,90.0,5.0,5.0,3.5,3,5.0
2091,26,0,0,0.1666666666666666,3,1.0,0,0.2083333333333333,2,0.5714285714285714,40.0,1.0,1.0,3.25,4,4.0
2139,44,1,0,0.5,5,2.0,3,0.5833333333333333,4,0.8571428571428571,80.0,7.0,6.0,4.75,5,4.0
1804,21,0,0,0.375,2,3.0,2,0.1666666666666666,4,1.0,30.0,3.0,2.0,4.0,2,7.0
1332,26,0,0,0.125,2,1.0,2,0.0833333333333333,2,0.8571428571428571,90.0,4.0,6.0,5.25,6,4.0
2123,49,0,0,0.8333333333333334,5,,1,0.25,1,0.8571428571428571,40.0,2.0,1.0,2.5,5,4.0
1362,20,1,0,0.3333333333333333,1,1.0,1,0.6666666666666666,1,0.8571428571428571,30.0,3.0,3.0,4.0,5,4.0
898,48,0,0,0.0,3,1.0,1,0.6666666666666666,1,0.2857142857142857,60.0,1.0,2.0,2.5,2,5.0
644,48,1,1,0.5,4,2.0,2,0.7916666666666667,3,0.7142857142857143,90.0,6.0,5.0,4.5,6,5.0
1133,33,0,0,0.375,2,1.0,2,0.25,1,0.7142857142857143,80.0,2.0,2.0,3.5,5,6.0
800,28,1,1,0.25,1,3.0,2,0.4166666666666666,3,0.8571428571428571,80.0,4.0,3.0,4.0,3,6.0
1522,46,0,1,0.5,2,2.0,1,0.6666666666666667,2,0.2857142857142857,80.0,6.0,6.0,5.25,4,5.0
738,56,1,0,1.0,5,1.0,1,0.5,1,1.0,90.0,5.0,6.0,4.0,4,4.0
174,30,1,0,0.375,2,3.0,3,0.4166666666666666,1,1.0,100.0,5.0,4.0,3.25,5,5.0
483,30,1,0,0.375,4,1.0,2,0.2916666666666666,1,1.0,100.0,5.0,3.0,3.25,6,7.0
1920,42,0,0,0.0,5,,1,0.7916666666666667,1,0.5714285714285714,80.0,4.0,3.0,1.75,5,6.0
1991,34,0,0,0.5,3,1.0,2,0.25,1,0.4285714285714285,40.0,2.0,2.0,2.0,2,5.0
1103,60,0,0,0.125,1,,0,0.0,9,0.7142857142857143,70.0,4.0,1.0,1.0,4,4.0
805,42,0,0,0.375,5,3.0,2,0.25,1,1.0,80.0,1.0,5.0,1.25,6,4.0
2318,36,1,0,0.625,3,1.0,3,0.5833333333333333,3,1.0,70.0,5.0,5.0,3.5,3,6.0
2118,32,1,1,0.25,2,1.0,2,0.5416666666666666,1,0.7142857142857143,40.0,2.0,2.0,4.0,5,4.0
2187,44,1,0,0.75,5,3.0,3,0.7916666666666667,1,0.8571428571428571,90.0,6.0,6.0,2.75,7,5.0
2307,56,0,0,0.125,5,,2,0.0833333333333333,1,0.7142857142857143,50.0,4.0,3.0,3.0,5,3.0
2331,38,1,0,0.375,3,1.0,1,0.4583333333333333,1,0.8571428571428571,70.0,4.0,3.0,4.0,5,3.0
396,35,1,0,0.375,2,1.0,1,0.3333333333333333,1,0.7142857142857143,70.0,2.0,3.0,4.0,4,2.0
1911,27,1,0,0.25,2,3.0,3,0.5833333333333333,1,0.8571428571428571,80.0,5.0,4.0,3.75,5,4.0
1864,29,1,0,0.375,3,3.0,1,0.5416666666666667,5,0.7142857142857143,40.0,3.0,1.0,4.0,5,4.0
2261,20,0,1,0.0,2,,1,0.5833333333333334,1,0.8571428571428571,70.0,5.0,5.0,2.25,2,4.0
1718,20,1,0,0.125,1,,2,0.3333333333333333,1,0.8571428571428571,60.0,2.0,5.0,3.75,2,6.0
1871,38,1,0,0.25,2,1.0,2,0.0833333333333333,3,0.7142857142857143,70.0,4.0,3.0,3.5,3,6.0
600,30,0,0,0.375,2,2.0,2,0.0833333333333333,1,0.8571428571428571,60.0,4.0,5.0,4.0,5,4.0
1318,36,1,0,0.375,4,3.0,1,0.4583333333333333,1,0.8571428571428571,70.0,5.0,4.0,2.0,5,3.0
606,33,1,1,0.875,3,2.0,2,0.4583333333333333,4,0.4285714285714285,70.0,6.0,5.0,4.5,6,6.0
411,30,1,0,0.375,2,3.0,2,0.3333333333333333,1,0.8571428571428571,80.0,4.0,6.0,3.25,2,6.0
1083,35,0,0,0.2857142857142857,5,,0,0.25,3,0.8571428571428571,60.0,2.0,2.0,2.0,1,6.0
1088,34,1,0,0.375,2,1.0,2,0.2916666666666666,1,0.8571428571428571,50.0,4.0,5.0,3.25,3,3.0
860,33,1,0,0.125,5,1.0,1,0.5833333333333334,1,0.8571428571428571,90.0,5.0,3.0,2.25,3,6.0
995,46,0,0,0.75,4,1.0,3,0.75,7,0.8571428571428571,70.0,4.0,5.0,3.75,2,6.0
1491,43,1,0,0.375,3,1.0,2,0.3333333333333333,5,0.8571428571428571,70.0,5.0,6.0,5.0,5,4.0
474,37,0,0,0.25,4,,2,0.4166666666666666,1,1.0,90.0,6.0,6.0,4.75,5,2.0
1104,32,0,0,0.1428571428571428,1,1.0,2,0.25,9,0.7142857142857143,30.0,4.0,3.0,4.0,5,4.0
2300,26,1,1,0.125,2,,1,0.5,8,0.2857142857142857,30.0,4.0,5.0,4.75,5,3.0
415,25,0,0,0.0,4,,2,0.5833333333333333,2,0.5714285714285714,70.0,1.0,1.0,3.0,4,5.0
1452,66,1,0,0.375,5,1.0,2,0.0833333333333333,1,0.8571428571428571,90.0,5.0,5.0,4.0,3,5.0
2072,36,0,0,0.0,1,1.0,1,0.4166666666666667,8,0.5714285714285714,30.0,2.0,2.0,5.5,5,5.0
2170,49,1,0,0.125,4,2.0,2,0.3333333333333333,1,0.8571428571428571,60.0,4.0,5.0,3.0,4,5.0
742,52,1,0,0.1428571428571428,5,2.0,2,0.5833333333333334,1,0.8571428571428571,70.0,3.0,5.0,2.0,4,7.0
2264,31,1,0,0.5,4,3.0,3,0.4166666666666666,1,1.0,100.0,6.0,6.0,5.0,5,3.0
703,28,1,0,0.4285714285714285,5,3.0,2,0.6666666666666667,1,0.7142857142857143,80.0,6.0,5.0,3.5,5,5.0
188,22,1,0,0.125,1,,1,0.125,1,0.8571428571428571,70.0,2.0,1.0,3.25,3,5.0
759,21,1,1,0.25,3,3.0,2,0.6666666666666666,1,0.8571428571428571,90.0,5.0,6.0,4.25,3,4.0
764,46,1,0,0.625,5,2.0,3,0.4166666666666666,1,0.8571428571428571,70.0,3.0,3.0,3.0,5,5.0
1967,46,1,0,0.25,4,,2,0.3333333333333333,1,0.8571428571428571,60.0,5.0,4.0,3.5,4,4.0
70,41,1,0,0.125,2,,1,0.3333333333333333,1,0.8571428571428571,40.0,4.0,3.0,3.75,5,7.0
18,45,0,1,0.625,3,2.0,1,0.5833333333333333,2,0.4285714285714285,80.0,6.0,5.0,5.25,5,4.0
1089,41,0,0,0.125,1,,1,0.2083333333333333,1,0.7142857142857143,90.0,4.0,3.0,3.75,5,4.0
2401,75,0,0,0.625,5,2.0,3,0.2083333333333333,7,0.5714285714285714,50.0,4.0,4.0,4.25,7,3.0
1434,67,0,0,0.375,4,,2,0.2083333333333333,1,0.8571428571428571,70.0,2.0,3.0,2.75,3,6.0
1608,25,1,1,0.375,2,2.0,2,0.4166666666666667,3,1.0,90.0,6.0,4.0,5.25,4,5.0
2214,32,1,0,0.125,2,1.0,1,0.4166666666666666,5,0.8571428571428571,90.0,3.0,5.0,4.5,5,4.0
1283,41,0,0,0.125,1,,0,0.0,1,1.0,70.0,3.0,1.0,3.25,4,3.0
1002,51,0,1,1.0,3,2.0,2,0.5833333333333333,4,0.5714285714285714,70.0,6.0,5.0,5.0,6,7.0
1614,36,1,0,0.5,2,1.0,2,0.4166666666666667,9,0.8571428571428571,100.0,4.0,4.0,4.25,4,4.0
592,44,0,0,0.25,5,1.0,0,0.2916666666666666,1,0.7142857142857143,40.0,3.0,3.0,4.0,5,3.0
890,31,0,1,0.0,2,,1,0.3333333333333333,9,0.5714285714285714,80.0,5.0,2.0,6.5,4,5.0
896,33,0,0,0.375,5,1.0,2,0.1666666666666666,4,0.8571428571428571,60.0,4.0,5.0,4.5,6,4.0
2135,24,1,1,0.5,4,2.0,3,0.2083333333333333,1,0.5714285714285714,100.0,6.0,6.0,3.75,4,4.0
1383,43,0,0,0.25,4,,0,0.375,8,1.0,80.0,4.0,3.0,2.5,2,6.0
1257,20,1,1,0.625,2,2.0,3,1.0,1,0.8571428571428571,60.0,6.0,6.0,2.0,5,6.0
2342,29,1,0,0.125,1,,2,0.0,4,1.0,100.0,6.0,6.0,4.0,4,4.0
921,46,1,0,0.375,4,2.0,2,0.5833333333333333,4,0.8571428571428571,80.0,5.0,5.0,5.5,7,4.0
2403,31,1,0,0.25,2,1.0,1,0.5833333333333334,1,0.8571428571428571,70.0,4.0,2.0,3.25,3,6.0
1774,29,1,0,0.375,3,2.0,3,0.7916666666666667,5,0.7142857142857143,70.0,5.0,7.0,5.25,6,6.0
2338,39,1,0,0.625,5,3.0,3,0.75,1,0.8571428571428571,100.0,5.0,5.0,3.75,4,4.0
1346,27,1,0,0.625,3,1.0,3,0.75,1,1.0,90.0,6.0,6.0,4.5,5,4.0
246,28,0,0,0.625,3,1.0,2,0.4583333333333333,8,0.7142857142857143,60.0,5.0,4.0,1.5,6,4.0
1949,39,1,0,0.5,5,1.0,2,0.5833333333333333,1,1.0,100.0,7.0,7.0,5.5,6,3.0
2109,31,0,0,0.125,3,1.0,1,0.5833333333333333,1,0.7142857142857143,80.0,4.0,5.0,1.25,2,6.0
89,36,0,0,0.2,5,1.0,2,0.75,1,0.8571428571428571,20.0,2.0,2.0,2.5,5,4.0
1616,28,0,1,0.25,2,2.0,2,0.5416666666666667,5,0.8571428571428571,70.0,5.0,2.0,2.0,1,4.0
1307,35,0,0,0.5,3,1.0,1,0.0833333333333333,1,0.7142857142857143,70.0,5.0,3.0,2.75,2,4.0
1619,24,1,1,0.375,4,2.0,3,0.4166666666666666,1,0.8571428571428571,80.0,5.0,4.0,4.0,5,6.0
2333,38,1,0,0.25,4,3.0,3,0.4166666666666666,1,0.8571428571428571,80.0,5.0,5.0,4.75,4,6.0
394,44,0,0,0.25,5,1.0,2,0.3333333333333333,1,0.7142857142857143,80.0,4.0,5.0,3.0,3,3.0
130,45,0,0,0.5,5,2.0,2,0.3333333333333333,1,1.0,70.0,4.0,3.0,3.25,3,5.0
2378,72,1,1,0.625,5,1.0,3,0.625,6,0.8571428571428571,70.0,5.0,6.0,3.5,6,4.0
1227,44,1,0,0.25,4,3.0,2,0.4583333333333333,3,0.7142857142857143,60.0,5.0,5.0,4.25,3,3.0
476,31,1,0,0.25,5,3.0,2,0.4166666666666666,1,1.0,90.0,6.0,7.0,2.75,5,5.0
1204,39,1,0,0.375,5,3.0,3,0.0833333333333333,1,0.8571428571428571,60.0,4.0,5.0,4.5,5,4.0
436,24,0,1,0.75,3,2.0,2,0.9166666666666669,1,0.8571428571428571,80.0,6.0,5.0,4.25,5,6.0
575,37,1,1,0.5,4,2.0,3,0.9166666666666669,7,1.0,90.0,7.0,7.0,4.5,5,3.0
1364,18,0,0,0.1428571428571428,1,2.0,1,0.4583333333333333,2,0.5714285714285714,40.0,2.0,2.0,4.0,5,3.0
1236,33,1,0,0.125,4,1.0,2,0.5833333333333333,3,0.8571428571428571,80.0,4.0,5.0,5.0,5,5.0
2293,44,0,0,0.375,2,1.0,1,0.0,1,0.8571428571428571,70.0,3.0,3.0,5.5,6,4.0
797,41,1,0,0.875,4,1.0,2,0.1666666666666666,9,0.7142857142857143,50.0,4.0,4.0,3.75,4,5.0
547,37,1,0,0.25,4,3.0,2,0.125,1,0.7142857142857143,70.0,6.0,6.0,1.75,5,4.0
2185,39,0,0,0.25,4,1.0,2,0.3333333333333333,1,0.8571428571428571,80.0,3.0,3.0,2.5,5,2.0
1914,31,0,0,0.25,4,2.0,1,0.6666666666666666,1,1.0,80.0,4.0,5.0,1.0,3,4.0
535,27,0,0,0.25,3,,1,0.2083333333333333,1,0.4285714285714285,30.0,2.0,2.0,1.0,3,5.0
1017,59,0,0,0.125,3,,2,0.3333333333333333,2,0.7142857142857143,30.0,1.0,2.0,1.25,5,6.0
1933,38,1,0,0.5714285714285714,4,1.0,1,0.3333333333333333,9,0.7142857142857143,80.0,5.0,1.0,2.5,6,2.0
360,49,1,0,0.125,3,,1,0.4166666666666666,1,0.8571428571428571,80.0,4.0,3.0,3.5,3,5.0
2222,67,0,0,0.125,5,,1,0.0833333333333333,3,0.5714285714285714,50.0,2.0,2.0,6.0,2,4.0
867,20,1,0,0.5,2,2.0,2,0.1666666666666666,1,0.8571428571428571,60.0,3.0,5.0,2.75,5,4.0
321,41,1,0,0.625,5,3.0,3,0.5833333333333333,5,1.0,80.0,6.0,6.0,4.75,6,4.0
640,52,0,0,0.0,5,,0,0.3333333333333333,1,0.8571428571428571,10.0,1.0,1.0,2.75,3,4.0
479,37,0,0,0.0,2,,0,0.0,5,0.8571428571428571,30.0,1.0,1.0,4.25,5,4.0
2400,43,0,0,0.375,5,,1,0.2083333333333333,1,0.8571428571428571,60.0,4.0,2.0,3.0,3,4.0
1932,54,0,0,0.5,5,2.0,3,0.4166666666666666,1,1.0,70.0,4.0,5.0,4.0,5,5.0
1254,49,0,0,0.875,5,1.0,2,0.1666666666666666,3,0.8571428571428571,80.0,4.0,5.0,4.75,5,4.0
813,20,0,0,0.125,2,3.0,1,0.125,1,0.5714285714285714,40.0,2.0,3.0,4.75,5,5.0
543,27,0,0,0.375,2,1.0,2,0.4583333333333333,3,0.8571428571428571,70.0,3.0,3.0,3.75,4,4.0
2316,36,1,0,0.125,3,1.0,2,0.9166666666666669,1,0.7142857142857143,60.0,4.0,3.0,4.5,5,4.0
2380,21,1,0,0.1428571428571428,1,,1,0.4166666666666666,5,0.7142857142857143,40.0,2.0,2.0,3.0,3,5.0
120,47,1,0,0.375,5,1.0,1,0.3333333333333333,1,1.0,100.0,4.0,4.0,3.75,5,3.0
266,68,0,0,0.0,5,,1,0.0,1,0.5714285714285714,50.0,1.0,2.0,2.75,4,4.0
19,30,1,0,0.5,4,2.0,1,0.1666666666666666,1,0.5714285714285714,30.0,6.0,4.0,3.5,5,4.0
794,48,0,0,0.5,5,2.0,2,0.3333333333333333,1,1.0,50.0,3.0,4.0,2.0,5,4.0
1358,62,0,0,0.25,5,,1,0.4166666666666666,1,0.8571428571428571,70.0,3.0,3.0,4.0,5,4.0
1121,43,1,0,0.5,3,2.0,2,0.2916666666666666,1,0.4285714285714285,60.0,4.0,4.0,5.5,4,6.0
422,52,0,0,0.25,4,1.0,2,0.2083333333333333,1,0.5714285714285714,70.0,5.0,5.0,2.75,2,4.0
1918,60,0,0,0.625,5,2.0,3,0.1666666666666666,1,0.8571428571428571,50.0,6.0,5.0,3.75,5,4.0
67,45,0,0,0.1428571428571428,5,,0,0.3333333333333333,1,0.8571428571428571,40.0,1.0,1.0,4.25,3,3.0
1945,29,1,0,0.125,4,3.0,3,0.2916666666666666,1,0.8571428571428571,90.0,5.0,5.0,3.5,6,4.0
2407,41,1,0,0.375,4,3.0,2,0.4166666666666666,1,0.8571428571428571,90.0,4.0,5.0,3.75,6,4.0
93,41,1,1,0.375,3,3.0,3,0.4166666666666667,5,1.0,70.0,5.0,5.0,3.75,4,5.0
883,36,1,0,0.25,4,1.0,2,0.2083333333333333,5,0.8571428571428571,70.0,3.0,4.0,2.75,5,5.0
624,59,1,0,0.75,5,2.0,3,0.3333333333333333,5,0.8571428571428571,60.0,5.0,5.0,4.5,7,5.0
974,27,1,0,0.125,2,1.0,1,0.2916666666666666,5,1.0,50.0,2.0,2.0,3.75,2,7.0
665,44,1,0,0.5,5,3.0,2,0.2916666666666666,1,0.8571428571428571,80.0,4.0,4.0,4.5,5,5.0
994,39,0,0,0.375,5,3.0,1,0.6666666666666667,1,0.8571428571428571,80.0,2.0,1.0,4.5,6,4.0
454,78,0,0,0.2857142857142857,5,,2,0.4166666666666666,7,1.0,100.0,5.0,5.0,4.5,3,3.0
1178,30,1,0,0.375,2,1.0,2,0.2083333333333333,1,0.7142857142857143,40.0,3.0,2.0,2.5,3,6.0
9,20,0,0,0.125,1,,1,0.8333333333333333,1,1.0,90.0,3.0,1.0,3.75,5,6.0
2001,53,0,0,0.375,4,3.0,3,0.0833333333333333,1,0.7142857142857143,50.0,7.0,7.0,4.5,6,6.0
1494,55,1,0,0.1428571428571428,3,,1,0.8333333333333333,3,0.4285714285714285,50.0,4.0,3.0,2.75,4,4.0
1009,36,0,0,0.25,5,,1,0.0,1,0.7142857142857143,60.0,2.0,4.0,4.5,4,7.0
1763,55,1,0,0.5,4,2.0,2,0.6666666666666667,5,0.8571428571428571,70.0,5.0,4.0,3.75,5,6.0
1251,23,0,0,0.2857142857142857,2,1.0,2,0.2083333333333333,4,0.7142857142857143,60.0,3.0,1.0,2.5,2,6.0
185,53,1,1,0.375,5,3.0,3,0.125,1,1.0,100.0,6.0,4.0,3.75,4,6.0
1620,27,1,0,0.0,1,,2,0.375,4,0.8571428571428571,70.0,5.0,4.0,3.75,6,5.0
991,23,1,1,0.25,1,1.0,2,0.4583333333333333,5,1.0,80.0,5.0,4.0,5.0,5,4.0
737,43,0,1,0.25,5,1.0,2,0.125,1,0.7142857142857143,70.0,4.0,5.0,1.0,3,5.0
763,28,1,0,0.25,1,1.0,1,0.375,1,0.5714285714285714,50.0,3.0,2.0,4.0,3,4.0
820,40,0,1,0.25,4,3.0,2,0.9166666666666669,1,0.7142857142857143,80.0,6.0,6.0,4.25,6,5.0
393,28,1,1,0.375,3,2.0,1,0.6666666666666666,1,1.0,80.0,5.0,3.0,4.5,4,4.0
1091,32,1,0,0.375,3,1.0,1,0.2083333333333333,1,0.7142857142857143,70.0,2.0,4.0,2.25,5,4.0
2035,19,0,0,0.375,2,2.0,3,0.75,2,0.8571428571428571,70.0,4.0,5.0,4.25,3,2.0
175,27,1,0,0.375,4,2.0,2,0.6666666666666666,1,0.8571428571428571,90.0,6.0,5.0,2.25,4,4.0
2166,65,1,0,0.5,5,3.0,3,0.5833333333333334,1,0.5714285714285714,90.0,5.0,5.0,1.0,5,7.0
1032,32,1,1,0.5,4,3.0,3,0.6666666666666667,1,0.8571428571428571,100.0,6.0,5.0,4.5,5,2.0
1691,32,1,0,0.375,3,1.0,2,0.8333333333333333,1,0.8571428571428571,80.0,3.0,2.0,4.5,4,5.0
2303,22,1,0,0.125,2,,1,0.6666666666666666,1,0.2857142857142857,40.0,1.0,3.0,4.75,4,6.0
1837,70,0,0,1.0,4,,1,0.3333333333333333,1,0.8571428571428571,20.0,1.0,2.0,3.75,5,4.0
648,36,1,1,0.25,2,1.0,3,0.2083333333333333,1,1.0,100.0,5.0,6.0,4.0,5,4.0
871,47,0,1,0.625,3,,2,0.6666666666666667,1,0.1428571428571428,70.0,6.0,5.0,4.5,5,4.0
2157,43,1,0,0.25,5,,3,0.4583333333333333,1,0.4285714285714285,100.0,5.0,7.0,4.0,5,7.0
16,42,0,0,0.375,4,2.0,3,0.625,1,0.5714285714285714,70.0,5.0,5.0,2.25,4,6.0
1109,40,1,0,0.5,5,3.0,3,0.5,1,0.5714285714285714,70.0,6.0,4.0,2.75,5,4.0
352,30,1,0,0.25,4,3.0,2,0.4583333333333333,1,0.5714285714285714,100.0,5.0,5.0,2.5,5,5.0
60,40,0,0,0.375,3,2.0,2,0.5,7,0.4285714285714285,70.0,5.0,4.0,4.5,5,4.0
791,19,0,0,0.375,2,3.0,2,0.4583333333333333,1,0.4285714285714285,60.0,5.0,5.0,3.25,6,5.0
2349,39,0,0,0.25,3,1.0,1,0.375,1,0.4285714285714285,50.0,4.0,3.0,4.0,2,3.0
929,27,0,0,0.125,1,1.0,2,0.5833333333333334,1,0.7142857142857143,70.0,3.0,3.0,2.75,5,6.0
214,29,1,0,0.375,3,1.0,2,0.4583333333333333,9,0.7142857142857143,30.0,5.0,4.0,3.25,3,4.0
1124,45,1,0,0.5,4,1.0,2,0.6666666666666667,5,0.5714285714285714,90.0,5.0,5.0,4.5,2,3.0
2036,31,0,0,0.25,4,3.0,1,0.2083333333333333,1,0.5714285714285714,80.0,3.0,5.0,3.25,3,6.0
1349,37,1,0,0.125,2,1.0,0,0.0,9,0.5714285714285714,80.0,4.0,2.0,2.5,7,4.0
1315,59,0,0,0.25,5,3.0,1,0.5,1,0.2857142857142857,20.0,1.0,2.0,5.25,5,2.0
1156,35,1,0,0.375,5,3.0,3,0.7083333333333333,1,0.5714285714285714,100.0,7.0,5.0,3.25,3,5.0
2372,37,1,0,0.375,4,3.0,2,0.4166666666666667,6,0.4285714285714285,80.0,6.0,6.0,7.0,7,7.0
2272,19,0,0,0.25,1,,2,0.125,1,0.7142857142857143,70.0,3.0,3.0,1.75,3,4.0
36,51,1,0,0.5,4,1.0,2,0.0833333333333333,1,0.4285714285714285,80.0,3.0,5.0,4.25,5,4.0
1309,37,0,0,0.25,2,1.0,1,0.0,4,0.5714285714285714,60.0,3.0,4.0,3.0,2,6.0
1090,33,0,0,0.1428571428571428,2,1.0,1,0.2083333333333333,2,0.4285714285714285,60.0,2.0,2.0,3.0,2,6.0
1768,33,1,0,0.5,4,3.0,2,0.6666666666666666,1,0.4285714285714285,70.0,5.0,6.0,2.75,6,6.0
545,28,1,0,0.375,4,1.0,1,0.5416666666666666,2,0.5714285714285714,70.0,4.0,2.0,2.75,2,7.0
2073,20,1,1,0.25,2,3.0,1,1.0,1,0.7142857142857143,90.0,6.0,6.0,4.5,6,3.0
1465,40,1,0,0.125,1,,1,0.4166666666666667,1,0.5714285714285714,80.0,2.0,1.0,5.0,5,4.0
97,40,1,0,0.375,4,3.0,3,0.25,1,0.5714285714285714,90.0,6.0,6.0,5.0,6,4.0
847,62,1,0,0.0,5,,3,0.4583333333333333,1,0.5714285714285714,80.0,5.0,5.0,3.75,5,5.0
561,41,0,0,0.25,3,1.0,1,0.6666666666666666,1,0.5714285714285714,90.0,4.0,4.0,4.5,6,5.0
1686,34,0,0,0.125,2,1.0,1,0.1666666666666666,1,0.2857142857142857,70.0,4.0,5.0,4.0,5,5.0
1165,31,0,0,0.125,2,1.0,2,0.2916666666666666,5,0.7142857142857143,90.0,4.0,4.0,4.0,5,4.0
122,49,0,0,0.5,5,3.0,2,0.0,1,0.5714285714285714,80.0,4.0,5.0,5.0,6,3.0
636,35,1,0,0.875,4,3.0,3,0.6666666666666667,1,0.2857142857142857,80.0,4.0,3.0,5.25,5,3.0
704,46,1,1,0.375,2,2.0,3,0.3333333333333333,1,0.7142857142857143,90.0,5.0,6.0,2.75,5,6.0
942,27,1,0,0.25,2,3.0,2,0.5833333333333333,1,0.5714285714285714,70.0,4.0,5.0,4.5,3,5.0
2030,19,1,0,0.25,3,3.0,3,0.4166666666666666,2,0.2857142857142857,70.0,5.0,5.0,4.0,5,4.0
189,53,0,1,0.625,5,3.0,3,0.5,1,0.7142857142857143,50.0,7.0,7.0,4.25,6,6.0
2050,32,1,0,0.7142857142857143,4,3.0,3,0.7916666666666667,4,0.4285714285714285,70.0,5.0,5.0,2.25,6,4.0
1873,28,0,0,0.2857142857142857,4,1.0,2,0.5,7,0.5714285714285714,20.0,4.0,5.0,4.25,5,4.0
2169,52,0,0,0.2857142857142857,5,2.0,2,0.2083333333333333,1,0.4285714285714285,50.0,2.0,2.0,5.25,1,6.0
1172,32,1,0,0.5,3,1.0,2,0.2916666666666666,1,0.5714285714285714,80.0,4.0,7.0,3.5,3,4.0
1558,27,0,0,0.125,3,3.0,3,0.0,1,0.5714285714285714,80.0,5.0,5.0,5.5,5,3.0
1417,35,0,0,0.1428571428571428,3,3.0,1,0.4583333333333333,1,0.4285714285714285,60.0,3.0,4.0,3.5,3,4.0
350,40,0,0,0.0,1,1.0,1,0.0,1,0.2857142857142857,40.0,6.0,1.0,4.0,4,3.0
1904,21,0,1,0.2857142857142857,1,2.0,2,0.5416666666666667,4,0.4285714285714285,80.0,4.0,3.0,2.5,4,4.0
721,29,0,1,0.7142857142857143,5,3.0,2,0.2916666666666666,1,0.4285714285714285,80.0,5.0,5.0,3.0,5,5.0
2255,45,0,1,0.25,4,3.0,2,0.5833333333333333,1,0.7142857142857143,70.0,5.0,5.0,3.75,5,4.0
2405,32,1,0,0.625,1,1.0,3,0.5,1,0.7142857142857143,100.0,1.0,1.0,2.0,6,4.0
355,32,1,0,0.0,3,,0,0.375,1,0.5714285714285714,60.0,1.0,1.0,3.5,4,2.0
116,28,0,0,0.625,3,3.0,2,0.3333333333333333,1,0.7142857142857143,80.0,4.0,4.0,4.5,3,5.0
694,30,1,0,0.5,2,3.0,3,0.2083333333333333,3,0.7142857142857143,100.0,3.0,5.0,2.5,6,5.0
814,34,0,0,0.0,2,,0,0.4583333333333333,1,0.1428571428571428,10.0,1.0,1.0,3.25,2,6.0
1929,32,0,0,0.375,5,2.0,3,0.2916666666666666,4,0.5714285714285714,90.0,5.0,5.0,4.5,2,5.0
618,40,0,1,0.75,2,3.0,3,0.1666666666666666,1,0.4285714285714285,80.0,5.0,5.0,4.0,6,5.0
2099,44,1,0,0.625,5,2.0,3,0.4166666666666666,4,0.4285714285714285,70.0,5.0,4.0,5.0,5,4.0
1523,42,0,0,0.2857142857142857,1,1.0,0,0.75,1,0.2857142857142857,80.0,2.0,2.0,4.25,4,4.0
1048,26,0,0,0.375,4,2.0,3,0.4583333333333333,5,0.4285714285714285,70.0,3.0,5.0,3.5,5,7.0
1931,51,0,0,0.625,5,3.0,3,0.3333333333333333,1,0.5714285714285714,90.0,7.0,7.0,2.75,5,4.0
689,46,0,0,0.375,3,1.0,3,0.375,3,0.7142857142857143,70.0,5.0,5.0,5.25,5,4.0
633,21,0,0,0.125,2,2.0,2,0.2083333333333333,1,0.5714285714285714,70.0,3.0,2.0,1.75,2,3.0
2,33,1,0,0.25,2,1.0,1,0.5416666666666667,5,0.4285714285714285,80.0,4.0,4.0,3.25,2,4.0
1100,36,1,0,0.125,2,3.0,2,0.2916666666666666,1,0.4285714285714285,70.0,3.0,5.0,5.0,5,5.0
1825,58,0,0,0.125,5,3.0,3,0.125,1,0.5714285714285714,80.0,5.0,5.0,4.5,4,5.0
78,42,1,1,0.375,1,,2,0.3333333333333333,8,0.5714285714285714,60.0,5.0,2.0,2.75,5,7.0
917,19,0,0,0.5,1,2.0,1,0.4166666666666666,1,0.4285714285714285,60.0,3.0,5.0,3.75,5,4.0
437,46,0,0,0.5,5,3.0,1,0.3333333333333333,1,0.7142857142857143,80.0,5.0,5.0,1.5,7,6.0
1567,46,0,0,0.375,4,,3,0.2083333333333333,1,0.4285714285714285,50.0,3.0,3.0,3.75,2,5.0
2104,29,1,1,0.5,3,3.0,3,0.3333333333333333,1,0.4285714285714285,80.0,4.0,5.0,4.25,5,5.0
38,42,1,0,0.375,3,1.0,2,0.0,9,0.7142857142857143,100.0,5.0,6.0,5.5,3,5.0
1531,45,1,0,0.75,5,2.0,2,0.3333333333333333,1,0.5714285714285714,80.0,5.0,5.0,1.25,5,6.0
2279,34,0,0,0.375,3,3.0,2,0.9166666666666669,1,0.7142857142857143,60.0,2.0,5.0,3.0,4,6.0
576,27,0,0,0.375,3,3.0,2,0.5416666666666667,1,0.2857142857142857,80.0,4.0,4.0,2.75,5,4.0
1464,28,1,1,0.25,2,1.0,3,0.7916666666666667,5,0.7142857142857143,90.0,4.0,5.0,3.75,6,4.0
1386,51,1,0,0.75,5,3.0,3,0.3333333333333333,1,0.5714285714285714,90.0,6.0,6.0,3.75,3,4.0
1730,36,1,0,0.375,3,1.0,3,0.4166666666666667,1,0.5714285714285714,70.0,5.0,5.0,5.0,6,5.0
325,58,1,0,0.25,5,3.0,3,0.7916666666666667,2,0.7142857142857143,80.0,6.0,5.0,2.5,3,4.0
1045,33,0,0,0.125,1,,2,0.2083333333333333,5,0.7142857142857143,80.0,4.0,4.0,2.5,4,6.0
426,32,0,0,0.0,3,,1,0.125,1,0.2857142857142857,30.0,3.0,4.0,1.75,7,6.0
1610,52,1,0,0.5,5,3.0,3,0.2083333333333333,1,0.5714285714285714,100.0,7.0,7.0,1.0,4,6.0
236,53,1,0,0.25,2,2.0,2,0.2083333333333333,1,0.5714285714285714,90.0,5.0,6.0,4.0,7,6.0
1484,44,1,0,0.25,4,,2,0.1666666666666666,1,0.4285714285714285,50.0,3.0,3.0,4.5,3,6.0
1220,24,0,0,0.125,2,1.0,1,0.75,1,0.4285714285714285,80.0,4.0,5.0,3.75,3,4.0
247,40,1,0,0.125,2,1.0,2,0.9166666666666669,1,0.5714285714285714,60.0,3.0,4.0,2.75,5,6.0
1439,48,1,0,0.625,5,2.0,2,0.8333333333333333,1,0.7142857142857143,100.0,4.0,7.0,2.25,5,4.0
1890,26,1,0,0.125,2,,0,0.2083333333333333,1,0.7142857142857143,80.0,2.0,4.0,2.25,5,4.0
1565,23,1,0,0.125,1,,1,0.2083333333333333,1,0.5714285714285714,50.0,2.0,2.0,1.75,5,7.0
397,33,1,1,0.625,4,1.0,2,1.0,1,0.5714285714285714,70.0,4.0,5.0,4.0,5,4.0
730,19,0,0,0.25,5,,2,0.5,6,0.5714285714285714,50.0,2.0,2.0,2.5,5,6.0
1337,47,1,0,0.375,4,1.0,2,0.0833333333333333,1,0.7142857142857143,70.0,4.0,5.0,6.25,3,5.0
627,22,1,0,0.5,3,3.0,2,0.2916666666666666,1,0.5714285714285714,70.0,5.0,5.0,3.5,5,5.0
345,37,1,0,0.625,3,3.0,2,0.9166666666666669,1,0.5714285714285714,70.0,5.0,5.0,4.75,5,5.0
1901,27,1,0,0.375,3,1.0,1,0.2916666666666666,7,0.5714285714285714,70.0,5.0,6.0,4.75,6,5.0
1122,34,0,1,0.75,5,3.0,3,0.375,1,0.5714285714285714,90.0,5.0,5.0,3.0,3,6.0
1964,35,1,0,0.375,4,1.0,1,0.0833333333333333,1,0.7142857142857143,100.0,5.0,5.0,1.0,5,5.0
1384,47,0,0,0.125,5,2.0,3,0.4166666666666666,1,0.4285714285714285,60.0,4.0,5.0,2.5,3,4.0
882,30,1,0,0.5,3,1.0,2,0.3333333333333333,1,0.4285714285714285,70.0,5.0,5.0,3.0,5,4.0
1977,31,1,0,0.0,3,1.0,2,0.8333333333333333,1,0.7142857142857143,100.0,2.0,2.0,4.0,3,4.0
126,33,1,0,0.25,5,3.0,2,0.25,6,0.7142857142857143,90.0,4.0,5.0,5.25,6,2.0
1585,58,0,0,0.2857142857142857,5,,2,0.7916666666666667,1,0.5714285714285714,50.0,2.0,3.0,3.75,5,4.0
1348,39,0,0,0.125,5,,2,0.0833333333333333,1,0.4285714285714285,50.0,4.0,4.0,4.25,2,7.0
2237,29,1,0,1.0,5,3.0,3,0.3333333333333333,1,0.7142857142857143,100.0,6.0,7.0,5.75,6,2.0
880,20,1,1,0.5,2,3.0,3,0.5416666666666666,1,0.7142857142857143,80.0,5.0,3.0,1.75,5,4.0
2224,31,1,1,0.375,5,2.0,3,0.875,1,0.7142857142857143,90.0,5.0,5.0,1.75,6,6.0
1256,34,1,0,0.5,3,1.0,2,0.2916666666666666,7,0.5714285714285714,100.0,3.0,5.0,5.25,4,4.0
128,46,0,0,0.5714285714285714,4,1.0,2,0.3333333333333333,3,0.4285714285714285,50.0,4.0,5.0,2.5,1,6.0
603,20,1,0,0.25,2,2.0,2,0.5416666666666666,1,0.2857142857142857,60.0,4.0,3.0,3.5,5,3.0
1049,35,1,0,0.375,5,1.0,3,0.4166666666666666,1,0.7142857142857143,90.0,6.0,4.0,3.75,5,6.0
20,26,1,0,0.4285714285714285,4,2.0,3,0.625,1,0.4285714285714285,80.0,6.0,6.0,3.75,5,5.0
1504,33,1,1,0.75,3,1.0,3,0.5,6,0.7142857142857143,90.0,6.0,6.0,5.0,6,7.0
1930,37,0,0,0.5,5,,2,0.2083333333333333,1,0.4285714285714285,90.0,4.0,5.0,5.0,4,7.0
1078,41,0,0,0.625,4,2.0,1,0.4583333333333333,1,0.5714285714285714,70.0,5.0,3.0,3.75,5,4.0
793,37,1,0,0.5,5,3.0,3,0.3333333333333333,1,0.4285714285714285,80.0,5.0,4.0,3.25,7,5.0
1336,32,0,0,0.25,3,1.0,1,0.5833333333333333,8,0.1428571428571428,30.0,2.0,1.0,2.5,5,2.0
724,20,1,0,0.0,1,,2,0.2083333333333333,1,0.7142857142857143,90.0,5.0,2.0,1.5,2,6.0
1829,37,1,0,0.75,4,3.0,3,0.4166666666666666,1,0.5714285714285714,90.0,4.0,5.0,3.0,6,6.0
951,47,0,0,0.4285714285714285,5,,1,0.2083333333333333,1,0.5714285714285714,60.0,3.0,4.0,1.75,6,3.0
1622,29,0,0,0.5,4,3.0,3,0.5833333333333333,1,0.7142857142857143,100.0,6.0,7.0,3.25,6,5.0
642,33,1,0,0.375,4,2.0,2,0.5833333333333333,3,0.7142857142857143,80.0,4.0,4.0,4.0,5,6.0
803,28,1,0,0.625,4,3.0,3,0.1666666666666666,6,0.2857142857142857,60.0,5.0,5.0,3.75,5,4.0
1658,58,0,1,0.25,4,2.0,3,0.0833333333333333,1,0.7142857142857143,80.0,3.0,5.0,3.75,3,4.0
1177,40,0,0,0.5,4,2.0,2,0.2916666666666666,4,0.4285714285714285,40.0,3.0,5.0,4.5,3,3.0
1479,42,0,1,0.375,3,1.0,2,0.8333333333333333,1,0.5714285714285714,80.0,5.0,5.0,3.75,2,6.0
1714,37,0,0,0.375,5,,1,0.0833333333333333,1,0.5714285714285714,80.0,5.0,4.0,3.25,3,4.0
972,32,0,0,0.125,1,,1,0.125,1,0.4285714285714285,80.0,1.0,1.0,4.75,1,2.0
1766,37,1,0,0.0,1,,1,0.6666666666666666,1,0.5714285714285714,80.0,5.0,5.0,1.0,2,6.0
65,34,0,0,0.375,4,3.0,3,0.375,3,0.4285714285714285,70.0,7.0,6.0,4.0,6,6.0
424,30,1,0,0.5714285714285714,2,1.0,1,0.6666666666666666,2,0.4285714285714285,30.0,2.0,2.0,4.5,5,5.0
1354,66,0,0,0.5,2,2.0,3,0.0,1,0.5714285714285714,30.0,1.0,1.0,3.25,4,4.0
1607,48,0,0,0.25,5,,2,0.4166666666666667,3,0.4285714285714285,70.0,6.0,5.0,3.5,5,4.0
1118,27,1,0,0.375,4,2.0,3,0.3333333333333333,1,0.7142857142857143,80.0,3.0,4.0,3.75,6,6.0
1952,28,1,0,0.5,1,2.0,3,0.6666666666666667,1,0.2857142857142857,100.0,5.0,7.0,4.75,7,7.0
1746,33,1,0,0.375,3,3.0,3,0.2083333333333333,2,0.7142857142857143,90.0,5.0,5.0,5.75,5,4.0
1308,66,0,0,0.8,5,,3,0.25,4,0.5714285714285714,100.0,4.0,5.0,3.75,4,5.0
29,31,1,0,0.125,3,1.0,1,0.5,8,0.5714285714285714,50.0,2.0,2.0,1.5,3,2.0
204,48,0,0,0.375,4,2.0,3,0.3333333333333333,1,0.7142857142857143,90.0,5.0,5.0,5.25,6,5.0
1791,35,1,1,0.375,5,3.0,3,0.6666666666666666,1,0.5714285714285714,70.0,6.0,7.0,6.5,5,3.0
1670,54,1,0,0.75,5,1.0,3,0.4166666666666666,1,0.5714285714285714,90.0,6.0,5.0,4.5,3,5.0
1108,43,1,0,0.5,5,3.0,3,0.75,1,0.5714285714285714,100.0,7.0,6.0,4.5,5,4.0
802,50,1,0,0.5,5,1.0,3,0.4166666666666666,1,0.7142857142857143,90.0,5.0,5.0,3.5,5,5.0
1624,48,1,0,0.625,5,3.0,3,0.25,1,0.7142857142857143,80.0,6.0,5.0,5.25,6,5.0
388,39,0,0,0.125,2,1.0,2,0.125,5,0.2857142857142857,20.0,1.0,1.0,3.25,5,4.0
399,29,0,0,0.25,3,3.0,3,0.4166666666666666,1,0.4285714285714285,80.0,4.0,3.0,3.75,2,6.0
1817,44,0,0,0.4285714285714285,4,2.0,2,0.2916666666666666,2,0.5714285714285714,40.0,3.0,4.0,3.5,3,4.0
735,37,0,0,0.125,5,,1,0.5,5,0.4285714285714285,80.0,4.0,5.0,4.0,3,4.0
213,37,1,0,0.5,5,2.0,2,0.0,1,0.4285714285714285,80.0,6.0,7.0,3.0,5,6.0
477,40,1,0,0.25,3,3.0,3,0.2083333333333333,1,0.7142857142857143,70.0,6.0,6.0,4.0,6,4.0
902,48,1,0,0.375,5,3.0,2,0.4583333333333333,1,0.7142857142857143,90.0,6.0,5.0,4.5,3,4.0
973,66,0,0,0.0,5,,1,0.25,2,0.2857142857142857,10.0,1.0,1.0,4.25,5,4.0
1955,38,0,0,0.2857142857142857,4,3.0,3,0.375,1,0.5714285714285714,50.0,3.0,4.0,3.75,2,5.0
218,56,1,0,0.5,5,1.0,3,0.3333333333333333,1,0.7142857142857143,80.0,6.0,6.0,3.5,5,4.0
317,33,1,0,0.375,3,1.0,1,0.5,5,0.5714285714285714,80.0,3.0,3.0,3.0,5,7.0
894,57,1,0,0.125,5,,3,0.3333333333333333,1,0.5714285714285714,50.0,4.0,6.0,2.5,5,4.0
830,29,1,0,0.25,4,3.0,2,0.1666666666666666,1,0.2857142857142857,80.0,5.0,5.0,4.5,6,4.0
2282,34,1,0,0.5,3,,3,0.4166666666666666,1,0.5714285714285714,70.0,5.0,5.0,4.0,4,4.0
1781,18,1,0,0.125,1,1.0,2,0.2083333333333333,3,0.7142857142857143,80.0,2.0,4.0,4.5,2,5.0
944,42,1,1,0.625,5,1.0,1,0.2916666666666666,1,0.7142857142857143,90.0,2.0,2.0,3.25,5,6.0
2103,26,0,0,0.375,3,2.0,1,0.5,1,0.7142857142857143,90.0,5.0,5.0,3.25,5,5.0
7,43,0,1,0.375,4,2.0,3,0.75,4,0.7142857142857143,70.0,4.0,5.0,5.0,6,7.0
1123,57,1,0,0.375,4,3.0,3,0.9166666666666669,9,0.7142857142857143,100.0,6.0,6.0,2.25,5,6.0
578,53,0,0,0.375,5,2.0,3,0.0,1,0.7142857142857143,90.0,4.0,5.0,1.75,5,7.0
2223,54,0,0,0.125,4,,2,0.375,5,0.7142857142857143,70.0,5.0,6.0,3.75,5,5.0
1623,43,1,0,0.375,4,1.0,3,0.5833333333333333,5,0.4285714285714285,90.0,5.0,6.0,4.75,3,5.0
1456,26,1,1,0.25,3,3.0,3,0.5,1,0.7142857142857143,90.0,7.0,7.0,2.5,7,1.0
1462,33,1,0,0.25,2,2.0,3,0.5416666666666667,1,0.7142857142857143,90.0,5.0,5.0,3.75,5,6.0
1351,44,0,0,0.25,2,1.0,2,0.3333333333333333,4,0.5714285714285714,70.0,3.0,4.0,4.25,3,4.0
1841,39,1,0,0.25,3,1.0,2,0.2083333333333333,1,0.5714285714285714,60.0,3.0,4.0,4.75,5,2.0
979,41,0,0,0.25,3,1.0,1,0.3333333333333333,1,0.4285714285714285,50.0,4.0,5.0,2.75,5,3.0
1111,24,0,0,0.375,2,1.0,2,0.25,4,0.5714285714285714,70.0,4.0,3.0,3.0,3,4.0
1238,33,1,0,0.5,2,1.0,2,0.5416666666666667,7,0.5714285714285714,40.0,4.0,3.0,4.75,2,6.0
280,27,1,0,0.375,3,2.0,3,0.5833333333333333,2,0.7142857142857143,90.0,4.0,5.0,5.0,5,4.0
1732,30,0,0,0.25,3,3.0,1,0.375,4,0.5714285714285714,60.0,3.0,4.0,3.5,6,4.0
1447,29,1,0,0.125,4,1.0,3,0.5416666666666667,1,0.5714285714285714,70.0,5.0,4.0,4.5,5,4.0
1096,22,0,0,1.0,2,1.0,2,0.4166666666666666,2,0.2857142857142857,80.0,7.0,5.0,4.25,6,4.0
2090,21,0,0,0.2857142857142857,3,1.0,1,0.0833333333333333,1,0.5714285714285714,30.0,2.0,3.0,1.0,5,5.0
1767,39,0,0,0.25,3,1.0,1,0.2916666666666666,6,0.5714285714285714,50.0,4.0,4.0,5.0,5,3.0
1782,66,1,0,0.625,5,1.0,3,0.5833333333333334,1,0.7142857142857143,100.0,6.0,4.0,2.25,4,4.0
300,22,0,0,0.25,4,2.0,2,0.9166666666666669,4,0.5714285714285714,100.0,4.0,5.0,1.25,1,6.0
741,29,0,0,0.0,1,,0,0.2916666666666666,4,0.5714285714285714,60.0,2.0,2.0,2.5,3,4.0
509,44,0,0,0.25,3,1.0,2,0.0833333333333333,5,0.2857142857142857,40.0,3.0,2.0,2.0,2,7.0
1594,39,1,0,0.125,5,1.0,2,0.5,1,0.4285714285714285,90.0,4.0,5.0,4.25,4,4.0
135,20,1,1,0.5,4,3.0,3,0.6666666666666667,3,0.7142857142857143,100.0,6.0,5.0,3.0,3,4.0
279,63,0,0,0.625,5,3.0,2,0.2916666666666666,1,0.7142857142857143,70.0,4.0,5.0,4.75,5,2.0
273,31,0,0,0.375,4,2.0,3,0.5416666666666667,1,0.5714285714285714,70.0,3.0,5.0,4.0,5,4.0
2386,25,0,0,0.1666666666666666,2,1.0,2,0.2083333333333333,1,0.4285714285714285,40.0,3.0,3.0,3.75,3,4.0
1461,47,1,0,0.5,5,3.0,3,0.1666666666666666,1,0.5714285714285714,90.0,5.0,5.0,5.0,5,6.0
495,25,0,0,0.25,4,,1,0.4166666666666666,1,0.5714285714285714,90.0,4.0,3.0,3.0,3,2.0
356,34,1,0,0.375,5,2.0,1,0.6666666666666667,1,0.7142857142857143,90.0,5.0,5.0,4.5,4,4.0
673,36,0,0,0.375,4,3.0,2,0.1666666666666666,1,0.7142857142857143,60.0,2.0,4.0,5.5,2,6.0
2310,33,0,0,0.0,4,,1,0.5,4,0.2857142857142857,70.0,4.0,3.0,6.0,1,4.0
1789,39,0,0,0.5,3,1.0,2,0.75,1,0.5714285714285714,80.0,5.0,5.0,2.0,2,6.0
335,49,0,0,0.375,3,1.0,1,0.2916666666666666,1,0.5714285714285714,30.0,2.0,3.0,4.25,2,4.0
357,50,1,1,0.875,5,3.0,3,0.75,3,0.7142857142857143,80.0,6.0,6.0,4.25,5,7.0
1209,42,0,0,0.25,1,2.0,2,0.2916666666666666,1,0.7142857142857143,80.0,5.0,5.0,5.25,5,6.0
2258,39,0,0,0.125,1,3.0,1,0.9166666666666669,1,0.5714285714285714,80.0,4.0,3.0,3.75,6,6.0
854,39,1,0,0.25,4,1.0,1,0.25,3,0.4285714285714285,60.0,4.0,5.0,2.5,4,4.0
1469,69,0,0,0.8571428571428571,4,2.0,2,0.1666666666666666,1,0.4285714285714285,80.0,1.0,4.0,1.5,5,2.0
1467,32,1,0,1.0,4,2.0,3,0.8333333333333333,1,0.5714285714285714,90.0,5.0,6.0,5.0,5,4.0
248,29,1,0,0.5,4,2.0,2,0.3333333333333333,1,0.5714285714285714,70.0,4.0,3.0,4.5,5,6.0
107,43,1,0,0.25,4,,3,0.0833333333333333,5,0.7142857142857143,80.0,4.0,5.0,3.75,5,4.0
1940,70,0,0,0.125,5,,1,0.4166666666666666,1,0.5714285714285714,80.0,1.0,1.0,4.0,5,4.0
147,23,0,1,0.375,2,1.0,1,0.25,1,0.7142857142857143,90.0,5.0,7.0,4.5,5,5.0
244,29,0,0,0.0,1,,1,0.625,2,0.0,30.0,1.0,1.0,4.5,2,3.0
2126,22,1,0,0.875,4,3.0,3,0.5833333333333333,1,0.5714285714285714,60.0,5.0,5.0,4.5,4,4.0
403,37,1,0,0.25,3,2.0,1,0.4583333333333333,1,0.7142857142857143,90.0,4.0,3.0,3.25,5,6.0
1544,46,1,0,0.75,5,2.0,3,0.5833333333333333,9,0.5714285714285714,80.0,5.0,5.0,4.25,7,5.0
2252,58,1,1,0.5,5,3.0,3,0.5833333333333333,5,0.2857142857142857,90.0,6.0,6.0,3.25,7,5.0
392,45,0,1,0.25,4,2.0,2,0.8333333333333333,9,0.2857142857142857,30.0,6.0,5.0,5.0,3,2.0
1660,35,1,1,0.875,5,2.0,3,0.3333333333333333,1,0.5714285714285714,100.0,5.0,6.0,2.75,5,5.0
3,45,1,0,0.375,5,2.0,3,0.5833333333333333,1,0.7142857142857143,80.0,5.0,6.0,4.75,6,3.0
1005,65,0,0,0.125,5,,0,0.2083333333333333,1,0.7142857142857143,30.0,1.0,1.0,4.0,4,4.0
395,29,1,1,0.375,2,3.0,3,0.3333333333333333,1,0.7142857142857143,90.0,6.0,6.0,4.0,6,2.0
1517,51,1,0,0.5,5,2.0,2,0.1666666666666666,1,0.4285714285714285,80.0,5.0,5.0,4.5,2,5.0
1919,20,1,0,0.2857142857142857,1,3.0,2,0.5833333333333333,1,0.5714285714285714,70.0,3.0,3.0,3.75,6,4.0
570,25,1,1,0.625,3,2.0,2,0.25,8,0.7142857142857143,70.0,5.0,4.0,3.25,5,4.0
220,39,1,0,0.625,5,3.0,3,0.2083333333333333,1,0.4285714285714285,90.0,6.0,6.0,4.25,5,5.0
2330,30,1,1,0.2857142857142857,3,3.0,2,0.125,9,0.5714285714285714,80.0,6.0,5.0,1.5,2,6.0
2395,30,1,0,0.125,2,1.0,2,0.7916666666666667,6,0.1428571428571428,40.0,3.0,2.0,3.0,3,5.0
913,32,0,0,0.375,4,1.0,3,0.0,1,0.4285714285714285,90.0,5.0,6.0,3.75,7,2.0
1550,38,1,0,0.125,3,2.0,3,0.375,5,0.5714285714285714,60.0,4.0,4.0,3.0,4,4.0
1506,50,0,0,0.375,4,1.0,2,0.125,1,0.4285714285714285,50.0,4.0,4.0,2.75,5,6.0
773,52,0,0,0.25,5,,2,0.375,2,0.2857142857142857,20.0,4.0,1.0,3.75,4,6.0
743,50,1,0,0.5,5,2.0,2,0.25,1,0.5714285714285714,100.0,7.0,7.0,3.5,4,5.0
2032,32,1,0,0.5,4,1.0,1,0.4166666666666666,1,0.4285714285714285,60.0,2.0,3.0,3.75,5,5.0
538,37,1,0,0.25,5,1.0,1,0.8333333333333333,1,0.4285714285714285,70.0,4.0,5.0,4.25,5,5.0
926,30,1,0,0.25,2,2.0,2,0.2083333333333333,1,0.5714285714285714,70.0,4.0,5.0,4.25,5,4.0
2253,32,1,0,0.25,4,1.0,2,0.5833333333333333,2,0.7142857142857143,100.0,6.0,6.0,3.75,3,4.0
895,25,0,0,1.0,3,,2,0.3333333333333333,5,0.5714285714285714,70.0,4.0,4.0,1.5,4,4.0
1551,42,0,0,0.125,4,2.0,2,0.3333333333333333,1,0.5714285714285714,80.0,4.0,6.0,4.0,5,4.0
861,39,0,0,0.625,3,1.0,3,0.5,1,0.7142857142857143,20.0,4.0,4.0,4.0,5,5.0
1170,41,0,0,0.125,5,,1,0.7083333333333333,5,0.2857142857142857,10.0,1.0,2.0,3.5,5,4.0
779,60,0,0,0.7142857142857143,5,3.0,3,0.25,2,0.5714285714285714,60.0,5.0,3.0,4.0,3,6.0
1229,43,1,0,0.375,5,2.0,3,0.5833333333333333,1,0.7142857142857143,90.0,5.0,5.0,4.5,6,4.0
161,32,1,0,0.5,5,3.0,3,0.3333333333333333,1,0.7142857142857143,90.0,6.0,6.0,6.25,4,4.0
599,43,0,0,0.0,1,,1,0.4583333333333333,1,0.2857142857142857,80.0,3.0,4.0,4.0,3,6.0
906,33,1,0,0.375,4,3.0,3,0.4583333333333333,4,0.7142857142857143,50.0,5.0,5.0,4.0,6,5.0
2094,45,1,0,0.75,5,2.0,3,0.4583333333333333,3,0.5714285714285714,70.0,5.0,5.0,4.75,3,4.0
1885,38,0,0,0.375,1,3.0,3,0.1666666666666666,1,0.2857142857142857,80.0,5.0,6.0,2.0,6,6.0
2362,55,0,0,0.5,5,,1,0.3333333333333333,1,0.7142857142857143,70.0,5.0,3.0,4.0,4,3.0
732,48,0,0,0.375,1,3.0,3,0.3333333333333333,1,0.5714285714285714,90.0,5.0,6.0,4.0,5,5.0
1917,29,0,0,0.25,2,3.0,2,0.5,1,0.7142857142857143,90.0,4.0,4.0,4.75,5,4.0
993,78,0,0,0.375,5,1.0,2,0.25,5,0.5714285714285714,80.0,5.0,5.0,3.5,3,5.0
2053,25,1,0,0.625,4,3.0,3,0.2916666666666666,1,0.7142857142857143,50.0,5.0,4.0,2.0,5,6.0
197,68,0,0,0.5,5,3.0,3,0.8333333333333333,5,0.4285714285714285,70.0,5.0,6.0,3.25,5,3.0
210,25,1,0,0.5,3,2.0,2,0.5833333333333334,1,0.5714285714285714,60.0,3.0,2.0,1.75,5,5.0
1001,30,1,0,0.625,4,1.0,2,0.5833333333333333,1,0.5714285714285714,60.0,3.0,4.0,4.0,5,4.0
589,45,0,0,0.5714285714285714,4,1.0,2,0.1666666666666666,1,0.5714285714285714,80.0,3.0,4.0,4.0,3,4.0
1913,49,1,1,0.75,3,3.0,2,0.4166666666666666,1,0.7142857142857143,60.0,4.0,5.0,4.0,5,3.0
398,23,1,0,0.0,1,,1,0.0,2,0.5714285714285714,60.0,4.0,3.0,3.5,6,5.0
43,34,0,0,0.8,2,2.0,1,0.2916666666666666,1,0.7142857142857143,60.0,5.0,5.0,3.0,4,4.0
1634,28,0,0,0.25,3,1.0,1,0.3333333333333333,1,0.5714285714285714,60.0,2.0,5.0,1.0,4,6.0
2271,55,1,0,0.5,5,2.0,3,0.3333333333333333,1,0.5714285714285714,80.0,5.0,5.0,4.75,5,4.0
2275,46,0,0,0.125,1,,2,0.9166666666666669,3,0.7142857142857143,80.0,3.0,5.0,3.75,5,3.0
2389,30,0,0,0.5,4,3.0,3,0.0833333333333333,1,0.7142857142857143,60.0,5.0,5.0,1.5,3,5.0
1502,46,0,0,0.375,5,1.0,2,0.3333333333333333,3,0.2857142857142857,70.0,3.0,5.0,3.5,6,3.0
2130,48,1,0,0.5,5,3.0,3,0.5833333333333334,1,0.7142857142857143,100.0,5.0,5.0,5.25,7,6.0
940,24,0,0,0.5,3,1.0,1,0.0833333333333333,5,0.7142857142857143,70.0,3.0,3.0,3.75,5,6.0
295,25,0,1,0.625,2,3.0,2,0.25,1,0.5714285714285714,70.0,5.0,4.0,1.75,6,7.0
1234,56,1,0,0.625,5,3.0,3,0.3333333333333333,4,0.7142857142857143,90.0,5.0,6.0,3.25,4,5.0
2124,59,1,0,0.25,5,,1,0.1666666666666666,1,0.5714285714285714,80.0,4.0,5.0,2.25,5,3.0
1200,47,1,0,0.0,4,,1,0.2916666666666666,1,0.4285714285714285,70.0,2.0,2.0,3.5,5,6.0
938,36,1,1,0.75,3,3.0,3,0.4583333333333333,2,0.7142857142857143,80.0,6.0,5.0,4.5,6,6.0
1584,43,1,0,0.25,5,3.0,3,0.8333333333333333,1,0.4285714285714285,50.0,6.0,5.0,5.25,5,5.0
1058,48,1,0,0.625,4,3.0,3,0.2083333333333333,6,0.7142857142857143,90.0,6.0,7.0,4.0,5,4.0
1273,39,1,0,0.25,1,2.0,2,0.4583333333333333,3,0.5714285714285714,60.0,4.0,3.0,3.25,6,4.0
1724,30,0,0,0.25,5,,3,0.625,1,0.4285714285714285,80.0,4.0,2.0,3.5,2,6.0
919,48,0,0,0.125,3,,0,0.5,1,0.2857142857142857,10.0,1.0,1.0,4.25,2,5.0
281,58,0,0,0.5,2,1.0,2,0.2083333333333333,2,0.5714285714285714,70.0,4.0,3.0,3.75,5,4.0
1470,52,1,0,0.6666666666666666,5,1.0,2,0.4583333333333333,1,0.5714285714285714,90.0,4.0,5.0,1.25,5,5.0
1548,35,0,0,0.5,5,3.0,3,0.2916666666666666,1,0.2857142857142857,50.0,4.0,5.0,2.25,5,4.0
933,30,0,0,0.25,2,2.0,1,0.2083333333333333,1,0.4285714285714285,60.0,4.0,3.0,3.0,3,3.0
1581,20,0,0,0.0,2,1.0,2,0.0833333333333333,1,0.2857142857142857,50.0,4.0,5.0,4.0,3,4.0
505,46,1,0,0.5714285714285714,1,2.0,3,0.4583333333333333,1,0.4285714285714285,90.0,5.0,6.0,4.0,5,5.0
2005,43,1,0,0.375,4,2.0,2,0.5833333333333333,5,0.2857142857142857,30.0,4.0,4.0,5.0,5,4.0
1458,28,1,0,0.625,5,1.0,1,0.2916666666666666,1,0.5714285714285714,80.0,5.0,4.0,3.75,4,4.0
364,56,1,0,0.625,4,1.0,3,0.4583333333333333,5,0.2857142857142857,70.0,5.0,6.0,4.75,6,5.0
1923,30,1,0,0.625,2,2.0,3,1.0,1,0.7142857142857143,100.0,7.0,7.0,7.0,6,5.0
2069,25,0,1,0.5,1,2.0,3,0.75,6,0.5714285714285714,100.0,7.0,7.0,1.75,7,1.0
1033,38,0,0,0.125,3,1.0,2,0.0833333333333333,1,0.7142857142857143,70.0,4.0,3.0,3.25,5,4.0
1438,42,0,0,0.125,2,1.0,1,0.0833333333333333,9,0.4285714285714285,50.0,3.0,4.0,5.5,6,2.0
90,32,1,0,0.25,5,2.0,3,0.5833333333333333,1,0.5714285714285714,80.0,4.0,4.0,2.75,5,4.0
2153,31,0,0,0.7142857142857143,3,1.0,2,0.3333333333333333,1,0.5714285714285714,90.0,7.0,5.0,3.0,5,4.0
8,23,0,0,0.25,2,2.0,2,0.25,1,0.5714285714285714,70.0,5.0,6.0,1.75,2,4.0
2097,30,0,1,0.25,1,2.0,3,0.375,5,0.5714285714285714,100.0,6.0,5.0,3.75,7,6.0
645,24,1,0,0.5,2,1.0,2,0.5,5,0.4285714285714285,70.0,4.0,3.0,4.0,3,5.0
613,53,0,1,0.6666666666666666,1,,2,0.4583333333333333,1,0.4285714285714285,50.0,3.0,1.0,5.0,5,3.0
2179,38,1,0,0.0,4,,1,0.2916666666666666,9,0.7142857142857143,40.0,4.0,4.0,4.0,3,4.0
2175,49,0,0,0.25,2,1.0,2,0.1666666666666666,5,0.1428571428571428,20.0,3.0,5.0,4.5,5,3.0
215,50,1,0,0.375,5,1.0,3,0.4166666666666666,1,0.4285714285714285,80.0,4.0,4.0,5.0,6,5.0
2020,39,1,0,0.5,5,1.0,1,0.4166666666666666,5,0.7142857142857143,90.0,4.0,2.0,4.25,4,6.0
2183,50,1,0,0.25,2,1.0,2,0.8333333333333333,1,0.4285714285714285,70.0,3.0,2.0,2.25,5,5.0
953,49,1,0,0.0,1,,3,0.3333333333333333,1,0.7142857142857143,90.0,5.0,4.0,2.25,4,4.0
315,51,1,1,0.375,5,,3,0.6666666666666666,3,0.7142857142857143,100.0,6.0,5.0,4.0,6,6.0
1857,63,0,0,0.5,4,3.0,2,0.2083333333333333,1,0.4285714285714285,40.0,2.0,3.0,2.75,3,5.0
1132,36,1,1,0.25,5,,3,0.1666666666666666,1,0.5714285714285714,50.0,4.0,5.0,4.0,4,5.0
1341,18,1,0,0.0,3,,1,0.4583333333333333,3,0.5714285714285714,70.0,3.0,5.0,3.5,2,6.0
2274,47,1,0,0.25,4,3.0,3,0.4583333333333333,1,0.4285714285714285,70.0,6.0,6.0,4.0,5,5.0
1786,23,1,1,0.125,2,1.0,2,0.3333333333333333,2,0.7142857142857143,80.0,4.0,5.0,3.25,4,6.0
1505,34,0,0,0.5,5,2.0,2,0.2083333333333333,8,0.7142857142857143,80.0,2.0,6.0,1.0,5,4.0
1433,20,1,0,1.0,3,2.0,2,0.6666666666666667,1,0.2857142857142857,40.0,4.0,5.0,3.75,6,6.0
1030,27,1,1,0.625,4,3.0,3,0.3333333333333333,1,0.5714285714285714,80.0,6.0,7.0,3.25,6,3.0
1119,50,1,0,0.25,1,3.0,1,0.1666666666666666,1,0.2857142857142857,80.0,2.0,4.0,4.25,5,4.0
376,52,0,0,0.0,5,,1,0.4583333333333333,1,0.4285714285714285,50.0,2.0,4.0,3.5,5,4.0
2325,33,1,0,0.25,5,1.0,1,0.2083333333333333,4,0.4285714285714285,90.0,5.0,5.0,5.25,5,3.0
1587,28,0,0,0.125,2,1.0,1,0.375,1,0.4285714285714285,50.0,3.0,3.0,2.5,2,4.0
826,41,0,0,0.375,5,2.0,3,0.25,1,0.4285714285714285,50.0,4.0,3.0,2.5,4,5.0
662,19,1,1,0.5,2,3.0,3,0.6666666666666667,8,0.7142857142857143,90.0,6.0,5.0,4.75,4,3.0
2078,56,1,1,0.875,3,2.0,2,0.75,5,0.4285714285714285,90.0,7.0,6.0,5.25,6,5.0
1778,27,1,0,0.25,3,1.0,2,0.5833333333333333,1,0.7142857142857143,100.0,3.0,5.0,3.5,5,3.0
2208,44,1,1,0.875,3,2.0,2,0.6666666666666667,6,0.4285714285714285,90.0,6.0,6.0,5.25,6,5.0
162,40,1,0,0.25,2,1.0,3,0.2916666666666666,1,0.7142857142857143,90.0,6.0,6.0,5.0,5,4.0
846,41,0,0,0.25,2,2.0,3,0.375,4,0.5714285714285714,40.0,3.0,5.0,2.75,3,5.0
531,77,1,0,0.25,5,,3,0.125,1,0.4285714285714285,90.0,5.0,6.0,4.0,5,3.0
223,38,1,0,0.375,1,2.0,2,0.0,1,0.7142857142857143,80.0,4.0,7.0,1.5,7,7.0
585,59,0,0,0.625,5,1.0,3,0.0833333333333333,1,0.7142857142857143,90.0,5.0,5.0,3.25,3,4.0
80,33,0,0,0.25,4,1.0,1,0.7916666666666667,1,0.5714285714285714,60.0,4.0,2.0,3.0,2,5.0
1532,49,0,0,0.75,5,2.0,2,0.375,1,0.4285714285714285,70.0,5.0,4.0,4.0,3,4.0
250,37,1,0,0.375,4,3.0,2,0.0833333333333333,8,0.2857142857142857,50.0,5.0,5.0,4.0,3,4.0
1050,41,0,0,0.625,3,2.0,2,0.5833333333333333,5,0.4285714285714285,80.0,5.0,5.0,4.0,5,4.0
490,25,1,0,0.375,4,3.0,3,0.5833333333333333,4,0.7142857142857143,40.0,6.0,5.0,3.5,5,6.0
1137,43,1,1,0.375,3,1.0,3,0.25,5,0.4285714285714285,90.0,6.0,7.0,4.5,5,3.0
1135,35,1,1,1.0,5,1.0,3,0.6666666666666667,6,0.4285714285714285,80.0,3.0,7.0,5.25,3,6.0
439,47,1,0,0.25,2,3.0,3,0.25,1,0.4285714285714285,90.0,4.0,5.0,3.75,5,4.0
1738,20,1,0,0.625,3,3.0,3,0.125,7,0.7142857142857143,90.0,5.0,5.0,3.5,1,2.0
232,32,1,0,0.25,2,3.0,2,0.5833333333333333,7,0.5714285714285714,70.0,1.0,2.0,2.25,7,2.0
334,20,1,1,0.25,2,1.0,2,0.75,1,0.5714285714285714,70.0,5.0,3.0,1.75,5,5.0
1689,40,0,0,0.125,4,,2,0.3333333333333333,2,0.7142857142857143,70.0,4.0,4.0,4.75,3,4.0
457,47,1,0,0.375,4,2.0,1,0.5833333333333334,1,0.4285714285714285,70.0,3.0,3.0,4.5,5,4.0
1887,42,1,0,0.375,5,3.0,3,0.0833333333333333,1,0.5714285714285714,80.0,3.0,6.0,4.5,5,3.0
157,38,1,0,0.5,5,3.0,3,0.5833333333333333,1,0.5714285714285714,100.0,6.0,5.0,2.25,2,5.0
781,27,1,0,0.625,2,1.0,2,0.4583333333333333,4,0.5714285714285714,80.0,2.0,2.0,3.25,2,6.0
2402,45,1,0,0.375,5,3.0,3,0.4166666666666667,4,0.4285714285714285,90.0,4.0,5.0,5.75,4,4.0
331,22,1,0,0.5,2,3.0,2,0.2083333333333333,1,0.5714285714285714,20.0,3.0,5.0,3.0,6,5.0
131,36,0,0,0.625,4,2.0,1,0.1666666666666666,1,0.7142857142857143,80.0,3.0,3.0,3.5,4,4.0
1733,39,1,0,0.25,3,3.0,3,0.5,1,0.5714285714285714,90.0,4.0,5.0,4.0,4,
1870,47,0,0,0.5,5,3.0,1,0.2083333333333333,1,0.5714285714285714,90.0,2.0,5.0,4.5,7,4.0
2322,49,1,0,0.25,5,,2,0.4166666666666666,4,0.5714285714285714,90.0,6.0,6.0,3.25,5,5.0
1160,31,0,0,0.5,4,3.0,3,0.2083333333333333,5,0.5714285714285714,80.0,6.0,6.0,3.0,6,5.0
117,42,0,0,0.8,2,2.0,2,0.2083333333333333,1,0.5714285714285714,70.0,4.0,2.0,3.0,3,3.0
1105,29,0,0,0.75,4,3.0,3,0.0,1,0.7142857142857143,100.0,6.0,6.0,2.5,3,6.0
1223,26,1,0,0.0,2,,1,0.125,1,0.5714285714285714,90.0,3.0,2.0,3.25,4,4.0
2231,20,1,0,0.25,1,2.0,3,0.2916666666666666,1,0.5714285714285714,40.0,3.0,3.0,2.75,6,5.0
416,36,1,0,0.125,4,,1,0.0,1,0.5714285714285714,70.0,1.0,1.0,3.5,6,4.0
639,44,1,0,1.0,5,1.0,2,0.0,1,0.2857142857142857,60.0,3.0,4.0,1.0,3,5.0
1441,37,1,0,0.25,5,3.0,3,0.6666666666666667,1,0.7142857142857143,90.0,7.0,7.0,4.25,4,4.0
1179,49,1,0,0.875,5,2.0,2,0.5,5,0.7142857142857143,70.0,4.0,5.0,4.5,4,4.0
2348,39,1,1,0.5,5,3.0,3,0.4166666666666666,3,0.5714285714285714,90.0,5.0,6.0,4.75,5,4.0
275,33,0,0,0.25,4,,3,0.9166666666666669,5,0.2857142857142857,70.0,6.0,6.0,4.0,5,4.0
1302,38,0,0,0.125,1,1.0,1,0.0,1,0.4285714285714285,20.0,1.0,2.0,7.0,1,7.0
380,31,0,0,0.25,3,,0,0.5,1,0.4285714285714285,70.0,1.0,1.0,3.0,4,5.0
1942,44,0,0,0.375,2,1.0,3,0.3333333333333333,3,0.4285714285714285,40.0,4.0,3.0,4.5,5,5.0
976,37,0,0,0.4285714285714285,5,1.0,1,0.4583333333333333,1,0.7142857142857143,60.0,3.0,4.0,2.25,5,4.0
1059,37,1,0,0.5,3,2.0,3,0.6666666666666667,6,0.7142857142857143,70.0,5.0,5.0,2.75,5,5.0
1849,45,0,0,0.25,4,2.0,1,0.3333333333333333,1,0.4285714285714285,90.0,6.0,5.0,4.0,5,3.0
709,27,1,1,0.75,4,3.0,3,0.1666666666666666,1,0.7142857142857143,100.0,7.0,7.0,4.25,5,3.0
2388,37,1,0,0.125,4,3.0,3,0.25,1,0.4285714285714285,70.0,3.0,5.0,3.25,2,6.0
967,54,0,0,0.0,5,,0,0.0,1,0.4285714285714285,40.0,1.0,1.0,5.0,3,3.0
2188,31,1,0,0.3333333333333333,2,,2,0.2916666666666666,5,0.5714285714285714,80.0,5.0,4.0,4.25,5,4.0
692,42,0,0,0.25,5,1.0,1,0.0833333333333333,1,0.5714285714285714,70.0,3.0,4.0,3.5,5,4.0
129,40,0,0,0.25,3,1.0,2,0.3333333333333333,1,0.7142857142857143,80.0,4.0,5.0,3.25,3,5.0
1394,23,0,0,0.125,4,1.0,1,0.6666666666666666,1,1.0,80.0,4.0,3.0,1.0,3,4.0
696,65,0,0,0.5,5,1.0,2,0.4583333333333333,1,0.7142857142857143,90.0,4.0,6.0,2.5,4,4.0
1559,21,1,1,0.25,2,3.0,1,0.3333333333333333,1,0.7142857142857143,80.0,5.0,5.0,4.5,3,6.0
58,28,1,0,0.25,2,1.0,3,0.2083333333333333,2,1.0,80.0,5.0,5.0,3.75,3,5.0
1784,29,0,1,0.625,5,2.0,2,0.2916666666666666,1,0.5714285714285714,70.0,4.0,5.0,4.5,3,5.0
2075,34,0,0,0.25,3,1.0,0,0.3333333333333333,3,0.7142857142857143,60.0,1.0,1.0,1.0,3,5.0
452,51,0,0,0.375,5,1.0,3,0.4583333333333333,2,0.5714285714285714,70.0,3.0,3.0,4.5,5,5.0
1419,52,0,0,0.625,3,1.0,1,0.4166666666666666,1,0.8571428571428571,70.0,4.0,2.0,2.25,5,5.0
2241,53,1,0,0.25,5,2.0,3,0.5833333333333334,1,1.0,90.0,6.0,4.0,2.25,3,4.0
513,33,0,0,0.25,2,2.0,3,0.5833333333333333,6,1.0,40.0,3.0,4.0,3.75,5,3.0
1294,68,1,0,0.625,5,2.0,3,0.4583333333333333,1,0.8571428571428571,90.0,4.0,3.0,4.5,5,5.0
40,25,0,0,0.375,2,2.0,2,0.625,1,0.7142857142857143,30.0,5.0,4.0,4.0,5,4.0
2256,32,1,1,0.875,4,3.0,3,0.5833333333333333,1,1.0,100.0,7.0,7.0,4.5,2,4.0
140,34,0,0,0.25,4,3.0,2,0.875,5,0.8571428571428571,70.0,5.0,4.0,3.5,3,4.0
2249,39,0,0,0.375,3,3.0,2,0.5416666666666667,5,0.7142857142857143,60.0,4.0,5.0,3.0,3,3.0
153,45,1,0,0.625,5,2.0,3,0.625,1,0.8571428571428571,90.0,4.0,5.0,3.75,5,4.0
519,30,1,0,0.5714285714285714,1,3.0,2,0.5833333333333333,1,0.7142857142857143,60.0,5.0,3.0,4.25,2,6.0
101,31,1,1,0.5,4,3.0,3,0.75,1,1.0,90.0,6.0,5.0,3.5,5,4.0
1450,38,1,0,0.25,2,2.0,2,0.5,1,0.8571428571428571,70.0,5.0,5.0,3.75,5,4.0
343,37,1,0,0.625,4,1.0,3,0.0833333333333333,1,0.7142857142857143,80.0,4.0,5.0,4.5,6,4.0
668,34,1,0,0.625,4,3.0,2,0.3333333333333333,1,1.0,80.0,5.0,5.0,4.75,5,3.0
2406,33,0,0,0.5714285714285714,3,1.0,2,0.2083333333333333,1,0.7142857142857143,80.0,3.0,4.0,3.0,5,4.0
1021,57,0,0,0.0,1,,1,0.375,4,0.8571428571428571,70.0,2.0,1.0,4.5,5,4.0
1727,42,1,0,0.5,5,3.0,2,0.125,1,1.0,100.0,7.0,7.0,3.75,5,6.0
1846,35,1,0,0.5,5,,1,0.6666666666666666,1,1.0,90.0,6.0,5.0,3.0,5,6.0
498,39,1,1,0.25,3,3.0,2,0.125,1,0.7142857142857143,80.0,5.0,6.0,3.0,6,4.0
461,30,0,0,0.375,2,2.0,1,0.0833333333333333,1,1.0,100.0,2.0,3.0,4.5,4,4.0
1191,30,0,0,0.125,2,,1,0.3333333333333333,1,0.5714285714285714,60.0,2.0,4.0,3.5,5,3.0
2408,30,0,0,0.5,3,1.0,2,0.1666666666666666,1,0.2857142857142857,10.0,4.0,4.0,4.0,3,6.0
1711,38,0,1,0.125,3,2.0,2,0.375,1,0.7142857142857143,70.0,3.0,5.0,6.25,6,3.0
915,36,0,0,0.625,5,3.0,2,0.4166666666666666,1,0.8571428571428571,90.0,5.0,6.0,4.0,5,6.0
1987,41,1,1,0.5,4,3.0,1,0.0,1,0.8571428571428571,70.0,5.0,5.0,3.75,5,5.0
2057,33,1,0,0.5,5,2.0,2,0.0833333333333333,1,1.0,90.0,4.0,5.0,2.0,5,3.0
2337,33,0,0,0.25,4,3.0,1,0.5833333333333334,1,0.8571428571428571,70.0,3.0,3.0,3.0,4,4.0
2361,30,0,0,0.25,3,,1,0.2083333333333333,1,0.5714285714285714,80.0,3.0,3.0,4.75,5,4.0
1645,27,0,0,0.375,3,1.0,2,0.0,5,0.8571428571428571,50.0,2.0,2.0,4.75,3,5.0
2116,43,1,0,0.125,5,,3,0.75,1,0.8571428571428571,90.0,6.0,6.0,4.25,5,5.0
1569,40,1,1,0.25,3,1.0,2,0.3333333333333333,1,0.8571428571428571,90.0,5.0,3.0,2.5,3,5.0
2088,48,0,0,0.25,3,1.0,2,0.6666666666666667,1,0.7142857142857143,80.0,5.0,5.0,3.5,3,4.0
1440,43,0,0,0.5,5,3.0,1,0.5,1,0.7142857142857143,50.0,4.0,2.0,4.0,4,5.0
782,31,0,0,0.375,4,3.0,2,0.2083333333333333,6,0.8571428571428571,50.0,4.0,5.0,4.75,5,4.0
1080,35,1,0,0.375,4,1.0,3,0.25,3,1.0,100.0,7.0,7.0,5.25,4,3.0
1721,43,1,0,0.375,4,,2,0.2083333333333333,1,0.8571428571428571,90.0,5.0,5.0,1.0,3,7.0
311,33,0,0,0.5,4,1.0,2,0.5833333333333333,1,0.8571428571428571,80.0,5.0,5.0,4.5,5,6.0
1498,32,1,1,0.375,4,3.0,3,0.4583333333333333,5,0.8571428571428571,70.0,5.0,6.0,3.25,6,5.0
1779,35,1,1,0.375,5,,3,0.25,8,0.8571428571428571,90.0,4.0,7.0,3.0,2,6.0
1676,41,1,0,0.4285714285714285,5,3.0,3,0.75,1,0.7142857142857143,90.0,5.0,6.0,4.75,7,6.0
2262,41,0,0,0.375,2,,2,0.2083333333333333,6,0.8571428571428571,50.0,2.0,3.0,3.0,3,3.0
949,39,1,0,0.5714285714285714,3,1.0,1,0.3333333333333333,1,1.0,70.0,4.0,4.0,1.0,5,5.0
327,57,1,1,0.375,5,3.0,3,0.7083333333333333,2,0.8571428571428571,90.0,5.0,5.0,3.5,2,4.0
1576,36,1,0,0.5,5,2.0,2,0.375,1,0.7142857142857143,90.0,6.0,5.0,3.25,5,5.0
278,40,0,0,0.25,2,2.0,1,0.2916666666666666,1,0.5714285714285714,70.0,4.0,5.0,5.0,5,6.0
903,38,1,0,0.625,4,3.0,2,0.125,1,0.8571428571428571,70.0,5.0,6.0,2.0,3,4.0
684,34,1,0,0.375,3,3.0,3,0.9166666666666669,1,0.8571428571428571,100.0,5.0,7.0,1.75,7,6.0
206,29,1,0,0.375,2,2.0,2,0.5,1,0.7142857142857143,60.0,3.0,5.0,5.0,2,6.0
863,44,1,1,0.25,5,3.0,3,0.625,1,1.0,100.0,7.0,7.0,3.5,2,5.0
559,30,0,0,0.5,3,2.0,3,0.5833333333333333,1,1.0,90.0,3.0,3.0,3.75,6,7.0
87,29,1,0,0.375,4,3.0,3,0.125,1,0.7142857142857143,70.0,4.0,5.0,4.0,7,4.0
2060,38,0,0,0.4285714285714285,3,2.0,1,0.7083333333333333,1,0.8571428571428571,80.0,4.0,4.0,4.0,5,4.0
2008,30,1,0,0.5,3,2.0,2,0.2916666666666666,1,0.7142857142857143,80.0,5.0,4.0,4.5,6,4.0
1986,41,1,0,0.25,2,1.0,1,0.4166666666666667,1,0.7142857142857143,40.0,2.0,1.0,3.5,1,5.0
947,39,1,0,0.5,5,3.0,3,0.875,1,1.0,90.0,3.0,4.0,2.25,4,5.0
324,42,1,0,0.5,5,1.0,2,0.4166666666666666,2,1.0,80.0,5.0,5.0,5.0,6,3.0
2006,39,1,0,0.25,4,3.0,2,0.7916666666666667,1,0.7142857142857143,80.0,5.0,6.0,5.0,6,4.0
579,44,0,1,0.875,5,3.0,1,0.375,2,0.7142857142857143,40.0,4.0,5.0,4.75,5,7.0
1397,44,1,0,0.625,3,2.0,3,0.0,1,0.8571428571428571,80.0,5.0,5.0,4.0,5,3.0
736,41,1,0,0.5,4,1.0,3,0.3333333333333333,1,1.0,90.0,5.0,7.0,4.0,4,5.0
1102,27,0,0,0.0,1,,1,0.4583333333333333,1,0.2857142857142857,20.0,1.0,1.0,3.0,5,5.0
1526,40,0,1,0.75,3,2.0,2,0.5833333333333333,1,0.8571428571428571,80.0,5.0,6.0,5.5,5,6.0
1902,36,1,0,0.5,4,3.0,3,0.5,1,0.7142857142857143,80.0,4.0,5.0,3.75,5,4.0
314,35,1,0,0.375,4,3.0,3,0.6666666666666667,1,1.0,90.0,3.0,2.0,4.5,3,6.0
1000,44,0,0,0.75,5,2.0,3,0.2083333333333333,1,0.7142857142857143,40.0,4.0,3.0,2.25,5,6.0
13,32,0,0,0.125,1,,2,0.2083333333333333,4,1.0,80.0,3.0,4.0,3.25,5,3.0
1128,51,1,0,0.375,5,,2,0.25,1,0.8571428571428571,90.0,3.0,4.0,5.0,5,5.0
2314,61,1,0,0.25,5,3.0,3,0.2083333333333333,1,0.8571428571428571,90.0,6.0,6.0,3.5,3,7.0
2301,43,1,0,0.125,2,1.0,2,0.5833333333333333,1,0.4285714285714285,40.0,4.0,4.0,4.5,6,2.0
195,50,0,0,0.375,4,1.0,2,0.0833333333333333,2,1.0,80.0,5.0,5.0,4.5,5,6.0
1572,36,1,0,0.625,5,2.0,3,0.3333333333333333,1,0.7142857142857143,80.0,6.0,7.0,3.25,3,4.0
964,29,0,0,0.75,1,2.0,1,0.2916666666666666,1,0.7142857142857143,70.0,5.0,3.0,5.0,5,6.0
307,36,1,0,0.375,5,1.0,2,0.5833333333333334,1,0.8571428571428571,90.0,6.0,6.0,5.75,6,4.0
269,32,1,0,0.625,5,3.0,3,0.0833333333333333,5,0.5714285714285714,90.0,6.0,6.0,2.25,5,5.0
1599,26,0,0,0.5,4,3.0,3,0.4583333333333333,2,1.0,80.0,5.0,5.0,5.0,7,4.0
2291,24,1,0,0.125,1,1.0,0,0.0833333333333333,9,0.7142857142857143,30.0,2.0,2.0,2.25,5,6.0
191,28,0,0,0.25,5,1.0,0,0.125,1,0.7142857142857143,40.0,3.0,3.0,2.5,6,4.0
815,28,0,0,0.2857142857142857,2,,1,0.2916666666666666,2,0.7142857142857143,60.0,2.0,3.0,3.0,5,5.0
1019,51,0,0,0.0,5,,0,0.125,1,0.7142857142857143,50.0,4.0,4.0,1.5,4,4.0
1678,50,0,1,0.5,5,2.0,2,0.8333333333333333,1,0.8571428571428571,90.0,6.0,6.0,3.75,5,4.0
2063,28,1,1,0.25,3,2.0,2,0.4166666666666667,5,0.7142857142857143,60.0,3.0,4.0,2.75,5,2.0
835,54,1,0,0.5,4,3.0,3,0.4166666666666667,1,0.8571428571428571,50.0,5.0,5.0,5.25,3,4.0
448,61,0,0,0.25,3,1.0,2,0.4583333333333333,1,0.7142857142857143,60.0,3.0,3.0,3.0,5,5.0
785,26,0,0,0.125,3,1.0,2,0.6666666666666666,1,0.2857142857142857,60.0,5.0,1.0,3.0,3,6.0
1876,25,0,0,0.0,3,1.0,2,0.5833333333333333,1,0.7142857142857143,80.0,5.0,5.0,2.25,3,5.0
1321,25,1,1,0.625,2,2.0,3,0.5833333333333333,2,1.0,70.0,5.0,4.0,4.75,5,5.0
1173,45,1,0,0.375,2,3.0,3,0.5833333333333334,1,0.7142857142857143,80.0,5.0,6.0,3.75,6,4.0
1198,29,0,0,0.625,4,,2,0.3333333333333333,1,0.7142857142857143,50.0,4.0,3.0,3.0,6,4.0
657,24,1,0,0.25,2,1.0,2,0.1666666666666666,1,0.8571428571428571,80.0,5.0,6.0,3.0,6,5.0
1591,28,1,0,0.5,4,3.0,2,0.0833333333333333,1,0.8571428571428571,60.0,4.0,5.0,3.0,4,6.0
720,57,1,0,0.375,5,2.0,2,0.2083333333333333,1,0.7142857142857143,70.0,4.0,5.0,4.25,3,6.0
804,22,0,0,0.125,2,2.0,2,0.25,1,0.7142857142857143,70.0,4.0,5.0,2.25,5,4.0
151,29,0,0,0.125,2,1.0,1,0.8333333333333333,1,0.7142857142857143,70.0,3.0,2.0,4.0,1,3.0
2106,50,0,0,0.625,4,1.0,1,0.5833333333333333,1,0.8571428571428571,40.0,3.0,3.0,4.5,2,4.0
1905,53,1,0,0.5,4,1.0,2,0.125,3,1.0,70.0,4.0,5.0,3.75,6,5.0
1488,45,1,1,0.25,5,1.0,2,0.2083333333333333,1,0.8571428571428571,80.0,5.0,5.0,3.25,5,6.0
539,50,0,0,0.0,5,,0,0.4583333333333333,1,0.7142857142857143,50.0,1.0,1.0,3.0,4,5.0
2288,46,1,1,0.375,4,3.0,3,0.7083333333333333,3,0.8571428571428571,70.0,5.0,6.0,5.0,5,6.0
1743,51,0,0,0.5,4,2.0,2,0.2083333333333333,1,1.0,70.0,5.0,5.0,3.5,4,5.0
1571,29,0,1,0.625,4,2.0,3,0.4166666666666667,9,0.7142857142857143,60.0,6.0,6.0,5.75,3,6.0
265,25,1,1,0.25,2,1.0,2,0.4166666666666666,8,1.0,90.0,6.0,5.0,2.75,4,4.0
2374,55,0,0,0.25,5,,3,0.125,1,0.8571428571428571,70.0,4.0,5.0,2.0,3,4.0
1632,52,1,0,0.5,5,1.0,2,0.2083333333333333,1,0.8571428571428571,80.0,2.0,3.0,1.0,5,6.0
1374,22,1,0,0.625,2,3.0,3,0.2916666666666666,4,0.5714285714285714,80.0,6.0,6.0,4.25,3,5.0
1641,25,1,0,0.625,3,1.0,3,0.5416666666666666,4,0.7142857142857143,70.0,5.0,6.0,3.5,6,5.0
1966,19,0,0,0.0,5,,1,0.0,1,0.8571428571428571,70.0,4.0,5.0,1.5,3,6.0
358,28,0,0,0.25,4,3.0,2,0.5833333333333333,1,0.4285714285714285,70.0,5.0,6.0,4.75,3,4.0
1480,19,1,0,0.375,2,1.0,2,0.4583333333333333,1,0.5714285714285714,30.0,2.0,3.0,2.25,3,3.0
1322,53,1,0,0.625,5,1.0,3,0.125,1,0.8571428571428571,90.0,5.0,7.0,3.5,5,5.0
1392,26,0,0,0.0,1,,1,0.4583333333333333,1,0.8571428571428571,40.0,2.0,2.0,3.0,4,4.0
555,62,0,0,0.25,2,2.0,2,0.25,1,0.5714285714285714,30.0,3.0,3.0,2.75,3,7.0
1203,52,1,1,0.5,5,3.0,3,0.2083333333333333,1,0.7142857142857143,70.0,6.0,7.0,2.25,7,6.0
139,52,1,0,0.375,5,2.0,3,0.3333333333333333,1,0.8571428571428571,70.0,5.0,5.0,4.0,6,4.0
1843,20,1,0,0.625,2,3.0,3,0.75,8,0.4285714285714285,70.0,4.0,6.0,3.0,5,6.0
833,54,0,1,0.4285714285714285,4,2.0,2,0.3333333333333333,3,0.2857142857142857,40.0,3.0,3.0,3.0,5,6.0
557,55,0,0,0.5,5,1.0,3,0.2916666666666666,1,0.8571428571428571,90.0,5.0,5.0,3.5,5,4.0
2182,29,0,0,0.375,2,3.0,3,0.4166666666666666,1,0.7142857142857143,70.0,5.0,4.0,3.25,6,6.0
971,26,1,0,0.25,4,,1,0.6666666666666667,1,0.7142857142857143,80.0,4.0,5.0,4.25,2,4.0
744,25,1,0,0.125,2,1.0,2,0.125,1,0.8571428571428571,80.0,5.0,4.0,1.25,4,6.0
1613,65,1,0,0.25,5,,1,0.1666666666666666,2,0.8571428571428571,80.0,3.0,4.0,3.0,4,4.0
1150,22,1,0,0.25,3,1.0,2,0.375,5,0.7142857142857143,70.0,5.0,5.0,3.75,4,3.0
53,20,1,0,0.375,2,2.0,2,0.625,8,1.0,80.0,5.0,6.0,3.75,5,5.0
1972,25,0,1,0.2857142857142857,3,3.0,1,0.5833333333333333,1,0.8571428571428571,60.0,3.0,5.0,5.0,3,6.0
282,57,1,0,0.25,5,,2,0.3333333333333333,2,0.8571428571428571,90.0,4.0,5.0,2.75,4,4.0
1667,26,1,0,0.75,4,3.0,2,0.3333333333333333,1,0.7142857142857143,70.0,5.0,5.0,5.25,5,5.0
2383,26,1,0,0.25,4,3.0,1,0.3333333333333333,1,0.8571428571428571,90.0,6.0,5.0,3.0,5,5.0
811,57,0,0,0.375,5,3.0,3,0.6666666666666666,1,0.8571428571428571,90.0,5.0,6.0,2.75,5,5.0
1547,58,0,0,0.375,5,2.0,3,0.25,1,1.0,80.0,5.0,4.0,2.5,5,6.0
2133,46,1,0,0.25,3,1.0,1,0.5,1,0.7142857142857143,90.0,1.0,2.0,2.0,5,4.0
342,28,1,0,0.625,4,2.0,2,0.3333333333333333,1,0.7142857142857143,90.0,2.0,4.0,3.5,5,4.0
717,25,1,0,0.5,4,1.0,2,0.2916666666666666,1,1.0,90.0,5.0,6.0,5.0,4,5.0
1959,48,0,0,0.125,4,1.0,1,0.25,7,0.7142857142857143,60.0,3.0,2.0,4.5,1,4.0
2064,46,0,0,0.125,1,,1,0.3333333333333333,1,0.4285714285714285,10.0,2.0,2.0,1.75,5,4.0
1649,50,1,0,0.375,4,3.0,2,0.6666666666666667,1,0.7142857142857143,30.0,1.0,1.0,5.25,6,4.0
2244,28,0,0,0.125,4,,1,0.2083333333333333,1,0.5714285714285714,30.0,2.0,1.0,1.5,2,5.0
1731,19,1,0,0.25,3,1.0,2,0.6666666666666666,6,0.7142857142857143,60.0,5.0,3.0,2.0,2,7.0
1776,50,0,0,0.75,5,1.0,2,0.9166666666666669,1,1.0,40.0,1.0,5.0,5.5,5,4.0
264,27,1,0,0.375,4,2.0,2,0.5,1,0.8571428571428571,90.0,5.0,6.0,3.0,3,5.0
170,29,0,0,0.625,4,1.0,2,0.1666666666666666,1,0.5714285714285714,60.0,4.0,3.0,1.25,2,5.0
238,48,1,0,0.375,5,3.0,2,0.3333333333333333,1,0.8571428571428571,100.0,5.0,7.0,2.0,5,5.0
180,46,0,1,0.625,5,1.0,3,0.9166666666666669,5,0.8571428571428571,40.0,5.0,3.0,3.5,2,2.0
2220,49,1,0,0.375,4,3.0,0,0.5416666666666667,9,0.8571428571428571,60.0,5.0,3.0,4.25,7,3.0
1886,48,0,0,0.25,5,3.0,2,0.0833333333333333,1,0.7142857142857143,90.0,5.0,5.0,5.0,5,6.0
628,52,0,0,0.375,4,2.0,2,0.75,1,0.7142857142857143,50.0,4.0,6.0,4.0,5,4.0
1680,58,0,0,0.125,5,,1,0.375,1,0.7142857142857143,70.0,4.0,5.0,3.25,4,4.0
1320,23,1,1,0.375,3,2.0,3,0.7916666666666667,3,0.8571428571428571,70.0,5.0,5.0,4.0,5,3.0
2336,24,1,1,0.5,4,2.0,2,0.4583333333333333,3,0.7142857142857143,70.0,5.0,5.0,4.0,5,4.0
1239,47,1,0,0.375,3,1.0,1,0.8333333333333333,1,0.5714285714285714,60.0,4.0,5.0,4.25,3,5.0
2305,29,1,0,0.25,1,3.0,3,0.9166666666666669,1,0.8571428571428571,90.0,4.0,4.0,6.0,5,6.0
316,25,0,0,0.1428571428571428,3,,1,0.3333333333333333,1,0.5714285714285714,80.0,3.0,5.0,3.5,4,6.0
98,23,0,0,0.625,3,2.0,3,0.3333333333333333,4,0.8571428571428571,90.0,5.0,5.0,4.25,5,4.0
1176,49,0,0,0.5,5,3.0,3,0.5,1,1.0,70.0,4.0,5.0,3.25,5,4.0
23,19,0,0,0.125,2,1.0,1,0.125,1,0.8571428571428571,50.0,1.0,1.0,1.25,2,5.0
1472,53,0,0,0.3333333333333333,5,,2,0.2083333333333333,5,0.8571428571428571,90.0,4.0,6.0,3.75,5,7.0
927,59,1,0,0.5,5,1.0,3,0.0,1,0.7142857142857143,100.0,7.0,7.0,6.75,3,4.0
1060,78,1,0,1.0,5,3.0,3,0.5833333333333333,1,1.0,70.0,4.0,5.0,4.0,5,5.0
453,55,0,1,0.375,4,2.0,3,0.5833333333333333,1,1.0,90.0,4.0,3.0,4.0,5,5.0
583,50,0,0,0.25,3,2.0,1,0.5833333333333333,1,0.5714285714285714,80.0,4.0,4.0,4.0,5,3.0
1024,65,1,0,0.375,5,3.0,3,0.5833333333333333,1,0.8571428571428571,100.0,6.0,6.0,4.0,4,4.0
1174,20,1,0,0.375,3,3.0,3,0.2916666666666666,1,1.0,90.0,6.0,5.0,3.0,5,6.0
984,46,1,0,0.5,5,2.0,3,0.3333333333333333,1,1.0,80.0,4.0,5.0,3.5,5,4.0
179,26,1,0,0.5,4,3.0,3,0.5833333333333333,1,0.8571428571428571,80.0,6.0,6.0,5.5,6,5.0
1023,50,1,0,0.625,2,,2,0.125,3,0.8571428571428571,80.0,5.0,6.0,2.75,1,3.0
740,48,0,1,0.5,5,2.0,3,0.5833333333333333,1,0.8571428571428571,90.0,6.0,6.0,4.75,3,5.0
959,55,1,1,0.0,5,,3,0.4166666666666666,1,1.0,90.0,5.0,5.0,3.25,5,4.0
705,50,1,0,0.1428571428571428,5,,2,1.0,1,0.7142857142857143,90.0,6.0,7.0,4.0,6,6.0
746,21,0,0,0.125,1,2.0,2,0.4166666666666667,1,0.7142857142857143,80.0,4.0,1.0,3.0,4,4.0
2022,53,1,0,0.5,5,,1,0.0,1,0.5714285714285714,80.0,3.0,2.0,1.5,6,4.0
671,47,0,0,0.375,4,,2,0.3333333333333333,8,0.8571428571428571,70.0,3.0,5.0,4.0,5,3.0
2100,59,1,0,0.5,5,1.0,3,0.5,1,0.8571428571428571,90.0,6.0,7.0,5.0,5,3.0
1232,57,0,1,0.625,2,1.0,2,0.5416666666666667,5,0.2857142857142857,100.0,6.0,7.0,4.75,6,6.0
988,35,0,0,0.375,4,1.0,1,0.3333333333333333,1,0.8571428571428571,80.0,3.0,3.0,1.25,2,5.0
141,50,0,0,0.5,5,2.0,3,0.6666666666666666,1,0.7142857142857143,50.0,5.0,5.0,3.75,6,4.0
2245,36,1,0,0.5,5,3.0,3,0.4166666666666667,3,0.8571428571428571,60.0,3.0,5.0,5.0,7,4.0
79,50,1,0,0.0,3,,0,0.2916666666666666,5,0.8571428571428571,60.0,2.0,3.0,2.25,1,7.0
1457,43,0,0,0.5,5,2.0,1,0.7916666666666667,1,0.8571428571428571,70.0,3.0,3.0,3.5,3,5.0
1416,24,1,0,0.125,1,1.0,1,0.0,1,0.8571428571428571,80.0,5.0,4.0,1.0,3,5.0
2068,43,0,0,0.0,5,,0,0.2083333333333333,1,0.7142857142857143,70.0,1.0,1.0,3.25,4,4.0
353,25,1,0,0.5,3,3.0,3,0.7916666666666667,1,0.8571428571428571,60.0,5.0,5.0,4.25,3,7.0
651,22,0,0,0.25,2,1.0,1,0.4166666666666666,1,0.5714285714285714,30.0,4.0,3.0,1.5,3,2.0
1192,43,0,0,0.0,5,,3,0.3333333333333333,8,0.8571428571428571,50.0,3.0,5.0,1.75,5,7.0
2347,39,1,0,0.25,4,3.0,1,0.7916666666666667,5,0.5714285714285714,60.0,2.0,1.0,2.0,2,6.0
435,42,0,0,0.25,5,1.0,2,0.4166666666666666,1,1.0,90.0,3.0,2.0,4.0,5,4.0
1895,47,0,0,0.25,4,,1,0.2083333333333333,1,0.5714285714285714,60.0,2.0,2.0,3.5,2,6.0
168,29,1,1,0.125,5,3.0,3,0.6666666666666667,1,0.8571428571428571,100.0,7.0,7.0,4.25,3,7.0
778,30,0,1,1.0,2,1.0,3,0.7916666666666667,9,0.7142857142857143,70.0,6.0,6.0,5.75,5,6.0
729,40,0,0,0.375,4,,2,0.375,1,0.7142857142857143,80.0,2.0,2.0,3.75,7,4.0
349,63,1,0,0.25,5,,1,0.4583333333333333,1,0.7142857142857143,100.0,1.0,1.0,3.75,6,3.0
1463,67,0,0,0.5,5,1.0,3,0.9166666666666669,1,0.8571428571428571,80.0,5.0,6.0,4.5,4,4.0
1579,32,1,0,0.5,4,3.0,3,0.5833333333333334,1,0.7142857142857143,60.0,4.0,5.0,3.5,3,4.0
1093,32,1,0,0.625,4,3.0,2,0.5833333333333334,8,0.7142857142857143,90.0,5.0,6.0,3.5,6,4.0
386,31,1,0,0.25,1,1.0,1,0.5833333333333333,1,0.7142857142857143,10.0,1.0,1.0,3.25,5,2.0
1329,52,1,0,0.25,4,2.0,2,0.5416666666666666,1,1.0,60.0,3.0,3.0,3.0,5,6.0
1891,35,1,0,0.75,5,1.0,3,0.4583333333333333,1,0.8571428571428571,90.0,6.0,6.0,4.5,5,6.0
155,39,0,0,0.5714285714285714,5,,2,0.25,1,0.8571428571428571,30.0,2.0,5.0,2.5,3,6.0
889,27,0,1,0.75,2,3.0,3,0.4166666666666667,1,0.8571428571428571,90.0,6.0,6.0,4.0,5,6.0
1838,29,1,0,0.375,2,3.0,3,0.5,1,0.7142857142857143,50.0,4.0,5.0,3.0,6,5.0
1983,18,1,0,0.375,1,3.0,2,0.375,1,1.0,80.0,2.0,1.0,3.75,6,5.0
807,56,1,0,0.25,3,2.0,3,0.1666666666666666,1,0.7142857142857143,90.0,3.0,5.0,2.0,6,6.0
1127,34,0,1,1.0,3,1.0,1,0.5416666666666667,5,0.8571428571428571,90.0,6.0,6.0,5.75,5,5.0
856,32,1,1,0.25,5,3.0,3,0.6666666666666666,1,1.0,100.0,6.0,6.0,5.25,5,4.0
1087,48,1,0,0.625,5,2.0,3,0.5416666666666666,1,1.0,90.0,5.0,3.0,2.75,3,6.0
1553,44,1,0,0.625,5,1.0,1,0.25,1,0.8571428571428571,80.0,3.0,6.0,2.25,5,4.0
516,38,1,0,0.375,3,1.0,1,0.5833333333333333,1,0.5714285714285714,40.0,5.0,6.0,4.75,5,6.0
125,36,0,0,0.375,2,2.0,3,0.4583333333333333,4,1.0,90.0,6.0,4.0,5.25,5,4.0
1510,36,0,0,0.25,3,1.0,2,0.2083333333333333,1,0.7142857142857143,60.0,5.0,3.0,4.0,5,4.0
1396,44,1,0,0.5,5,1.0,2,0.125,1,0.8571428571428571,100.0,5.0,6.0,2.25,5,4.0
240,44,1,1,0.5,3,1.0,2,0.6666666666666667,1,0.5714285714285714,80.0,5.0,6.0,3.75,6,5.0
105,54,1,0,0.5,5,3.0,1,0.25,1,0.8571428571428571,70.0,3.0,5.0,3.75,3,5.0
568,42,0,0,0.375,3,2.0,3,0.1666666666666666,5,0.8571428571428571,80.0,3.0,5.0,5.25,5,4.0
552,44,1,0,0.625,3,2.0,3,0.8333333333333333,1,0.4285714285714285,70.0,5.0,5.0,4.25,6,5.0
1344,32,1,0,0.375,3,2.0,3,0.5833333333333333,1,0.7142857142857143,80.0,6.0,6.0,4.75,6,5.0
629,46,1,0,0.5,3,3.0,3,0.2916666666666666,5,0.7142857142857143,80.0,6.0,5.0,3.0,5,4.0
725,32,1,0,0.75,4,3.0,2,0.5833333333333333,3,0.8571428571428571,70.0,4.0,4.0,4.5,6,4.0
1609,41,1,0,0.5,4,3.0,3,0.4166666666666666,1,0.7142857142857143,50.0,4.0,4.0,4.5,5,4.0
1993,38,0,0,0.375,2,1.0,0,0.5833333333333334,1,0.7142857142857143,30.0,1.0,1.0,1.75,5,5.0
1164,55,1,0,0.625,5,3.0,2,0.6666666666666666,1,1.0,100.0,3.0,6.0,4.75,4,6.0
224,38,1,0,0.5,5,3.0,2,0.125,5,1.0,70.0,5.0,5.0,3.25,1,6.0
1175,57,0,0,0.0,3,,1,0.5833333333333333,2,0.7142857142857143,50.0,2.0,2.0,3.75,5,4.0
1196,43,0,0,0.25,3,,2,0.625,6,0.5714285714285714,50.0,1.0,1.0,2.75,1,7.0
2312,36,0,0,0.25,3,1.0,1,0.3333333333333333,3,1.0,70.0,1.0,3.0,2.75,3,6.0
524,53,1,0,0.625,4,1.0,2,0.2083333333333333,4,1.0,90.0,4.0,5.0,3.25,3,7.0
626,33,1,0,0.375,4,2.0,2,0.4166666666666666,8,1.0,70.0,4.0,5.0,3.5,3,5.0
573,52,1,0,0.25,4,,1,0.4583333333333333,7,0.4285714285714285,50.0,2.0,3.0,3.25,2,7.0
605,40,1,0,0.5,5,1.0,3,0.75,9,0.7142857142857143,90.0,5.0,3.0,4.0,7,7.0
1477,36,0,1,0.5,5,,2,0.0,1,0.7142857142857143,60.0,4.0,5.0,2.0,2,6.0
1146,39,1,0,0.125,5,,2,0.2083333333333333,1,0.5714285714285714,90.0,6.0,5.0,5.75,5,6.0
1696,65,1,0,0.375,5,3.0,3,0.3333333333333333,1,0.8571428571428571,90.0,4.0,5.0,3.75,3,4.0
1853,46,1,0,0.125,4,1.0,2,0.0833333333333333,1,0.8571428571428571,80.0,4.0,5.0,4.5,5,5.0
1136,48,1,1,0.5,3,1.0,2,0.5416666666666667,5,0.8571428571428571,80.0,6.0,6.0,5.75,4,6.0
914,34,1,1,0.875,3,1.0,3,0.4166666666666667,5,0.8571428571428571,70.0,6.0,6.0,6.0,5,4.0
133,29,1,1,0.25,3,1.0,2,0.8333333333333333,7,0.8571428571428571,70.0,5.0,5.0,5.25,5,6.0
2281,31,1,0,0.125,2,1.0,1,0.375,3,0.5714285714285714,60.0,4.0,1.0,2.25,1,7.0
2071,54,0,0,0.5714285714285714,3,,2,0.4583333333333333,1,0.8571428571428571,80.0,5.0,3.0,2.5,5,2.0
2140,57,0,0,0.25,5,1.0,2,0.0833333333333333,1,1.0,90.0,3.0,4.0,5.0,5,4.0
728,35,0,1,0.375,2,1.0,2,0.9166666666666669,5,0.7142857142857143,70.0,6.0,6.0,5.75,3,4.0
2145,45,1,0,0.375,3,3.0,3,0.0833333333333333,1,0.8571428571428571,90.0,6.0,6.0,5.0,5,5.0
2052,47,0,0,0.25,5,2.0,2,0.6666666666666666,1,1.0,70.0,4.0,5.0,4.5,5,7.0
243,22,1,1,0.375,2,1.0,3,0.1666666666666666,3,0.8571428571428571,80.0,5.0,3.0,4.25,6,7.0
27,69,0,0,0.125,2,1.0,2,0.6666666666666666,5,0.5714285714285714,50.0,3.0,4.0,4.0,3,5.0
715,32,1,0,0.375,5,3.0,3,0.75,1,0.8571428571428571,100.0,6.0,4.0,5.0,5,4.0
907,51,1,1,0.125,5,3.0,3,0.2083333333333333,1,1.0,100.0,7.0,7.0,5.25,6,4.0
1359,50,0,0,0.5,4,2.0,1,0.5416666666666666,4,0.7142857142857143,70.0,4.0,3.0,2.75,7,5.0
1808,37,1,0,0.125,3,,2,0.2083333333333333,5,0.4285714285714285,10.0,4.0,4.0,1.25,2,5.0
1028,55,1,0,0.375,1,,2,0.8333333333333333,1,0.5714285714285714,60.0,2.0,3.0,3.25,3,4.0
1403,20,1,1,0.375,2,3.0,3,0.5416666666666667,2,0.5714285714285714,30.0,3.0,6.0,4.75,5,6.0
391,25,1,1,0.0,3,,1,0.25,1,0.4285714285714285,40.0,5.0,2.0,3.0,2,7.0
1527,23,1,0,0.375,2,3.0,3,0.5833333333333334,1,1.0,60.0,5.0,5.0,3.25,5,6.0
1215,57,0,0,0.125,5,,1,0.0,1,1.0,70.0,4.0,3.0,2.5,4,4.0
591,35,0,0,0.375,5,3.0,3,0.125,6,0.5714285714285714,60.0,3.0,3.0,1.25,5,4.0
2149,29,1,0,0.25,5,3.0,3,0.2916666666666666,1,1.0,90.0,6.0,6.0,3.0,5,5.0
697,33,1,0,0.375,4,2.0,3,0.5833333333333333,1,1.0,90.0,6.0,6.0,3.5,5,5.0
2344,38,0,0,0.25,4,1.0,0,0.0833333333333333,6,0.8571428571428571,60.0,4.0,5.0,1.0,2,4.0
49,43,1,0,0.5,5,2.0,2,0.5833333333333334,1,0.8571428571428571,80.0,4.0,2.0,3.5,5,5.0
2233,37,0,0,0.0,4,,0,0.4583333333333333,1,0.7142857142857143,80.0,3.0,3.0,5.25,2,6.0
1376,34,1,0,0.5,4,2.0,1,0.5833333333333334,1,1.0,100.0,5.0,6.0,3.25,5,3.0
881,33,1,1,0.25,4,1.0,2,0.2916666666666666,1,0.8571428571428571,80.0,5.0,5.0,3.0,5,4.0
1371,34,1,0,0.25,3,,1,0.4583333333333333,2,0.7142857142857143,30.0,2.0,2.0,3.5,4,6.0
874,54,1,0,0.25,5,1.0,0,0.4583333333333333,1,1.0,90.0,3.0,4.0,5.5,4,3.0
2040,33,1,0,0.0,2,,2,0.5,3,0.5714285714285714,50.0,4.0,3.0,5.0,5,6.0
2093,46,0,0,0.375,5,2.0,2,0.2083333333333333,1,0.5714285714285714,90.0,5.0,3.0,3.75,3,4.0
465,43,1,0,0.5,3,1.0,3,0.4166666666666666,1,0.7142857142857143,60.0,4.0,6.0,4.5,6,3.0
497,42,1,0,0.25,5,1.0,3,0.9166666666666669,1,0.8571428571428571,70.0,5.0,5.0,5.5,6,7.0
2023,43,1,0,0.25,5,3.0,2,0.2083333333333333,1,1.0,60.0,5.0,5.0,4.75,4,4.0
1432,48,0,0,0.375,4,2.0,2,0.4583333333333333,1,0.8571428571428571,50.0,3.0,3.0,3.75,2,5.0
884,21,1,0,0.375,3,1.0,1,0.5416666666666667,3,0.7142857142857143,70.0,5.0,6.0,4.5,6,5.0
329,45,1,0,0.125,4,1.0,3,0.4583333333333333,5,0.8571428571428571,90.0,4.0,7.0,4.5,5,5.0
1662,47,0,0,0.25,3,1.0,2,0.3333333333333333,1,1.0,90.0,6.0,5.0,3.75,5,6.0
421,34,0,0,0.25,2,1.0,2,0.5833333333333333,5,0.8571428571428571,80.0,3.0,3.0,4.25,3,5.0
1431,37,1,0,0.375,4,3.0,3,0.5416666666666666,1,0.7142857142857143,80.0,5.0,6.0,4.75,2,4.0
664,41,1,0,0.125,5,,3,0.6666666666666666,1,1.0,80.0,6.0,6.0,2.5,5,4.0
1311,46,1,0,0.375,1,,1,1.0,1,0.8571428571428571,10.0,1.0,4.0,2.75,6,4.0
1411,49,1,0,0.125,5,3.0,3,0.75,5,1.0,100.0,2.0,1.0,2.75,3,6.0
68,34,0,0,0.5714285714285714,4,3.0,2,0.1666666666666666,1,0.8571428571428571,80.0,3.0,2.0,5.25,7,4.0
1125,30,1,0,0.125,4,3.0,2,0.3333333333333333,1,0.7142857142857143,80.0,6.0,5.0,3.5,6,4.0
1533,52,1,0,1.0,5,3.0,3,0.5,1,1.0,90.0,6.0,6.0,3.75,2,7.0
1101,35,1,1,0.25,4,3.0,3,0.6666666666666667,5,0.8571428571428571,70.0,4.0,5.0,4.5,6,6.0
46,25,0,0,0.375,4,2.0,3,0.3333333333333333,1,1.0,90.0,6.0,6.0,4.0,6,3.0
989,42,1,1,0.625,3,2.0,1,0.1666666666666666,1,0.7142857142857143,60.0,3.0,3.0,4.5,3,5.0
2171,35,0,0,0.375,3,,2,0.2916666666666666,3,0.8571428571428571,80.0,3.0,5.0,3.25,3,6.0
1722,43,1,1,0.2857142857142857,4,,1,0.7916666666666667,7,0.4285714285714285,40.0,3.0,4.0,4.25,3,4.0
962,53,1,1,0.25,5,1.0,0,0.1666666666666666,1,0.5714285714285714,80.0,5.0,4.0,2.5,4,5.0
145,34,1,0,0.5714285714285714,5,,2,0.5833333333333333,9,0.7142857142857143,60.0,5.0,6.0,4.25,5,3.0
2189,43,1,0,0.625,5,2.0,3,0.4166666666666666,5,1.0,80.0,5.0,6.0,4.75,5,4.0
2254,42,0,0,0.375,4,3.0,3,0.3333333333333333,1,1.0,90.0,6.0,5.0,2.75,5,4.0
1138,27,1,0,0.375,3,2.0,2,0.2083333333333333,4,1.0,80.0,4.0,4.0,3.5,4,2.0
1338,27,1,0,0.25,2,1.0,1,0.5,1,0.8571428571428571,80.0,1.0,3.0,6.25,2,2.0
1385,50,1,0,0.625,5,3.0,3,0.75,5,1.0,100.0,5.0,4.0,5.5,1,7.0
556,34,1,0,0.5,4,3.0,2,0.6666666666666666,1,0.7142857142857143,80.0,6.0,6.0,4.0,6,6.0
1664,23,0,0,0.25,2,1.0,2,0.4583333333333333,1,0.5714285714285714,70.0,3.0,2.0,4.0,5,3.0
1582,32,1,0,0.375,4,1.0,3,0.2916666666666666,1,1.0,90.0,4.0,2.0,3.0,6,4.0
431,37,1,0,0.625,5,3.0,2,0.6666666666666667,1,0.5714285714285714,80.0,5.0,5.0,4.75,5,6.0
2047,42,1,0,0.125,1,2.0,0,0.25,1,0.8571428571428571,80.0,1.0,1.0,4.75,5,3.0
1228,47,1,0,0.75,5,3.0,2,0.2916666666666666,1,1.0,90.0,5.0,6.0,4.0,5,7.0
2204,33,0,0,0.25,2,,0,0.3333333333333333,1,0.5714285714285714,20.0,1.0,1.0,3.0,5,4.0
1963,55,0,0,0.25,2,2.0,3,0.0833333333333333,1,0.7142857142857143,20.0,2.0,4.0,3.25,6,5.0
2226,31,1,0,0.5,4,1.0,2,0.8333333333333333,1,0.7142857142857143,100.0,4.0,5.0,5.0,5,7.0
2042,35,1,0,0.625,5,2.0,2,0.25,5,0.8571428571428571,80.0,6.0,7.0,4.75,6,3.0
541,42,1,0,0.5,5,3.0,2,0.2083333333333333,1,0.5714285714285714,90.0,5.0,6.0,2.75,5,3.0
1592,32,1,0,0.25,2,2.0,2,0.4583333333333333,1,0.8571428571428571,70.0,5.0,5.0,3.75,3,4.0
1443,32,0,0,0.125,2,,2,0.2916666666666666,1,0.7142857142857143,60.0,3.0,2.0,3.0,5,4.0
2213,49,1,0,0.5,5,3.0,3,0.2083333333333333,1,1.0,80.0,4.0,5.0,4.5,5,2.0
941,34,0,0,0.375,2,1.0,3,0.7916666666666667,5,0.8571428571428571,50.0,5.0,5.0,6.0,5,5.0
1079,66,1,0,0.875,5,3.0,3,0.6666666666666666,1,0.8571428571428571,40.0,6.0,6.0,6.75,5,3.0
1801,73,1,0,0.375,5,1.0,3,0.3333333333333333,1,0.8571428571428571,90.0,5.0,5.0,3.5,3,6.0
1142,61,1,0,0.375,5,,2,0.2083333333333333,1,0.7142857142857143,80.0,5.0,5.0,5.0,6,5.0
225,65,0,0,0.75,5,2.0,2,0.2916666666666666,1,0.8571428571428571,80.0,6.0,6.0,3.25,5,6.0
792,70,1,0,0.5,5,3.0,2,0.2083333333333333,8,0.8571428571428571,90.0,5.0,6.0,4.75,5,5.0
1924,64,1,1,0.5,3,1.0,2,0.5833333333333333,1,0.4285714285714285,80.0,5.0,6.0,5.0,6,6.0
699,78,1,0,0.375,5,1.0,3,0.375,4,1.0,80.0,5.0,6.0,2.0,4,6.0
1365,70,1,0,0.25,5,1.0,3,0.25,1,1.0,100.0,4.0,5.0,2.25,4,6.0
767,60,1,0,0.125,5,,2,0.2083333333333333,1,1.0,90.0,5.0,3.0,2.75,5,5.0
1752,65,0,0,0.5,5,2.0,2,0.5,1,0.7142857142857143,70.0,2.0,2.0,4.5,5,4.0
1274,67,1,0,0.25,5,3.0,2,0.125,3,0.8571428571428571,70.0,4.0,5.0,5.25,4,6.0
1629,74,1,1,0.5714285714285714,5,3.0,1,0.5416666666666667,5,0.7142857142857143,70.0,6.0,6.0,6.0,6,7.0
1061,65,0,0,0.25,5,,1,0.25,1,0.8571428571428571,80.0,2.0,2.0,2.75,7,4.0
24,42,1,1,0.875,5,3.0,3,0.5,6,0.1428571428571428,100.0,7.0,7.0,5.5,5,5.0
693,71,1,0,0.75,5,1.0,2,0.2916666666666666,1,0.8571428571428571,80.0,4.0,3.0,3.75,6,5.0
484,34,1,1,0.6666666666666666,5,3.0,3,0.6666666666666667,5,0.5714285714285714,80.0,6.0,6.0,3.25,5,4.0
148,25,1,0,0.25,4,2.0,1,0.3333333333333333,1,1.0,90.0,6.0,6.0,2.0,6,4.0
268,45,1,0,0.25,4,,2,0.0833333333333333,1,0.8571428571428571,60.0,3.0,3.0,1.75,5,4.0
876,52,0,0,0.375,5,,2,0.2916666666666666,1,1.0,60.0,2.0,1.0,1.5,2,6.0
934,51,1,0,0.625,5,3.0,3,0.0,1,0.8571428571428571,90.0,4.0,5.0,3.0,5,6.0
1267,25,1,0,0.25,2,2.0,2,0.5833333333333334,6,0.8571428571428571,40.0,3.0,4.0,6.5,4,4.0
1842,37,1,0,0.25,5,2.0,2,0.75,1,0.8571428571428571,80.0,5.0,3.0,2.5,2,7.0
464,42,1,0,0.25,5,3.0,3,0.25,1,0.8571428571428571,90.0,6.0,5.0,2.5,5,6.0
1217,69,0,0,0.375,2,,2,0.2916666666666666,1,0.7142857142857143,50.0,3.0,4.0,3.75,5,4.0
63,25,1,0,0.25,2,1.0,2,0.2083333333333333,3,0.7142857142857143,60.0,2.0,4.0,3.0,5,3.0
2167,56,0,0,0.75,3,1.0,2,0.2916666666666666,1,0.8571428571428571,70.0,4.0,5.0,1.25,4,5.0
306,35,0,0,0.625,4,1.0,1,0.3333333333333333,1,0.7142857142857143,40.0,6.0,4.0,4.5,3,4.0
310,41,1,0,0.625,5,3.0,2,0.375,1,0.8571428571428571,100.0,7.0,4.0,2.25,4,4.0
1347,39,0,0,0.625,4,3.0,3,0.4583333333333333,1,1.0,80.0,4.0,4.0,3.75,2,7.0
138,39,1,0,0.5,3,2.0,2,0.4166666666666666,1,1.0,70.0,4.0,5.0,3.0,5,5.0
