participantId,ai_role
1752,Mostly as a tool to assist me in making my own determinations
1365,Mostly as a tool to assist me in making my own determinations
1274,A mix of both a tool and an influencing agent
1629,A mix of both a tool and an influencing agent
767,A mix of both a tool and an influencing agent
699,Primarily as an agent trying to influence or persuade me in making determinations
1924,Mostly as a tool to assist me in making my own determinations
792,Mostly as a tool to assist me in making my own determinations
225,A mix of both a tool and an influencing agent
1486,A mix of both a tool and an influencing agent
1142,Mostly as a tool to assist me in making my own determinations
1801,Mostly as a tool to assist me in making my own determinations
1079,Mostly as a tool to assist me in making my own determinations
556,Primarily as an agent trying to influence or persuade me in making determinations
1664,Mostly as a tool to assist me in making my own determinations
1582,A mix of both a tool and an influencing agent
431,Mostly as a tool to assist me in making my own determinations
2047,Primarily as an agent trying to influence or persuade me in making determinations
1228,Mostly as a tool to assist me in making my own determinations
2204,A mix of both a tool and an influencing agent
1963,Mostly as a tool to assist me in making my own determinations
1125,Neither as a tool nor as an influencing agent
1138,Mostly as a tool to assist me in making my own determinations
1338,A mix of both a tool and an influencing agent
2226,Mostly as a tool to assist me in making my own determinations
2042,Primarily as an agent trying to influence or persuade me in making determinations
1431,A mix of both a tool and an influencing agent
989,A mix of both a tool and an influencing agent
541,Neither as a tool nor as an influencing agent
664,Mostly as a tool to assist me in making my own determinations
1385,Mostly as a tool to assist me in making my own determinations
1592,A mix of both a tool and an influencing agent
68,A mix of both a tool and an influencing agent
1311,Mostly as a tool to assist me in making my own determinations
1533,Mostly as a tool to assist me in making my own determinations
1443,A mix of both a tool and an influencing agent
2189,Mostly as a tool to assist me in making my own determinations
465,A mix of both a tool and an influencing agent
2171,Mostly as a tool to assist me in making my own determinations
2040,Primarily as an agent trying to influence or persuade me in making determinations
2213,Primarily as an agent trying to influence or persuade me in making determinations
1722,Primarily as an agent trying to influence or persuade me in making determinations
962,Mostly as a tool to assist me in making my own determinations
1101,A mix of both a tool and an influencing agent
497,Mostly as a tool to assist me in making my own determinations
1376,Primarily as an agent trying to influence or persuade me in making determinations
2254,Mostly as a tool to assist me in making my own determinations
2344,Neither as a tool nor as an influencing agent
49,Mostly as a tool to assist me in making my own determinations
2023,Mostly as a tool to assist me in making my own determinations
884,Primarily as an agent trying to influence or persuade me in making determinations
1403,Mostly as a tool to assist me in making my own determinations
46,A mix of both a tool and an influencing agent
941,A mix of both a tool and an influencing agent
1371,A mix of both a tool and an influencing agent
1527,Mostly as a tool to assist me in making my own determinations
2093,A mix of both a tool and an influencing agent
1411,Mostly as a tool to assist me in making my own determinations
1432,Mostly as a tool to assist me in making my own determinations
329,Mostly as a tool to assist me in making my own determinations
2149,Mostly as a tool to assist me in making my own determinations
1215,A mix of both a tool and an influencing agent
1662,Primarily as an agent trying to influence or persuade me in making determinations
874,Mostly as a tool to assist me in making my own determinations
591,Neither as a tool nor as an influencing agent
907,Mostly as a tool to assist me in making my own determinations
2233,A mix of both a tool and an influencing agent
881,A mix of both a tool and an influencing agent
1359,A mix of both a tool and an influencing agent
715,A mix of both a tool and an influencing agent
1028,Mostly as a tool to assist me in making my own determinations
421,Mostly as a tool to assist me in making my own determinations
391,A mix of both a tool and an influencing agent
1808,A mix of both a tool and an influencing agent
697,Mostly as a tool to assist me in making my own determinations
27,Mostly as a tool to assist me in making my own determinations
243,Mostly as a tool to assist me in making my own determinations
2052,Mostly as a tool to assist me in making my own determinations
2145,A mix of both a tool and an influencing agent
2281,Mostly as a tool to assist me in making my own determinations
2071,A mix of both a tool and an influencing agent
2140,Mostly as a tool to assist me in making my own determinations
728,Mostly as a tool to assist me in making my own determinations
133,A mix of both a tool and an influencing agent
914,A mix of both a tool and an influencing agent
1136,Primarily as an agent trying to influence or persuade me in making determinations
1853,Mostly as a tool to assist me in making my own determinations
1696,A mix of both a tool and an influencing agent
1146,Mostly as a tool to assist me in making my own determinations
1477,Mostly as a tool to assist me in making my own determinations
605,Primarily as an agent trying to influence or persuade me in making determinations
573,Primarily as an agent trying to influence or persuade me in making determinations
626,A mix of both a tool and an influencing agent
524,Mostly as a tool to assist me in making my own determinations
2312,Mostly as a tool to assist me in making my own determinations
224,A mix of both a tool and an influencing agent
1175,Mostly as a tool to assist me in making my own determinations
1196,Mostly as a tool to assist me in making my own determinations
1993,Mostly as a tool to assist me in making my own determinations
1164,Mostly as a tool to assist me in making my own determinations
629,A mix of both a tool and an influencing agent
1609,A mix of both a tool and an influencing agent
725,Mostly as a tool to assist me in making my own determinations
1344,Mostly as a tool to assist me in making my own determinations
552,A mix of both a tool and an influencing agent
1396,Mostly as a tool to assist me in making my own determinations
516,Mostly as a tool to assist me in making my own determinations
240,Mostly as a tool to assist me in making my own determinations
1510,Mostly as a tool to assist me in making my own determinations
105,Mostly as a tool to assist me in making my own determinations
125,A mix of both a tool and an influencing agent
1553,A mix of both a tool and an influencing agent
568,Mostly as a tool to assist me in making my own determinations
1087,Primarily as an agent trying to influence or persuade me in making determinations
1983,Mostly as a tool to assist me in making my own determinations
1127,A mix of both a tool and an influencing agent
807,Mostly as a tool to assist me in making my own determinations
1838,A mix of both a tool and an influencing agent
1891,A mix of both a tool and an influencing agent
155,A mix of both a tool and an influencing agent
1329,A mix of both a tool and an influencing agent
889,Primarily as an agent trying to influence or persuade me in making determinations
386,Mostly as a tool to assist me in making my own determinations
856,A mix of both a tool and an influencing agent
1093,A mix of both a tool and an influencing agent
1579,A mix of both a tool and an influencing agent
1463,Mostly as a tool to assist me in making my own determinations
778,A mix of both a tool and an influencing agent
168,Mostly as a tool to assist me in making my own determinations
1895,Mostly as a tool to assist me in making my own determinations
2347,Primarily as an agent trying to influence or persuade me in making determinations
435,A mix of both a tool and an influencing agent
651,Primarily as an agent trying to influence or persuade me in making determinations
1192,A mix of both a tool and an influencing agent
1416,Neither as a tool nor as an influencing agent
353,A mix of both a tool and an influencing agent
2068,Primarily as an agent trying to influence or persuade me in making determinations
1457,Mostly as a tool to assist me in making my own determinations
79,Mostly as a tool to assist me in making my own determinations
2245,A mix of both a tool and an influencing agent
2100,Mostly as a tool to assist me in making my own determinations
141,Mostly as a tool to assist me in making my own determinations
671,Mostly as a tool to assist me in making my own determinations
138,Neither as a tool nor as an influencing agent
1347,Neither as a tool nor as an influencing agent
306,Neither as a tool nor as an influencing agent
988,Mostly as a tool to assist me in making my own determinations
2167,Neither as a tool nor as an influencing agent
310,Neither as a tool nor as an influencing agent
2022,Primarily as an agent trying to influence or persuade me in making determinations
63,Mostly as a tool to assist me in making my own determinations
1217,Unsure
1842,Neither as a tool nor as an influencing agent
464,Unsure
1267,A mix of both a tool and an influencing agent
934,Neither as a tool nor as an influencing agent
876,Neither as a tool nor as an influencing agent
268,Neither as a tool nor as an influencing agent
148,Mostly as a tool to assist me in making my own determinations
746,Neither as a tool nor as an influencing agent
705,Mostly as a tool to assist me in making my own determinations
740,A mix of both a tool and an influencing agent
959,Mostly as a tool to assist me in making my own determinations
1023,Mostly as a tool to assist me in making my own determinations
179,Mostly as a tool to assist me in making my own determinations
984,Mostly as a tool to assist me in making my own determinations
1174,Primarily as an agent trying to influence or persuade me in making determinations
1024,A mix of both a tool and an influencing agent
583,Mostly as a tool to assist me in making my own determinations
453,Primarily as an agent trying to influence or persuade me in making determinations
1060,A mix of both a tool and an influencing agent
927,Mostly as a tool to assist me in making my own determinations
1472,A mix of both a tool and an influencing agent
23,Mostly as a tool to assist me in making my own determinations
1176,Mostly as a tool to assist me in making my own determinations
98,A mix of both a tool and an influencing agent
316,A mix of both a tool and an influencing agent
1239,A mix of both a tool and an influencing agent
2305,Mostly as a tool to assist me in making my own determinations
2336,A mix of both a tool and an influencing agent
1320,Mostly as a tool to assist me in making my own determinations
1680,Mostly as a tool to assist me in making my own determinations
1886,Mostly as a tool to assist me in making my own determinations
628,Primarily as an agent trying to influence or persuade me in making determinations
180,Mostly as a tool to assist me in making my own determinations
2220,A mix of both a tool and an influencing agent
238,A mix of both a tool and an influencing agent
170,Primarily as an agent trying to influence or persuade me in making determinations
264,Mostly as a tool to assist me in making my own determinations
1776,A mix of both a tool and an influencing agent
1731,Mostly as a tool to assist me in making my own determinations
2244,Primarily as an agent trying to influence or persuade me in making determinations
1649,Primarily as an agent trying to influence or persuade me in making determinations
2064,Neither as a tool nor as an influencing agent
1959,Mostly as a tool to assist me in making my own determinations
717,Mostly as a tool to assist me in making my own determinations
342,A mix of both a tool and an influencing agent
2133,Mostly as a tool to assist me in making my own determinations
811,Mostly as a tool to assist me in making my own determinations
1547,Mostly as a tool to assist me in making my own determinations
2383,A mix of both a tool and an influencing agent
1667,A mix of both a tool and an influencing agent
282,A mix of both a tool and an influencing agent
1972,A mix of both a tool and an influencing agent
53,Mostly as a tool to assist me in making my own determinations
1150,Mostly as a tool to assist me in making my own determinations
1613,Mostly as a tool to assist me in making my own determinations
971,Mostly as a tool to assist me in making my own determinations
744,Primarily as an agent trying to influence or persuade me in making determinations
2182,Mostly as a tool to assist me in making my own determinations
557,Mostly as a tool to assist me in making my own determinations
833,A mix of both a tool and an influencing agent
1843,Primarily as an agent trying to influence or persuade me in making determinations
1203,Primarily as an agent trying to influence or persuade me in making determinations
139,Mostly as a tool to assist me in making my own determinations
555,Primarily as an agent trying to influence or persuade me in making determinations
1392,A mix of both a tool and an influencing agent
1322,Mostly as a tool to assist me in making my own determinations
1480,Mostly as a tool to assist me in making my own determinations
358,Mostly as a tool to assist me in making my own determinations
1966,Primarily as an agent trying to influence or persuade me in making determinations
1374,A mix of both a tool and an influencing agent
1641,Mostly as a tool to assist me in making my own determinations
2374,Mostly as a tool to assist me in making my own determinations
265,Mostly as a tool to assist me in making my own determinations
1632,Mostly as a tool to assist me in making my own determinations
1571,Mostly as a tool to assist me in making my own determinations
1743,A mix of both a tool and an influencing agent
539,Mostly as a tool to assist me in making my own determinations
2288,A mix of both a tool and an influencing agent
1488,Mostly as a tool to assist me in making my own determinations
2106,A mix of both a tool and an influencing agent
1905,A mix of both a tool and an influencing agent
151,A mix of both a tool and an influencing agent
720,A mix of both a tool and an influencing agent
804,Mostly as a tool to assist me in making my own determinations
1591,Mostly as a tool to assist me in making my own determinations
657,Neither as a tool nor as an influencing agent
1198,Unsure
1321,A mix of both a tool and an influencing agent
1876,A mix of both a tool and an influencing agent
1173,Mostly as a tool to assist me in making my own determinations
785,Mostly as a tool to assist me in making my own determinations
448,A mix of both a tool and an influencing agent
835,A mix of both a tool and an influencing agent
2063,A mix of both a tool and an influencing agent
1678,A mix of both a tool and an influencing agent
1019,Mostly as a tool to assist me in making my own determinations
815,Mostly as a tool to assist me in making my own determinations
2291,Mostly as a tool to assist me in making my own determinations
191,Neither as a tool nor as an influencing agent
1599,A mix of both a tool and an influencing agent
307,Mostly as a tool to assist me in making my own determinations
269,A mix of both a tool and an influencing agent
964,Mostly as a tool to assist me in making my own determinations
1572,Primarily as an agent trying to influence or persuade me in making determinations
2301,A mix of both a tool and an influencing agent
2314,Neither as a tool nor as an influencing agent
1128,Mostly as a tool to assist me in making my own determinations
13,Mostly as a tool to assist me in making my own determinations
1000,Mostly as a tool to assist me in making my own determinations
314,A mix of both a tool and an influencing agent
1902,A mix of both a tool and an influencing agent
195,A mix of both a tool and an influencing agent
1102,Neither as a tool nor as an influencing agent
1526,A mix of both a tool and an influencing agent
736,A mix of both a tool and an influencing agent
1397,A mix of both a tool and an influencing agent
579,Mostly as a tool to assist me in making my own determinations
2006,Mostly as a tool to assist me in making my own determinations
324,A mix of both a tool and an influencing agent
1986,Mostly as a tool to assist me in making my own determinations
947,Primarily as an agent trying to influence or persuade me in making determinations
2008,Mostly as a tool to assist me in making my own determinations
2060,A mix of both a tool and an influencing agent
87,Mostly as a tool to assist me in making my own determinations
559,Mostly as a tool to assist me in making my own determinations
206,Primarily as an agent trying to influence or persuade me in making determinations
863,Mostly as a tool to assist me in making my own determinations
684,Primarily as an agent trying to influence or persuade me in making determinations
903,Primarily as an agent trying to influence or persuade me in making determinations
278,Mostly as a tool to assist me in making my own determinations
1576,A mix of both a tool and an influencing agent
327,A mix of both a tool and an influencing agent
949,Mostly as a tool to assist me in making my own determinations
2262,A mix of both a tool and an influencing agent
1676,Mostly as a tool to assist me in making my own determinations
1779,Neither as a tool nor as an influencing agent
1498,Mostly as a tool to assist me in making my own determinations
782,Mostly as a tool to assist me in making my own determinations
1721,Primarily as an agent trying to influence or persuade me in making determinations
1080,Mostly as a tool to assist me in making my own determinations
311,Mostly as a tool to assist me in making my own determinations
2088,A mix of both a tool and an influencing agent
1440,Mostly as a tool to assist me in making my own determinations
484,Mostly as a tool to assist me in making my own determinations
2116,Mostly as a tool to assist me in making my own determinations
2361,Primarily as an agent trying to influence or persuade me in making determinations
1645,Mostly as a tool to assist me in making my own determinations
1569,Mostly as a tool to assist me in making my own determinations
2337,A mix of both a tool and an influencing agent
2057,A mix of both a tool and an influencing agent
915,Neither as a tool nor as an influencing agent
1987,A mix of both a tool and an influencing agent
1711,Mostly as a tool to assist me in making my own determinations
2408,Primarily as an agent trying to influence or persuade me in making determinations
1191,Primarily as an agent trying to influence or persuade me in making determinations
1846,Mostly as a tool to assist me in making my own determinations
498,Mostly as a tool to assist me in making my own determinations
461,A mix of both a tool and an influencing agent
1727,Mostly as a tool to assist me in making my own determinations
2406,A mix of both a tool and an influencing agent
1021,A mix of both a tool and an influencing agent
343,A mix of both a tool and an influencing agent
1450,Mostly as a tool to assist me in making my own determinations
101,A mix of both a tool and an influencing agent
668,Mostly as a tool to assist me in making my own determinations
519,A mix of both a tool and an influencing agent
153,A mix of both a tool and an influencing agent
2249,A mix of both a tool and an influencing agent
140,Primarily as an agent trying to influence or persuade me in making determinations
2256,A mix of both a tool and an influencing agent
40,A mix of both a tool and an influencing agent
1294,Mostly as a tool to assist me in making my own determinations
513,A mix of both a tool and an influencing agent
2241,A mix of both a tool and an influencing agent
1419,Primarily as an agent trying to influence or persuade me in making determinations
452,Mostly as a tool to assist me in making my own determinations
2075,Primarily as an agent trying to influence or persuade me in making determinations
1784,Mostly as a tool to assist me in making my own determinations
58,A mix of both a tool and an influencing agent
1559,Mostly as a tool to assist me in making my own determinations
696,A mix of both a tool and an influencing agent
1394,Neither as a tool nor as an influencing agent
967,Mostly as a tool to assist me in making my own determinations
692,Primarily as an agent trying to influence or persuade me in making determinations
709,A mix of both a tool and an influencing agent
2188,Mostly as a tool to assist me in making my own determinations
1059,Mostly as a tool to assist me in making my own determinations
976,Primarily as an agent trying to influence or persuade me in making determinations
2388,Mostly as a tool to assist me in making my own determinations
129,Mostly as a tool to assist me in making my own determinations
1942,Mostly as a tool to assist me in making my own determinations
1849,Mostly as a tool to assist me in making my own determinations
416,Mostly as a tool to assist me in making my own determinations
380,A mix of both a tool and an influencing agent
1302,Mostly as a tool to assist me in making my own determinations
117,Mostly as a tool to assist me in making my own determinations
334,Primarily as an agent trying to influence or persuade me in making determinations
1689,A mix of both a tool and an influencing agent
2322,Neither as a tool nor as an influencing agent
531,Mostly as a tool to assist me in making my own determinations
1441,Mostly as a tool to assist me in making my own determinations
1223,Mostly as a tool to assist me in making my own determinations
1119,Mostly as a tool to assist me in making my own determinations
250,Primarily as an agent trying to influence or persuade me in making determinations
1137,Mostly as a tool to assist me in making my own determinations
639,A mix of both a tool and an influencing agent
232,A mix of both a tool and an influencing agent
223,Primarily as an agent trying to influence or persuade me in making determinations
376,Mostly as a tool to assist me in making my own determinations
457,Primarily as an agent trying to influence or persuade me in making determinations
1778,A mix of both a tool and an influencing agent
1738,A mix of both a tool and an influencing agent
2274,Primarily as an agent trying to influence or persuade me in making determinations
1341,Mostly as a tool to assist me in making my own determinations
846,Mostly as a tool to assist me in making my own determinations
162,Mostly as a tool to assist me in making my own determinations
2078,Primarily as an agent trying to influence or persuade me in making determinations
2325,Mostly as a tool to assist me in making my own determinations
2208,Primarily as an agent trying to influence or persuade me in making determinations
1587,Primarily as an agent trying to influence or persuade me in making determinations
1160,Primarily as an agent trying to influence or persuade me in making determinations
613,A mix of both a tool and an influencing agent
662,A mix of both a tool and an influencing agent
315,A mix of both a tool and an influencing agent
215,Mostly as a tool to assist me in making my own determinations
1887,A mix of both a tool and an influencing agent
2020,A mix of both a tool and an influencing agent
585,Mostly as a tool to assist me in making my own determinations
1733,A mix of both a tool and an influencing agent
781,A mix of both a tool and an influencing agent
131,Primarily as an agent trying to influence or persuade me in making determinations
2231,A mix of both a tool and an influencing agent
2153,Mostly as a tool to assist me in making my own determinations
331,A mix of both a tool and an influencing agent
1135,A mix of both a tool and an influencing agent
1105,A mix of both a tool and an influencing agent
490,Mostly as a tool to assist me in making my own determinations
80,A mix of both a tool and an influencing agent
8,Mostly as a tool to assist me in making my own determinations
439,Mostly as a tool to assist me in making my own determinations
1179,A mix of both a tool and an influencing agent
2179,Mostly as a tool to assist me in making my own determinations
1505,A mix of both a tool and an influencing agent
90,A mix of both a tool and an influencing agent
1857,Mostly as a tool to assist me in making my own determinations
645,A mix of both a tool and an influencing agent
1050,Mostly as a tool to assist me in making my own determinations
157,A mix of both a tool and an influencing agent
933,A mix of both a tool and an influencing agent
1548,A mix of both a tool and an influencing agent
1438,Mostly as a tool to assist me in making my own determinations
2402,Mostly as a tool to assist me in making my own determinations
364,A mix of both a tool and an influencing agent
2183,A mix of both a tool and an influencing agent
1581,A mix of both a tool and an influencing agent
505,Mostly as a tool to assist me in making my own determinations
1030,A mix of both a tool and an influencing agent
1132,Mostly as a tool to assist me in making my own determinations
1458,A mix of both a tool and an influencing agent
2097,A mix of both a tool and an influencing agent
1033,A mix of both a tool and an influencing agent
1470,Mostly as a tool to assist me in making my own determinations
1058,Primarily as an agent trying to influence or persuade me in making determinations
953,Primarily as an agent trying to influence or persuade me in making determinations
1724,A mix of both a tool and an influencing agent
2348,Mostly as a tool to assist me in making my own determinations
295,A mix of both a tool and an influencing agent
1923,Mostly as a tool to assist me in making my own determinations
1273,A mix of both a tool and an influencing agent
1584,Mostly as a tool to assist me in making my own determinations
1786,A mix of both a tool and an influencing agent
2175,Mostly as a tool to assist me in making my own determinations
2005,A mix of both a tool and an influencing agent
1234,Mostly as a tool to assist me in making my own determinations
281,A mix of both a tool and an influencing agent
1200,A mix of both a tool and an influencing agent
1502,A mix of both a tool and an influencing agent
1634,Primarily as an agent trying to influence or persuade me in making determinations
1001,Primarily as an agent trying to influence or persuade me in making determinations
210,Primarily as an agent trying to influence or persuade me in making determinations
2271,A mix of both a tool and an influencing agent
43,A mix of both a tool and an influencing agent
938,A mix of both a tool and an influencing agent
2069,Mostly as a tool to assist me in making my own determinations
398,Neither as a tool nor as an influencing agent
2053,A mix of both a tool and an influencing agent
2389,Mostly as a tool to assist me in making my own determinations
1913,Mostly as a tool to assist me in making my own determinations
197,Primarily as an agent trying to influence or persuade me in making determinations
1170,Mostly as a tool to assist me in making my own determinations
2094,Primarily as an agent trying to influence or persuade me in making determinations
993,Mostly as a tool to assist me in making my own determinations
1885,A mix of both a tool and an influencing agent
919,A mix of both a tool and an influencing agent
538,Mostly as a tool to assist me in making my own determinations
589,Mostly as a tool to assist me in making my own determinations
2032,A mix of both a tool and an influencing agent
940,A mix of both a tool and an influencing agent
926,A mix of both a tool and an influencing agent
906,A mix of both a tool and an influencing agent
743,Mostly as a tool to assist me in making my own determinations
1506,Mostly as a tool to assist me in making my own determinations
161,Mostly as a tool to assist me in making my own determinations
732,Primarily as an agent trying to influence or persuade me in making determinations
2395,A mix of both a tool and an influencing agent
779,Mostly as a tool to assist me in making my own determinations
773,A mix of both a tool and an influencing agent
1229,Mostly as a tool to assist me in making my own determinations
2253,A mix of both a tool and an influencing agent
1550,Mostly as a tool to assist me in making my own determinations
913,Mostly as a tool to assist me in making my own determinations
2130,Mostly as a tool to assist me in making my own determinations
2275,Primarily as an agent trying to influence or persuade me in making determinations
2362,Primarily as an agent trying to influence or persuade me in making determinations
1917,A mix of both a tool and an influencing agent
1919,A mix of both a tool and an influencing agent
570,Mostly as a tool to assist me in making my own determinations
2124,A mix of both a tool and an influencing agent
220,Mostly as a tool to assist me in making my own determinations
395,A mix of both a tool and an influencing agent
403,A mix of both a tool and an influencing agent
1551,A mix of both a tool and an influencing agent
1517,Primarily as an agent trying to influence or persuade me in making determinations
895,Neither as a tool nor as an influencing agent
244,A mix of both a tool and an influencing agent
2126,A mix of both a tool and an influencing agent
854,Neither as a tool nor as an influencing agent
1940,Mostly as a tool to assist me in making my own determinations
1005,Mostly as a tool to assist me in making my own determinations
147,Mostly as a tool to assist me in making my own determinations
2252,Neither as a tool nor as an influencing agent
356,Mostly as a tool to assist me in making my own determinations
673,A mix of both a tool and an influencing agent
2330,A mix of both a tool and an influencing agent
1467,A mix of both a tool and an influencing agent
861,A mix of both a tool and an influencing agent
135,Primarily as an agent trying to influence or persuade me in making determinations
599,A mix of both a tool and an influencing agent
1594,Mostly as a tool to assist me in making my own determinations
1544,Mostly as a tool to assist me in making my own determinations
509,Neither as a tool nor as an influencing agent
335,A mix of both a tool and an influencing agent
2310,Mostly as a tool to assist me in making my own determinations
2258,Mostly as a tool to assist me in making my own determinations
1461,Mostly as a tool to assist me in making my own determinations
107,A mix of both a tool and an influencing agent
273,A mix of both a tool and an influencing agent
2386,A mix of both a tool and an influencing agent
1660,A mix of both a tool and an influencing agent
1841,Mostly as a tool to assist me in making my own determinations
1351,A mix of both a tool and an influencing agent
979,Mostly as a tool to assist me in making my own determinations
1469,Primarily as an agent trying to influence or persuade me in making determinations
1209,Mostly as a tool to assist me in making my own determinations
1238,Mostly as a tool to assist me in making my own determinations
300,Mostly as a tool to assist me in making my own determinations
1096,Neither as a tool nor as an influencing agent
1732,Mostly as a tool to assist me in making my own determinations
741,A mix of both a tool and an influencing agent
1789,Primarily as an agent trying to influence or persuade me in making determinations
1447,A mix of both a tool and an influencing agent
1623,Mostly as a tool to assist me in making my own determinations
248,Primarily as an agent trying to influence or persuade me in making determinations
392,Mostly as a tool to assist me in making my own determinations
1111,A mix of both a tool and an influencing agent
495,A mix of both a tool and an influencing agent
1456,Neither as a tool nor as an influencing agent
944,Primarily as an agent trying to influence or persuade me in making determinations
2223,Mostly as a tool to assist me in making my own determinations
2103,Mostly as a tool to assist me in making my own determinations
1123,Mostly as a tool to assist me in making my own determinations
279,Mostly as a tool to assist me in making my own determinations
578,A mix of both a tool and an influencing agent
317,Mostly as a tool to assist me in making my own determinations
1782,Mostly as a tool to assist me in making my own determinations
218,Mostly as a tool to assist me in making my own determinations
830,Primarily as an agent trying to influence or persuade me in making determinations
1462,A mix of both a tool and an influencing agent
1955,A mix of both a tool and an influencing agent
894,A mix of both a tool and an influencing agent
3,Mostly as a tool to assist me in making my own determinations
902,Mostly as a tool to assist me in making my own determinations
213,A mix of both a tool and an influencing agent
1781,Primarily as an agent trying to influence or persuade me in making determinations
973,A mix of both a tool and an influencing agent
280,Mostly as a tool to assist me in making my own determinations
477,Mostly as a tool to assist me in making my own determinations
1767,A mix of both a tool and an influencing agent
1817,Mostly as a tool to assist me in making my own determinations
735,Mostly as a tool to assist me in making my own determinations
388,A mix of both a tool and an influencing agent
2282,Mostly as a tool to assist me in making my own determinations
802,Primarily as an agent trying to influence or persuade me in making determinations
399,A mix of both a tool and an influencing agent
2090,Neither as a tool nor as an influencing agent
1624,Primarily as an agent trying to influence or persuade me in making determinations
29,Neither as a tool nor as an influencing agent
7,A mix of both a tool and an influencing agent
1108,Primarily as an agent trying to influence or persuade me in making determinations
1670,Mostly as a tool to assist me in making my own determinations
1308,A mix of both a tool and an influencing agent
1791,A mix of both a tool and an influencing agent
1746,A mix of both a tool and an influencing agent
1607,A mix of both a tool and an influencing agent
1952,A mix of both a tool and an influencing agent
1766,Primarily as an agent trying to influence or persuade me in making determinations
1118,Mostly as a tool to assist me in making my own determinations
424,A mix of both a tool and an influencing agent
1714,Primarily as an agent trying to influence or persuade me in making determinations
803,A mix of both a tool and an influencing agent
1177,A mix of both a tool and an influencing agent
972,Primarily as an agent trying to influence or persuade me in making determinations
1658,A mix of both a tool and an influencing agent
65,A mix of both a tool and an influencing agent
642,Mostly as a tool to assist me in making my own determinations
1622,A mix of both a tool and an influencing agent
724,A mix of both a tool and an influencing agent
204,Mostly as a tool to assist me in making my own determinations
1354,A mix of both a tool and an influencing agent
951,A mix of both a tool and an influencing agent
1336,A mix of both a tool and an influencing agent
793,A mix of both a tool and an influencing agent
1479,Primarily as an agent trying to influence or persuade me in making determinations
1078,A mix of both a tool and an influencing agent
1829,A mix of both a tool and an influencing agent
1504,Mostly as a tool to assist me in making my own determinations
1930,Mostly as a tool to assist me in making my own determinations
1049,A mix of both a tool and an influencing agent
20,Mostly as a tool to assist me in making my own determinations
1256,Mostly as a tool to assist me in making my own determinations
603,Mostly as a tool to assist me in making my own determinations
880,A mix of both a tool and an influencing agent
2224,Mostly as a tool to assist me in making my own determinations
128,Mostly as a tool to assist me in making my own determinations
1348,Primarily as an agent trying to influence or persuade me in making determinations
1585,A mix of both a tool and an influencing agent
1901,Mostly as a tool to assist me in making my own determinations
1122,Primarily as an agent trying to influence or persuade me in making determinations
1977,Primarily as an agent trying to influence or persuade me in making determinations
126,Mostly as a tool to assist me in making my own determinations
882,Mostly as a tool to assist me in making my own determinations
1384,Primarily as an agent trying to influence or persuade me in making determinations
627,Primarily as an agent trying to influence or persuade me in making determinations
1964,Primarily as an agent trying to influence or persuade me in making determinations
730,A mix of both a tool and an influencing agent
1565,Neither as a tool nor as an influencing agent
247,A mix of both a tool and an influencing agent
1439,Primarily as an agent trying to influence or persuade me in making determinations
1484,Neither as a tool nor as an influencing agent
1045,Neither as a tool nor as an influencing agent
1610,Primarily as an agent trying to influence or persuade me in making determinations
397,A mix of both a tool and an influencing agent
236,Mostly as a tool to assist me in making my own determinations
2237,A mix of both a tool and an influencing agent
1730,A mix of both a tool and an influencing agent
426,Mostly as a tool to assist me in making my own determinations
576,A mix of both a tool and an influencing agent
1220,A mix of both a tool and an influencing agent
325,A mix of both a tool and an influencing agent
1531,Neither as a tool nor as an influencing agent
1337,A mix of both a tool and an influencing agent
1890,Primarily as an agent trying to influence or persuade me in making determinations
2104,Mostly as a tool to assist me in making my own determinations
345,A mix of both a tool and an influencing agent
1567,A mix of both a tool and an influencing agent
1464,Mostly as a tool to assist me in making my own determinations
1386,A mix of both a tool and an influencing agent
437,Mostly as a tool to assist me in making my own determinations
78,A mix of both a tool and an influencing agent
633,A mix of both a tool and an influencing agent
917,Mostly as a tool to assist me in making my own determinations
1825,A mix of both a tool and an influencing agent
1100,Mostly as a tool to assist me in making my own determinations
1931,Mostly as a tool to assist me in making my own determinations
689,Mostly as a tool to assist me in making my own determinations
814,Mostly as a tool to assist me in making my own determinations
1048,Mostly as a tool to assist me in making my own determinations
1929,A mix of both a tool and an influencing agent
2099,A mix of both a tool and an influencing agent
2279,Mostly as a tool to assist me in making my own determinations
1523,Neither as a tool nor as an influencing agent
355,A mix of both a tool and an influencing agent
2,Mostly as a tool to assist me in making my own determinations
2255,Mostly as a tool to assist me in making my own determinations
2405,Mostly as a tool to assist me in making my own determinations
694,Mostly as a tool to assist me in making my own determinations
721,Mostly as a tool to assist me in making my own determinations
116,Mostly as a tool to assist me in making my own determinations
1558,Mostly as a tool to assist me in making my own determinations
350,A mix of both a tool and an influencing agent
1172,Mostly as a tool to assist me in making my own determinations
1873,Primarily as an agent trying to influence or persuade me in making determinations
2169,Mostly as a tool to assist me in making my own determinations
942,Mostly as a tool to assist me in making my own determinations
636,Mostly as a tool to assist me in making my own determinations
2030,A mix of both a tool and an influencing agent
1417,A mix of both a tool and an influencing agent
2050,Primarily as an agent trying to influence or persuade me in making determinations
1165,Mostly as a tool to assist me in making my own determinations
545,A mix of both a tool and an influencing agent
1768,A mix of both a tool and an influencing agent
561,A mix of both a tool and an influencing agent
1904,A mix of both a tool and an influencing agent
189,Mostly as a tool to assist me in making my own determinations
122,Primarily as an agent trying to influence or persuade me in making determinations
1686,Mostly as a tool to assist me in making my own determinations
847,A mix of both a tool and an influencing agent
2073,A mix of both a tool and an influencing agent
1090,Primarily as an agent trying to influence or persuade me in making determinations
1465,Mostly as a tool to assist me in making my own determinations
1309,A mix of both a tool and an influencing agent
704,A mix of both a tool and an influencing agent
2272,Mostly as a tool to assist me in making my own determinations
36,Mostly as a tool to assist me in making my own determinations
97,Primarily as an agent trying to influence or persuade me in making determinations
2372,Mostly as a tool to assist me in making my own determinations
1156,Mostly as a tool to assist me in making my own determinations
1315,Mostly as a tool to assist me in making my own determinations
929,Mostly as a tool to assist me in making my own determinations
1349,Mostly as a tool to assist me in making my own determinations
791,A mix of both a tool and an influencing agent
2349,Primarily as an agent trying to influence or persuade me in making determinations
2036,Mostly as a tool to assist me in making my own determinations
1124,A mix of both a tool and an influencing agent
352,Primarily as an agent trying to influence or persuade me in making determinations
16,Mostly as a tool to assist me in making my own determinations
214,Neither as a tool nor as an influencing agent
2157,Primarily as an agent trying to influence or persuade me in making determinations
60,Mostly as a tool to assist me in making my own determinations
871,A mix of both a tool and an influencing agent
2166,Neither as a tool nor as an influencing agent
1032,A mix of both a tool and an influencing agent
175,Primarily as an agent trying to influence or persuade me in making determinations
1691,A mix of both a tool and an influencing agent
2303,A mix of both a tool and an influencing agent
2035,A mix of both a tool and an influencing agent
1091,A mix of both a tool and an influencing agent
1837,Primarily as an agent trying to influence or persuade me in making determinations
648,Primarily as an agent trying to influence or persuade me in making determinations
393,A mix of both a tool and an influencing agent
820,Mostly as a tool to assist me in making my own determinations
737,Mostly as a tool to assist me in making my own determinations
1009,Mostly as a tool to assist me in making my own determinations
763,Mostly as a tool to assist me in making my own determinations
1620,Mostly as a tool to assist me in making my own determinations
991,A mix of both a tool and an influencing agent
1178,Mostly as a tool to assist me in making my own determinations
1251,Mostly as a tool to assist me in making my own determinations
454,Mostly as a tool to assist me in making my own determinations
9,Mostly as a tool to assist me in making my own determinations
2001,Mostly as a tool to assist me in making my own determinations
665,Mostly as a tool to assist me in making my own determinations
994,A mix of both a tool and an influencing agent
185,Primarily as an agent trying to influence or persuade me in making determinations
1494,Unsure
1763,A mix of both a tool and an influencing agent
974,A mix of both a tool and an influencing agent
883,A mix of both a tool and an influencing agent
624,Mostly as a tool to assist me in making my own determinations
2407,A mix of both a tool and an influencing agent
67,A mix of both a tool and an influencing agent
1918,Mostly as a tool to assist me in making my own determinations
93,Mostly as a tool to assist me in making my own determinations
1945,Primarily as an agent trying to influence or persuade me in making determinations
1121,Primarily as an agent trying to influence or persuade me in making determinations
1358,A mix of both a tool and an influencing agent
794,Primarily as an agent trying to influence or persuade me in making determinations
266,Mostly as a tool to assist me in making my own determinations
422,A mix of both a tool and an influencing agent
19,A mix of both a tool and an influencing agent
2380,A mix of both a tool and an influencing agent
2316,Mostly as a tool to assist me in making my own determinations
120,Mostly as a tool to assist me in making my own determinations
813,Mostly as a tool to assist me in making my own determinations
543,A mix of both a tool and an influencing agent
2400,Mostly as a tool to assist me in making my own determinations
1254,A mix of both a tool and an influencing agent
1932,A mix of both a tool and an influencing agent
479,Mostly as a tool to assist me in making my own determinations
640,Mostly as a tool to assist me in making my own determinations
867,A mix of both a tool and an influencing agent
321,Mostly as a tool to assist me in making my own determinations
360,A mix of both a tool and an influencing agent
535,Mostly as a tool to assist me in making my own determinations
2185,Mostly as a tool to assist me in making my own determinations
1933,Primarily as an agent trying to influence or persuade me in making determinations
797,A mix of both a tool and an influencing agent
547,Mostly as a tool to assist me in making my own determinations
1017,Mostly as a tool to assist me in making my own determinations
1914,A mix of both a tool and an influencing agent
1204,A mix of both a tool and an influencing agent
436,A mix of both a tool and an influencing agent
476,Mostly as a tool to assist me in making my own determinations
575,Mostly as a tool to assist me in making my own determinations
2293,Primarily as an agent trying to influence or persuade me in making determinations
1227,Mostly as a tool to assist me in making my own determinations
1364,A mix of both a tool and an influencing agent
1236,Mostly as a tool to assist me in making my own determinations
2378,Mostly as a tool to assist me in making my own determinations
130,Mostly as a tool to assist me in making my own determinations
1619,Mostly as a tool to assist me in making my own determinations
2333,A mix of both a tool and an influencing agent
1307,Primarily as an agent trying to influence or persuade me in making determinations
394,A mix of both a tool and an influencing agent
1616,Primarily as an agent trying to influence or persuade me in making determinations
2109,Mostly as a tool to assist me in making my own determinations
89,A mix of both a tool and an influencing agent
246,A mix of both a tool and an influencing agent
1257,Mostly as a tool to assist me in making my own determinations
2403,A mix of both a tool and an influencing agent
2342,A mix of both a tool and an influencing agent
1346,Primarily as an agent trying to influence or persuade me in making determinations
2135,A mix of both a tool and an influencing agent
896,A mix of both a tool and an influencing agent
1949,Mostly as a tool to assist me in making my own determinations
1383,A mix of both a tool and an influencing agent
921,A mix of both a tool and an influencing agent
1774,Primarily as an agent trying to influence or persuade me in making determinations
2338,Mostly as a tool to assist me in making my own determinations
890,Neither as a tool nor as an influencing agent
1967,A mix of both a tool and an influencing agent
188,Mostly as a tool to assist me in making my own determinations
703,A mix of both a tool and an influencing agent
2264,A mix of both a tool and an influencing agent
592,A mix of both a tool and an influencing agent
1434,Mostly as a tool to assist me in making my own determinations
2214,Mostly as a tool to assist me in making my own determinations
70,A mix of both a tool and an influencing agent
415,Mostly as a tool to assist me in making my own determinations
1283,Mostly as a tool to assist me in making my own determinations
1083,A mix of both a tool and an influencing agent
1452,A mix of both a tool and an influencing agent
995,Primarily as an agent trying to influence or persuade me in making determinations
2331,A mix of both a tool and an influencing agent
2261,A mix of both a tool and an influencing agent
474,A mix of both a tool and an influencing agent
759,A mix of both a tool and an influencing agent
1088,A mix of both a tool and an influencing agent
396,A mix of both a tool and an influencing agent
1089,Mostly as a tool to assist me in making my own determinations
1104,A mix of both a tool and an influencing agent
1911,A mix of both a tool and an influencing agent
860,Mostly as a tool to assist me in making my own determinations
1491,A mix of both a tool and an influencing agent
2401,A mix of both a tool and an influencing agent
2170,A mix of both a tool and an influencing agent
411,Mostly as a tool to assist me in making my own determinations
2118,Mostly as a tool to assist me in making my own determinations
1718,A mix of both a tool and an influencing agent
1103,Primarily as an agent trying to influence or persuade me in making determinations
1061,Neither as a tool nor as an influencing agent
805,Primarily as an agent trying to influence or persuade me in making determinations
1871,Mostly as a tool to assist me in making my own determinations
738,Neither as a tool nor as an influencing agent
2187,Mostly as a tool to assist me in making my own determinations
1864,A mix of both a tool and an influencing agent
483,Mostly as a tool to assist me in making my own determinations
174,Mostly as a tool to assist me in making my own determinations
2072,Neither as a tool nor as an influencing agent
600,Mostly as a tool to assist me in making my own determinations
2318,A mix of both a tool and an influencing agent
800,A mix of both a tool and an influencing agent
1608,Mostly as a tool to assist me in making my own determinations
2307,Mostly as a tool to assist me in making my own determinations
1522,A mix of both a tool and an influencing agent
1318,Mostly as a tool to assist me in making my own determinations
1920,A mix of both a tool and an influencing agent
742,Mostly as a tool to assist me in making my own determinations
2123,Neither as a tool nor as an influencing agent
1991,Mostly as a tool to assist me in making my own determinations
2300,Mostly as a tool to assist me in making my own determinations
2091,Mostly as a tool to assist me in making my own determinations
554,A mix of both a tool and an influencing agent
1362,Unsure
2139,Primarily as an agent trying to influence or persuade me in making determinations
1071,A mix of both a tool and an influencing agent
1133,Mostly as a tool to assist me in making my own determinations
644,A mix of both a tool and an influencing agent
2016,Mostly as a tool to assist me in making my own determinations
690,Primarily as an agent trying to influence or persuade me in making determinations
1614,A mix of both a tool and an influencing agent
445,Mostly as a tool to assist me in making my own determinations
1099,Mostly as a tool to assist me in making my own determinations
764,A mix of both a tool and an influencing agent
1539,Mostly as a tool to assist me in making my own determinations
1906,Mostly as a tool to assist me in making my own determinations
1903,A mix of both a tool and an influencing agent
1872,Mostly as a tool to assist me in making my own determinations
1525,Mostly as a tool to assist me in making my own determinations
1327,A mix of both a tool and an influencing agent
1804,A mix of both a tool and an influencing agent
855,A mix of both a tool and an influencing agent
606,Primarily as an agent trying to influence or persuade me in making determinations
841,Mostly as a tool to assist me in making my own determinations
1535,Mostly as a tool to assist me in making my own determinations
121,Mostly as a tool to assist me in making my own determinations
301,Mostly as a tool to assist me in making my own determinations
1621,A mix of both a tool and an influencing agent
812,A mix of both a tool and an influencing agent
1612,A mix of both a tool and an influencing agent
1184,Primarily as an agent trying to influence or persuade me in making determinations
2328,A mix of both a tool and an influencing agent
2205,Primarily as an agent trying to influence or persuade me in making determinations
1748,Mostly as a tool to assist me in making my own determinations
1116,Unsure
104,A mix of both a tool and an influencing agent
1699,Mostly as a tool to assist me in making my own determinations
407,A mix of both a tool and an influencing agent
996,A mix of both a tool and an influencing agent
1726,Mostly as a tool to assist me in making my own determinations
1937,A mix of both a tool and an influencing agent
2367,A mix of both a tool and an influencing agent
2277,Mostly as a tool to assist me in making my own determinations
2096,A mix of both a tool and an influencing agent
789,Primarily as an agent trying to influence or persuade me in making determinations
1404,A mix of both a tool and an influencing agent
818,Mostly as a tool to assist me in making my own determinations
1141,A mix of both a tool and an influencing agent
1568,Mostly as a tool to assist me in making my own determinations
1171,A mix of both a tool and an influencing agent
2108,A mix of both a tool and an influencing agent
2041,A mix of both a tool and an influencing agent
176,Mostly as a tool to assist me in making my own determinations
1405,Primarily as an agent trying to influence or persuade me in making determinations
1408,A mix of both a tool and an influencing agent
75,A mix of both a tool and an influencing agent
62,Neither as a tool nor as an influencing agent
165,A mix of both a tool and an influencing agent
502,Mostly as a tool to assist me in making my own determinations
2017,A mix of both a tool and an influencing agent
1835,A mix of both a tool and an influencing agent
1453,Mostly as a tool to assist me in making my own determinations
2317,Mostly as a tool to assist me in making my own determinations
1332,A mix of both a tool and an influencing agent
888,A mix of both a tool and an influencing agent
1601,Mostly as a tool to assist me in making my own determinations
1652,A mix of both a tool and an influencing agent
2358,Mostly as a tool to assist me in making my own determinations
1064,A mix of both a tool and an influencing agent
643,A mix of both a tool and an influencing agent
2332,Mostly as a tool to assist me in making my own determinations
2173,A mix of both a tool and an influencing agent
1271,Primarily as an agent trying to influence or persuade me in making determinations
1851,A mix of both a tool and an influencing agent
1672,A mix of both a tool and an influencing agent
293,Mostly as a tool to assist me in making my own determinations
2112,Primarily as an agent trying to influence or persuade me in making determinations
299,Mostly as a tool to assist me in making my own determinations
1154,Primarily as an agent trying to influence or persuade me in making determinations
1800,Mostly as a tool to assist me in making my own determinations
1414,A mix of both a tool and an influencing agent
514,Mostly as a tool to assist me in making my own determinations
2065,Mostly as a tool to assist me in making my own determinations
312,A mix of both a tool and an influencing agent
69,A mix of both a tool and an influencing agent
1883,Mostly as a tool to assist me in making my own determinations
659,Unsure
2248,A mix of both a tool and an influencing agent
1717,Neither as a tool nor as an influencing agent
127,Mostly as a tool to assist me in making my own determinations
1946,Mostly as a tool to assist me in making my own determinations
2115,Mostly as a tool to assist me in making my own determinations
1888,A mix of both a tool and an influencing agent
2236,A mix of both a tool and an influencing agent
103,Mostly as a tool to assist me in making my own determinations
1989,Mostly as a tool to assist me in making my own determinations
2369,A mix of both a tool and an influencing agent
985,A mix of both a tool and an influencing agent
1478,Mostly as a tool to assist me in making my own determinations
924,Primarily as an agent trying to influence or persuade me in making determinations
469,Primarily as an agent trying to influence or persuade me in making determinations
2196,Mostly as a tool to assist me in making my own determinations
817,Primarily as an agent trying to influence or persuade me in making determinations
466,Mostly as a tool to assist me in making my own determinations
1707,Mostly as a tool to assist me in making my own determinations
506,A mix of both a tool and an influencing agent
1704,A mix of both a tool and an influencing agent
2066,Mostly as a tool to assist me in making my own determinations
1583,Mostly as a tool to assist me in making my own determinations
2239,Primarily as an agent trying to influence or persuade me in making determinations
35,A mix of both a tool and an influencing agent
2276,Primarily as an agent trying to influence or persuade me in making determinations
385,A mix of both a tool and an influencing agent
663,A mix of both a tool and an influencing agent
1995,Neither as a tool nor as an influencing agent
1407,Mostly as a tool to assist me in making my own determinations
1979,A mix of both a tool and an influencing agent
965,Mostly as a tool to assist me in making my own determinations
2134,A mix of both a tool and an influencing agent
1540,Neither as a tool nor as an influencing agent
289,Mostly as a tool to assist me in making my own determinations
1897,Mostly as a tool to assist me in making my own determinations
2217,Primarily as an agent trying to influence or persuade me in making determinations
1787,Mostly as a tool to assist me in making my own determinations
1012,Primarily as an agent trying to influence or persuade me in making determinations
1261,Mostly as a tool to assist me in making my own determinations
2235,Mostly as a tool to assist me in making my own determinations
2121,Mostly as a tool to assist me in making my own determinations
372,Neither as a tool nor as an influencing agent
2049,A mix of both a tool and an influencing agent
1735,A mix of both a tool and an influencing agent
2107,Mostly as a tool to assist me in making my own determinations
607,A mix of both a tool and an influencing agent
1588,A mix of both a tool and an influencing agent
1421,A mix of both a tool and an influencing agent
2376,A mix of both a tool and an influencing agent
2125,A mix of both a tool and an influencing agent
25,A mix of both a tool and an influencing agent
560,Mostly as a tool to assist me in making my own determinations
1679,A mix of both a tool and an influencing agent
1002,Primarily as an agent trying to influence or persuade me in making determinations
1503,Primarily as an agent trying to influence or persuade me in making determinations
1074,Mostly as a tool to assist me in making my own determinations
205,Mostly as a tool to assist me in making my own determinations
1756,A mix of both a tool and an influencing agent
432,Mostly as a tool to assist me in making my own determinations
249,Mostly as a tool to assist me in making my own determinations
1335,A mix of both a tool and an influencing agent
1312,Unsure
1892,A mix of both a tool and an influencing agent
1070,Primarily as an agent trying to influence or persuade me in making determinations
1936,Mostly as a tool to assist me in making my own determinations
441,Primarily as an agent trying to influence or persuade me in making determinations
1244,Mostly as a tool to assist me in making my own determinations
533,Mostly as a tool to assist me in making my own determinations
172,Mostly as a tool to assist me in making my own determinations
2392,Primarily as an agent trying to influence or persuade me in making determinations
1473,Unsure
438,Mostly as a tool to assist me in making my own determinations
581,Mostly as a tool to assist me in making my own determinations
2132,A mix of both a tool and an influencing agent
2122,Primarily as an agent trying to influence or persuade me in making determinations
1363,Mostly as a tool to assist me in making my own determinations
212,A mix of both a tool and an influencing agent
548,Mostly as a tool to assist me in making my own determinations
870,Primarily as an agent trying to influence or persuade me in making determinations
1148,Mostly as a tool to assist me in making my own determinations
1869,Neither as a tool nor as an influencing agent
1831,Mostly as a tool to assist me in making my own determinations
866,A mix of both a tool and an influencing agent
1557,Mostly as a tool to assist me in making my own determinations
471,A mix of both a tool and an influencing agent
1530,A mix of both a tool and an influencing agent
596,A mix of both a tool and an influencing agent
2019,Primarily as an agent trying to influence or persuade me in making determinations
1773,A mix of both a tool and an influencing agent
367,Mostly as a tool to assist me in making my own determinations
1316,Mostly as a tool to assist me in making my own determinations
2102,Primarily as an agent trying to influence or persuade me in making determinations
1537,Mostly as a tool to assist me in making my own determinations
549,A mix of both a tool and an influencing agent
106,A mix of both a tool and an influencing agent
877,A mix of both a tool and an influencing agent
602,Mostly as a tool to assist me in making my own determinations
1809,A mix of both a tool and an influencing agent
2014,Primarily as an agent trying to influence or persuade me in making determinations
987,Primarily as an agent trying to influence or persuade me in making determinations
1040,A mix of both a tool and an influencing agent
1677,A mix of both a tool and an influencing agent
1893,Mostly as a tool to assist me in making my own determinations
2128,Mostly as a tool to assist me in making my own determinations
1199,A mix of both a tool and an influencing agent
716,A mix of both a tool and an influencing agent
1910,Mostly as a tool to assist me in making my own determinations
1117,Mostly as a tool to assist me in making my own determinations
1631,A mix of both a tool and an influencing agent
2285,A mix of both a tool and an influencing agent
522,Primarily as an agent trying to influence or persuade me in making determinations
1848,Primarily as an agent trying to influence or persuade me in making determinations
132,Primarily as an agent trying to influence or persuade me in making determinations
1898,Primarily as an agent trying to influence or persuade me in making determinations
