participantId,experiment,perceived_improve,pre_conf,post_conf,perf_exp
1898,single,3.0,5.0,5.0,4.0
132,single,4.0,5.0,5.0,5.0
1848,single,5.0,5.0,7.0,6.0
522,single,4.0,3.0,3.0,3.0
2285,single,6.0,5.0,5.0,5.0
1910,single,4.0,7.0,7.0,5.0
1631,single,6.0,5.0,5.0,5.0
716,single,5.0,3.0,4.0,3.0
1040,single,6.0,3.0,5.0,5.0
1893,single,6.0,2.0,4.0,3.0
2128,single,5.0,2.0,3.0,3.0
1199,single,6.0,3.0,4.0,4.0
2014,single,4.0,4.0,4.0,4.0
602,single,5.0,4.0,5.0,5.0
1677,single,6.0,2.0,4.0,5.0
987,single,4.0,6.0,6.0,5.0
2225,single,3.0,2.0,2.0,2.0
1117,single,7.0,3.0,5.0,5.0
1809,single,4.0,4.0,4.0,4.0
877,single,5.0,4.0,4.0,4.0
106,single,6.0,5.0,5.0,5.0
1537,single,5.0,2.0,3.0,4.0
1316,single,4.0,4.0,4.0,4.0
719,single,4.0,4.0,4.0,4.0
2228,single,5.0,5.0,5.0,6.0
549,single,7.0,7.0,7.0,7.0
2102,single,4.0,4.0,5.0,5.0
1557,single,4.0,4.0,5.0,4.0
596,single,4.0,3.0,3.0,4.0
866,single,7.0,6.0,7.0,6.0
367,single,5.0,4.0,4.0,4.0
870,single,4.0,2.0,3.0,2.0
2132,single,6.0,5.0,5.0,4.0
2122,single,5.0,5.0,5.0,4.0
212,single,4.0,6.0,6.0,6.0
1773,single,6.0,2.0,6.0,7.0
1148,single,6.0,6.0,6.0,6.0
1869,single,5.0,5.0,5.0,4.0
548,single,5.0,2.0,4.0,6.0
1831,single,5.0,4.0,5.0,5.0
1363,single,6.0,3.0,5.0,4.0
1530,single,4.0,5.0,2.0,3.0
172,single,5.0,3.0,5.0,5.0
1473,single,4.0,5.0,4.0,4.0
1244,single,4.0,6.0,7.0,5.0
1936,single,5.0,4.0,5.0,4.0
441,single,2.0,2.0,2.0,2.0
533,single,5.0,4.0,4.0,3.0
2019,single,5.0,3.0,4.0,3.0
438,single,6.0,5.0,6.0,6.0
1312,single,4.0,,1.0,5.0
1892,single,5.0,5.0,5.0,5.0
2392,single,4.0,7.0,6.0,7.0
1335,single,5.0,6.0,4.0,5.0
471,single,6.0,4.0,5.0,6.0
581,single,7.0,5.0,7.0,7.0
205,single,7.0,1.0,2.0,4.0
1756,single,2.0,3.0,5.0,3.0
432,single,7.0,5.0,7.0,7.0
1074,single,7.0,2.0,6.0,6.0
1070,single,4.0,6.0,6.0,5.0
1421,single,7.0,7.0,6.0,7.0
1588,single,5.0,4.0,3.0,3.0
1503,single,4.0,3.0,3.0,4.0
2121,single,6.0,3.0,5.0,5.0
1735,single,5.0,1.0,2.0,3.0
2376,single,5.0,5.0,5.0,5.0
2049,single,4.0,1.0,2.0,2.0
607,single,4.0,5.0,4.0,5.0
249,single,6.0,5.0,5.0,6.0
372,single,4.0,7.0,7.0,4.0
2107,single,5.0,2.0,3.0,5.0
2125,single,5.0,4.0,4.0,4.0
1897,single,4.0,4.0,4.0,2.0
560,single,7.0,6.0,7.0,6.0
289,single,4.0,2.0,3.0,4.0
1261,single,5.0,5.0,5.0,4.0
25,single,5.0,5.0,5.0,5.0
1787,single,5.0,3.0,2.0,4.0
1012,single,6.0,5.0,5.0,5.0
2235,single,7.0,2.0,5.0,5.0
1979,single,5.0,6.0,5.0,5.0
1540,single,6.0,6.0,6.0,5.0
1679,single,4.0,3.0,4.0,5.0
965,single,4.0,4.0,3.0,4.0
1407,single,5.0,4.0,4.0,4.0
663,single,4.0,6.0,6.0,4.0
2217,single,4.0,4.0,4.0,4.0
2239,single,3.0,5.0,4.0,3.0
1995,single,4.0,7.0,7.0,2.0
1583,single,3.0,5.0,5.0,4.0
1707,single,3.0,5.0,5.0,4.0
466,single,7.0,3.0,6.0,6.0
2066,single,3.0,4.0,3.0,4.0
506,single,6.0,4.0,5.0,4.0
1704,single,5.0,4.0,5.0,5.0
1478,single,5.0,4.0,5.0,5.0
924,single,4.0,4.0,4.0,5.0
2369,single,5.0,5.0,6.0,4.0
469,single,6.0,5.0,6.0,6.0
35,single,5.0,6.0,6.0,6.0
2134,single,7.0,6.0,7.0,6.0
985,single,4.0,4.0,4.0,5.0
385,single,7.0,6.0,6.0,6.0
817,single,4.0,4.0,5.0,3.0
1946,single,4.0,5.0,5.0,5.0
1989,single,2.0,4.0,5.0,6.0
2196,single,5.0,4.0,4.0,4.0
659,single,5.0,3.0,3.0,4.0
1888,single,5.0,6.0,6.0,5.0
1414,single,6.0,4.0,5.0,6.0
127,single,5.0,4.0,5.0,4.0
1717,single,4.0,2.0,2.0,4.0
2276,single,5.0,5.0,5.0,5.0
514,single,4.0,5.0,6.0,5.0
69,single,5.0,1.0,2.0,2.0
2115,single,5.0,5.0,6.0,6.0
2065,single,6.0,3.0,4.0,4.0
1883,single,4.0,5.0,5.0,6.0
293,single,5.0,5.0,5.0,5.0
2248,single,6.0,5.0,6.0,6.0
1851,single,5.0,2.0,2.0,2.0
1800,single,4.0,5.0,5.0,4.0
312,single,5.0,4.0,5.0,6.0
2236,single,7.0,6.0,7.0,6.0
103,single,5.0,2.0,2.0,3.0
1271,single,5.0,5.0,5.0,5.0
1672,single,4.0,4.0,4.0,4.0
2112,single,7.0,5.0,6.0,4.0
1154,single,4.0,5.0,7.0,5.0
1652,single,6.0,3.0,4.0,4.0
2332,single,4.0,5.0,6.0,4.0
2173,single,4.0,4.0,5.0,4.0
888,single,6.0,1.0,1.0,4.0
1408,single,4.0,3.0,3.0,3.0
1601,single,6.0,6.0,5.0,5.0
1453,single,6.0,5.0,5.0,6.0
2317,single,7.0,4.0,4.0,6.0
299,single,5.0,5.0,5.0,5.0
1835,single,6.0,4.0,6.0,7.0
165,single,5.0,5.0,5.0,5.0
502,single,5.0,5.0,6.0,5.0
176,single,4.0,4.0,5.0,4.0
62,single,4.0,7.0,6.0,6.0
1568,single,5.0,5.0,5.0,6.0
643,single,4.0,6.0,6.0,6.0
2017,single,4.0,5.0,4.0,5.0
2041,single,5.0,4.0,5.0,5.0
818,single,5.0,3.0,5.0,4.0
2277,single,5.0,5.0,5.0,4.0
1141,single,5.0,2.0,3.0,4.0
2367,single,4.0,2.0,2.0,3.0
996,single,4.0,5.0,4.0,6.0
1937,single,3.0,2.0,3.0,2.0
2096,single,5.0,4.0,5.0,5.0
1621,single,4.0,3.0,3.0,2.0
789,single,7.0,2.0,7.0,7.0
1116,single,4.0,,1.0,2.0
104,single,5.0,4.0,5.0,6.0
1171,single,6.0,5.0,6.0,4.0
301,single,5.0,2.0,3.0,3.0
812,single,4.0,4.0,4.0,3.0
407,single,6.0,3.0,4.0,5.0
1612,single,4.0,4.0,5.0,4.0
2328,single,4.0,5.0,6.0,5.0
2205,single,4.0,2.0,3.0,4.0
1699,single,5.0,6.0,7.0,5.0
1726,single,3.0,4.0,5.0,5.0
121,single,5.0,5.0,5.0,5.0
1748,single,4.0,4.0,5.0,4.0
1404,single,6.0,5.0,5.0,6.0
1405,single,4.0,5.0,5.0,4.0
2358,single,7.0,7.0,7.0,6.0
1064,single,5.0,3.0,4.0,4.0
1184,single,4.0,5.0,5.0,5.0
841,single,6.0,2.0,6.0,7.0
1903,single,3.0,5.0,4.0,4.0
855,single,3.0,5.0,4.0,4.0
1872,single,5.0,3.0,3.0,4.0
2108,single,6.0,5.0,6.0,6.0
1099,single,6.0,5.0,6.0,5.0
1525,single,6.0,5.0,5.0,5.0
445,single,7.0,4.0,5.0,6.0
1535,single,6.0,4.0,5.0,6.0
2016,single,5.0,4.0,4.0,4.0
1906,single,6.0,2.0,5.0,5.0
1071,single,4.0,4.0,4.0,4.0
1327,single,4.0,5.0,7.0,3.0
554,single,4.0,3.0,3.0,5.0
75,single,6.0,4.0,6.0,6.0
690,single,3.0,4.0,4.0,3.0
1539,single,4.0,5.0,5.0,5.0
2091,single,5.0,3.0,3.0,5.0
2139,single,4.0,5.0,6.0,5.0
1804,single,6.0,3.0,6.0,6.0
1332,single,6.0,4.0,5.0,5.0
2123,single,4.0,2.0,2.0,4.0
1362,single,4.0,3.0,4.0,3.0
898,single,6.0,4.0,6.0,6.0
644,single,5.0,5.0,6.0,6.0
1133,single,6.0,5.0,6.0,6.0
800,single,5.0,4.0,5.0,5.0
1522,single,5.0,6.0,6.0,6.0
738,single,4.0,5.0,5.0,5.0
174,single,4.0,5.0,5.0,5.0
483,single,6.0,6.0,7.0,4.0
1920,single,6.0,6.0,5.0,6.0
1991,single,3.0,4.0,5.0,5.0
1103,single,4.0,4.0,4.0,4.0
805,single,4.0,5.0,4.0,4.0
2318,single,3.0,5.0,6.0,6.0
2118,single,5.0,4.0,5.0,5.0
2187,single,6.0,6.0,7.0,6.0
2307,single,4.0,4.0,5.0,4.0
2331,single,3.0,5.0,5.0,5.0
396,single,4.0,5.0,5.0,4.0
1911,single,3.0,6.0,5.0,4.0
1864,single,5.0,2.0,2.0,3.0
2261,single,4.0,5.0,4.0,4.0
1718,single,3.0,4.0,5.0,5.0
1871,single,4.0,4.0,5.0,5.0
600,single,5.0,4.0,4.0,5.0
1318,single,5.0,5.0,6.0,6.0
606,single,4.0,5.0,5.0,6.0
411,single,5.0,5.0,5.0,4.0
1083,single,3.0,4.0,5.0,3.0
1088,single,3.0,4.0,4.0,5.0
860,single,5.0,5.0,5.0,5.0
995,single,4.0,5.0,5.0,4.0
1491,single,3.0,5.0,6.0,5.0
474,single,5.0,6.0,5.0,5.0
1104,single,4.0,4.0,4.0,4.0
2300,single,6.0,4.0,5.0,6.0
415,single,4.0,4.0,3.0,3.0
1452,single,4.0,5.0,5.0,5.0
2072,single,4.0,4.0,4.0,4.0
2170,single,5.0,4.0,5.0,4.0
742,single,5.0,5.0,5.0,4.0
2264,single,4.0,6.0,5.0,3.0
703,single,5.0,5.0,6.0,4.0
188,single,4.0,3.0,3.0,4.0
759,single,5.0,3.0,4.0,6.0
764,single,7.0,2.0,5.0,5.0
1967,single,5.0,4.0,4.0,5.0
70,single,5.0,4.0,5.0,4.0
18,single,5.0,6.0,6.0,6.0
1089,single,6.0,4.0,6.0,5.0
2401,single,5.0,5.0,5.0,5.0
1434,single,5.0,5.0,5.0,5.0
1608,single,5.0,6.0,6.0,6.0
2214,single,4.0,4.0,5.0,5.0
1283,single,6.0,4.0,5.0,4.0
1002,single,4.0,5.0,5.0,5.0
1614,single,1.0,7.0,7.0,7.0
592,single,6.0,3.0,4.0,5.0
890,single,4.0,1.0,4.0,1.0
896,single,6.0,5.0,5.0,5.0
2135,single,6.0,7.0,6.0,5.0
1383,single,6.0,5.0,5.0,5.0
1257,single,7.0,7.0,6.0,7.0
2342,single,5.0,5.0,4.0,4.0
921,single,6.0,6.0,7.0,6.0
2403,single,4.0,3.0,4.0,4.0
1774,single,6.0,5.0,6.0,6.0
2338,single,7.0,6.0,6.0,7.0
1346,single,4.0,6.0,6.0,5.0
246,single,5.0,4.0,5.0,5.0
1949,single,5.0,5.0,5.0,6.0
2109,single,4.0,5.0,4.0,5.0
89,single,4.0,3.0,3.0,4.0
1616,single,3.0,5.0,4.0,5.0
1307,single,5.0,5.0,3.0,4.0
1619,single,6.0,6.0,6.0,6.0
2333,single,5.0,4.0,5.0,4.0
394,single,5.0,5.0,4.0,4.0
130,single,5.0,5.0,5.0,4.0
2378,single,5.0,5.0,6.0,5.0
1227,single,3.0,4.0,4.0,3.0
476,single,4.0,6.0,7.0,7.0
1204,single,6.0,5.0,6.0,6.0
436,single,5.0,5.0,6.0,5.0
575,single,4.0,6.0,6.0,5.0
1364,single,5.0,3.0,4.0,4.0
1236,single,5.0,5.0,5.0,5.0
2293,single,4.0,4.0,4.0,5.0
797,single,4.0,4.0,4.0,4.0
547,single,4.0,5.0,5.0,5.0
2185,single,5.0,4.0,4.0,4.0
1914,single,4.0,4.0,4.0,4.0
535,single,3.0,2.0,4.0,1.0
1017,single,6.0,2.0,4.0,3.0
1933,single,4.0,5.0,6.0,6.0
360,single,6.0,3.0,4.0,4.0
2222,single,4.0,2.0,2.0,4.0
867,single,6.0,4.0,5.0,6.0
321,single,5.0,5.0,6.0,6.0
640,single,5.0,2.0,3.0,5.0
479,single,5.0,3.0,3.0,3.0
2400,single,6.0,4.0,5.0,5.0
1932,single,5.0,5.0,6.0,6.0
1254,single,5.0,5.0,6.0,6.0
813,single,3.0,2.0,3.0,4.0
543,single,5.0,5.0,4.0,4.0
2316,single,5.0,6.0,4.0,4.0
2380,single,6.0,6.0,7.0,6.0
120,single,5.0,4.0,5.0,5.0
266,single,4.0,3.0,3.0,3.0
19,single,5.0,5.0,5.0,4.0
794,single,5.0,5.0,4.0,4.0
1358,single,5.0,5.0,5.0,5.0
1121,single,4.0,6.0,6.0,6.0
422,single,7.0,5.0,6.0,6.0
1918,single,4.0,5.0,6.0,6.0
67,single,4.0,5.0,3.0,3.0
1945,single,4.0,5.0,5.0,4.0
2407,single,4.0,5.0,6.0,6.0
93,single,6.0,5.0,5.0,7.0
883,single,2.0,3.0,4.0,3.0
624,single,6.0,5.0,6.0,6.0
974,single,7.0,5.0,4.0,3.0
665,single,5.0,6.0,6.0,5.0
994,single,6.0,4.0,5.0,5.0
454,single,5.0,6.0,6.0,6.0
1178,single,5.0,3.0,4.0,3.0
9,single,5.0,3.0,4.0,5.0
2001,single,7.0,7.0,7.0,7.0
1494,single,4.0,3.0,3.0,4.0
1009,single,7.0,3.0,6.0,6.0
1763,single,6.0,4.0,6.0,5.0
1251,single,6.0,5.0,6.0,5.0
185,single,4.0,2.0,2.0,3.0
1620,single,5.0,4.0,5.0,4.0
991,single,6.0,5.0,6.0,5.0
737,single,5.0,6.0,5.0,5.0
763,single,3.0,4.0,5.0,5.0
820,single,6.0,5.0,6.0,6.0
393,single,6.0,3.0,5.0,4.0
1091,single,7.0,2.0,5.0,3.0
2035,single,5.0,5.0,5.0,5.0
175,single,4.0,4.0,4.0,4.0
2166,single,4.0,6.0,7.0,7.0
1032,single,5.0,7.0,5.0,6.0
1691,single,6.0,3.0,4.0,5.0
2303,single,5.0,6.0,4.0,5.0
1837,single,2.0,5.0,6.0,5.0
648,single,4.0,6.0,6.0,5.0
871,single,4.0,6.0,6.0,6.0
2157,single,4.0,5.0,5.0,4.0
16,single,5.0,4.0,4.0,4.0
1109,single,5.0,4.0,4.0,5.0
352,single,4.0,3.0,4.0,4.0
60,single,5.0,4.0,4.0,4.0
791,single,5.0,3.0,5.0,5.0
2349,single,6.0,7.0,7.0,6.0
929,single,6.0,3.0,4.0,5.0
214,single,1.0,5.0,6.0,2.0
1124,single,5.0,5.0,5.0,5.0
2036,single,5.0,3.0,3.0,4.0
1349,single,4.0,7.0,7.0,7.0
1315,single,5.0,3.0,3.0,5.0
1156,single,5.0,5.0,5.0,5.0
2372,single,6.0,6.0,6.0,6.0
2272,single,6.0,4.0,5.0,4.0
36,single,6.0,5.0,6.0,6.0
1309,single,6.0,3.0,5.0,5.0
1090,single,3.0,2.0,1.0,2.0
1768,single,5.0,7.0,6.0,5.0
545,single,3.0,2.0,3.0,3.0
2073,single,4.0,6.0,6.0,5.0
1465,single,4.0,4.0,4.0,4.0
97,single,5.0,6.0,7.0,6.0
847,single,5.0,5.0,5.0,5.0
561,single,6.0,4.0,5.0,5.0
1686,single,4.0,6.0,5.0,6.0
1165,single,5.0,4.0,4.0,5.0
122,single,5.0,7.0,5.0,7.0
636,single,6.0,5.0,6.0,6.0
704,single,6.0,5.0,6.0,5.0
942,single,5.0,4.0,5.0,5.0
2030,single,5.0,5.0,6.0,5.0
189,single,6.0,6.0,7.0,6.0
2050,single,5.0,5.0,6.0,6.0
1873,single,4.0,3.0,4.0,5.0
2169,single,6.0,4.0,5.0,5.0
1172,single,4.0,7.0,7.0,7.0
1558,single,5.0,4.0,5.0,5.0
1417,single,4.0,6.0,6.0,3.0
350,single,4.0,1.0,1.0,1.0
1904,single,4.0,3.0,4.0,3.0
721,single,7.0,6.0,6.0,4.0
2255,single,4.0,5.0,4.0,4.0
2405,single,6.0,5.0,6.0,6.0
355,single,5.0,2.0,2.0,3.0
116,single,5.0,4.0,5.0,5.0
694,single,5.0,5.0,6.0,5.0
814,single,3.0,1.0,2.0,2.0
1929,single,5.0,6.0,6.0,5.0
618,single,6.0,5.0,5.0,6.0
2099,single,6.0,6.0,6.0,6.0
1523,single,3.0,2.0,3.0,3.0
1048,single,6.0,5.0,5.0,6.0
1931,single,6.0,5.0,6.0,6.0
689,single,6.0,6.0,6.0,5.0
633,single,3.0,2.0,4.0,4.0
2,single,5.0,5.0,5.0,5.0
1100,single,6.0,5.0,6.0,5.0
1825,single,6.0,3.0,5.0,6.0
78,single,5.0,4.0,4.0,3.0
917,single,5.0,5.0,6.0,6.0
437,single,4.0,5.0,7.0,7.0
1567,single,6.0,5.0,5.0,6.0
2104,single,5.0,4.0,5.0,5.0
38,single,5.0,6.0,7.0,4.0
1531,single,4.0,4.0,5.0,4.0
2279,single,4.0,4.0,4.0,6.0
576,single,4.0,5.0,4.0,4.0
1464,single,4.0,5.0,5.0,5.0
1386,single,6.0,6.0,6.0,5.0
1730,single,4.0,6.0,6.0,5.0
325,single,6.0,5.0,5.0,6.0
1045,single,4.0,4.0,4.0,3.0
426,single,4.0,4.0,5.0,3.0
1610,single,4.0,3.0,3.0,4.0
236,single,5.0,6.0,6.0,6.0
1484,single,4.0,5.0,5.0,5.0
1220,single,5.0,4.0,4.0,5.0
247,single,3.0,5.0,5.0,5.0
1439,single,3.0,6.0,7.0,4.0
1890,single,7.0,5.0,5.0,6.0
1565,single,4.0,2.0,2.0,3.0
397,single,4.0,4.0,4.0,4.0
730,single,2.0,3.0,3.0,2.0
1337,single,5.0,5.0,4.0,4.0
627,single,4.0,4.0,4.0,5.0
345,single,4.0,4.0,5.0,4.0
1901,single,4.0,5.0,4.0,4.0
1122,single,4.0,5.0,4.0,4.0
1964,single,4.0,3.0,4.0,4.0
1384,single,4.0,5.0,4.0,4.0
882,single,5.0,5.0,6.0,5.0
1977,single,4.0,5.0,5.0,4.0
126,single,5.0,7.0,7.0,6.0
1585,single,4.0,4.0,4.0,4.0
1348,single,4.0,7.0,7.0,7.0
2237,single,5.0,6.0,6.0,6.0
880,single,4.0,4.0,5.0,5.0
2224,single,4.0,5.0,6.0,5.0
1256,single,7.0,5.0,7.0,7.0
128,single,5.0,5.0,5.0,6.0
603,single,5.0,3.0,4.0,4.0
1049,single,5.0,5.0,4.0,4.0
20,single,6.0,7.0,6.0,6.0
1504,single,6.0,6.0,6.0,6.0
1930,single,6.0,5.0,6.0,6.0
1078,single,4.0,3.0,5.0,5.0
793,single,4.0,6.0,5.0,4.0
1336,single,4.0,2.0,2.0,3.0
724,single,5.0,5.0,6.0,4.0
1829,single,4.0,5.0,5.0,4.0
951,single,5.0,5.0,4.0,4.0
1622,single,5.0,5.0,5.0,4.0
642,single,4.0,5.0,5.0,5.0
803,single,4.0,4.0,4.0,4.0
1658,single,5.0,5.0,4.0,6.0
1177,single,4.0,4.0,4.0,5.0
1479,single,7.0,5.0,6.0,7.0
1714,single,4.0,5.0,5.0,4.0
972,single,5.0,2.0,3.0,3.0
1766,single,4.0,5.0,5.0,5.0
65,single,5.0,6.0,5.0,5.0
424,single,5.0,5.0,6.0,5.0
1354,single,5.0,3.0,3.0,4.0
1607,single,5.0,5.0,4.0,5.0
1118,single,6.0,3.0,5.0,6.0
1952,single,5.0,7.0,5.0,4.0
1746,single,5.0,6.0,7.0,6.0
1308,single,6.0,5.0,6.0,6.0
29,single,2.0,1.0,1.0,2.0
204,single,6.0,6.0,6.0,6.0
1791,single,6.0,6.0,7.0,7.0
1670,single,4.0,5.0,5.0,6.0
1108,single,4.0,4.0,4.0,4.0
802,single,5.0,4.0,6.0,5.0
1624,single,4.0,5.0,5.0,6.0
388,single,2.0,4.0,5.0,7.0
399,single,3.0,5.0,4.0,4.0
1817,single,4.0,3.0,3.0,3.0
735,single,3.0,5.0,5.0,5.0
213,single,5.0,2.0,3.0,2.0
477,single,6.0,7.0,7.0,7.0
902,single,4.0,6.0,6.0,4.0
973,single,4.0,1.0,2.0,4.0
1955,single,5.0,4.0,5.0,4.0
218,single,4.0,5.0,5.0,5.0
317,single,5.0,3.0,4.0,3.0
894,single,5.0,5.0,5.0,5.0
830,single,6.0,6.0,7.0,6.0
2282,single,5.0,6.0,6.0,7.0
1781,single,5.0,4.0,5.0,4.0
944,single,4.0,4.0,3.0,5.0
2103,single,4.0,3.0,3.0,4.0
7,single,6.0,5.0,5.0,6.0
1123,single,5.0,5.0,5.0,5.0
578,single,6.0,6.0,5.0,5.0
2223,single,6.0,6.0,6.0,5.0
1623,single,4.0,6.0,6.0,6.0
1456,single,4.0,7.0,7.0,1.0
1462,single,5.0,5.0,6.0,4.0
1351,single,6.0,5.0,6.0,6.0
1841,single,5.0,5.0,6.0,5.0
979,single,4.0,4.0,4.0,4.0
1111,single,6.0,3.0,5.0,4.0
1238,single,6.0,4.0,6.0,6.0
280,single,6.0,5.0,6.0,5.0
1732,single,5.0,5.0,5.0,4.0
1447,single,4.0,7.0,7.0,6.0
1096,single,6.0,5.0,4.0,6.0
2090,single,5.0,2.0,2.0,1.0
1767,single,5.0,5.0,6.0,6.0
1782,single,4.0,4.0,4.0,3.0
300,single,4.0,5.0,7.0,6.0
741,single,3.0,3.0,5.0,4.0
509,single,4.0,6.0,6.0,6.0
1594,single,4.0,4.0,4.0,5.0
135,single,5.0,4.0,5.0,4.0
279,single,5.0,5.0,5.0,5.0
273,single,5.0,6.0,6.0,5.0
2386,single,5.0,2.0,3.0,4.0
1461,single,6.0,6.0,6.0,5.0
495,single,5.0,4.0,3.0,4.0
356,single,4.0,4.0,3.0,4.0
673,single,5.0,5.0,5.0,6.0
2310,single,7.0,4.0,7.0,7.0
1789,single,5.0,4.0,5.0,5.0
335,single,6.0,4.0,5.0,5.0
357,single,3.0,6.0,3.0,2.0
1209,single,6.0,5.0,6.0,6.0
2258,single,4.0,6.0,6.0,6.0
854,single,4.0,5.0,5.0,4.0
1469,single,4.0,4.0,5.0,3.0
1467,single,4.0,6.0,6.0,5.0
248,single,3.0,3.0,5.0,4.0
107,single,5.0,5.0,5.0,5.0
1940,single,5.0,2.0,3.0,5.0
147,single,4.0,6.0,6.0,5.0
244,single,6.0,2.0,3.0,6.0
2126,single,4.0,4.0,4.0,2.0
403,single,4.0,4.0,4.0,4.0
1544,single,7.0,7.0,7.0,7.0
2252,single,4.0,6.0,6.0,6.0
392,single,6.0,4.0,4.0,5.0
1660,single,5.0,3.0,3.0,4.0
3,single,5.0,5.0,6.0,6.0
1005,single,5.0,1.0,2.0,4.0
395,single,5.0,6.0,6.0,6.0
1517,single,4.0,5.0,5.0,5.0
1919,single,6.0,5.0,4.0,5.0
570,single,4.0,5.0,5.0,5.0
220,single,3.0,6.0,3.0,4.0
2330,single,4.0,6.0,6.0,5.0
2395,single,4.0,3.0,4.0,4.0
913,single,7.0,7.0,7.0,7.0
1550,single,4.0,4.0,4.0,4.0
1506,single,6.0,5.0,5.0,4.0
773,single,5.0,4.0,4.0,4.0
743,single,4.0,6.0,6.0,5.0
2032,single,3.0,3.0,4.0,4.0
538,single,4.0,2.0,2.0,3.0
926,single,5.0,5.0,6.0,5.0
2253,single,4.0,6.0,5.0,6.0
895,single,4.0,4.0,5.0,5.0
1551,single,4.0,6.0,5.0,5.0
861,single,4.0,4.0,4.0,4.0
1170,single,5.0,3.0,3.0,4.0
779,single,7.0,3.0,5.0,5.0
1229,single,5.0,3.0,5.0,4.0
161,single,6.0,5.0,6.0,5.0
599,single,6.0,5.0,4.0,4.0
906,single,5.0,5.0,5.0,5.0
2094,single,6.0,5.0,6.0,5.0
1885,single,6.0,5.0,5.0,5.0
2362,single,6.0,4.0,5.0,4.0
732,single,4.0,5.0,6.0,4.0
1917,single,4.0,5.0,5.0,4.0
993,single,5.0,4.0,5.0,4.0
2053,single,4.0,4.0,4.0,4.0
197,single,4.0,7.0,6.0,4.0
210,single,4.0,3.0,3.0,3.0
1001,single,6.0,5.0,3.0,3.0
589,single,6.0,3.0,5.0,5.0
1913,single,5.0,5.0,5.0,5.0
398,single,7.0,7.0,7.0,7.0
43,single,5.0,5.0,5.0,5.0
1634,single,4.0,6.0,2.0,4.0
2271,single,5.0,6.0,6.0,6.0
2275,single,4.0,5.0,4.0,5.0
2389,single,5.0,5.0,5.0,5.0
1502,single,6.0,5.0,6.0,5.0
2130,single,3.0,5.0,5.0,6.0
940,single,5.0,3.0,5.0,4.0
295,single,4.0,3.0,4.0,3.0
1234,single,6.0,5.0,6.0,5.0
2124,single,5.0,5.0,6.0,6.0
1200,single,5.0,3.0,5.0,5.0
938,single,5.0,6.0,6.0,6.0
1584,single,5.0,5.0,4.0,6.0
1058,single,4.0,6.0,6.0,6.0
1273,single,5.0,5.0,5.0,6.0
1724,single,5.0,4.0,5.0,5.0
919,single,5.0,2.0,4.0,4.0
281,single,5.0,4.0,5.0,5.0
1470,single,5.0,4.0,4.0,4.0
1548,single,4.0,4.0,4.0,2.0
933,single,5.0,4.0,5.0,3.0
1581,single,5.0,4.0,5.0,5.0
505,single,5.0,5.0,6.0,6.0
2005,single,5.0,5.0,5.0,4.0
1458,single,3.0,6.0,5.0,3.0
364,single,6.0,6.0,6.0,6.0
1923,single,7.0,7.0,7.0,7.0
2069,single,7.0,7.0,7.0,7.0
1033,single,5.0,4.0,5.0,4.0
1438,single,6.0,5.0,6.0,7.0
90,single,5.0,4.0,5.0,4.0
2153,single,6.0,4.0,4.0,4.0
8,single,4.0,3.0,3.0,1.0
2097,single,4.0,6.0,6.0,4.0
645,single,7.0,5.0,5.0,7.0
613,single,7.0,2.0,5.0,5.0
2179,single,6.0,5.0,6.0,6.0
2175,single,4.0,4.0,4.0,5.0
215,single,5.0,6.0,6.0,6.0
2020,single,4.0,1.0,3.0,3.0
2183,single,5.0,5.0,5.0,5.0
953,single,4.0,4.0,4.0,4.0
315,single,4.0,5.0,5.0,5.0
1857,single,5.0,3.0,4.0,6.0
1132,single,4.0,4.0,4.0,4.0
1341,single,3.0,5.0,5.0,4.0
2274,single,4.0,6.0,5.0,4.0
1786,single,5.0,4.0,4.0,4.0
1505,single,5.0,6.0,4.0,4.0
1433,single,5.0,4.0,4.0,4.0
1030,single,5.0,7.0,7.0,6.0
1119,single,4.0,4.0,4.0,4.0
376,single,4.0,3.0,3.0,2.0
2325,single,5.0,4.0,5.0,5.0
1587,single,4.0,1.0,1.0,2.0
826,single,3.0,3.0,4.0,5.0
662,single,4.0,5.0,5.0,4.0
2078,single,6.0,6.0,6.0,6.0
1778,single,5.0,5.0,5.0,5.0
2208,single,6.0,6.0,6.0,6.0
162,single,4.0,6.0,6.0,5.0
846,single,6.0,6.0,5.0,6.0
531,single,5.0,5.0,5.0,5.0
223,single,2.0,7.0,5.0,1.0
585,single,5.0,5.0,6.0,5.0
80,single,5.0,3.0,4.0,3.0
1532,single,5.0,4.0,4.0,3.0
250,single,4.0,4.0,4.0,4.0
1050,single,4.0,6.0,6.0,5.0
490,single,4.0,6.0,6.0,5.0
1137,single,5.0,7.0,7.0,7.0
1135,single,4.0,7.0,7.0,7.0
439,single,5.0,5.0,4.0,5.0
1738,single,5.0,6.0,6.0,6.0
232,single,6.0,5.0,6.0,5.0
334,single,5.0,1.0,3.0,4.0
1689,single,6.0,3.0,4.0,4.0
457,single,6.0,5.0,6.0,6.0
1887,single,5.0,6.0,5.0,6.0
157,single,3.0,4.0,4.0,4.0
781,single,6.0,5.0,5.0,6.0
2402,single,5.0,6.0,6.0,6.0
331,single,6.0,6.0,6.0,6.0
131,single,5.0,5.0,4.0,4.0
1733,single,4.0,4.0,4.0,4.0
1870,single,5.0,3.0,5.0,5.0
2322,single,4.0,5.0,5.0,5.0
1160,single,4.0,5.0,5.0,4.0
117,single,4.0,2.0,3.0,3.0
1105,single,5.0,6.0,6.0,5.0
1223,single,5.0,5.0,5.0,5.0
2231,single,5.0,3.0,3.0,4.0
416,single,3.0,3.0,4.0,4.0
639,single,4.0,1.0,1.0,4.0
1441,single,6.0,6.0,6.0,7.0
1179,single,3.0,4.0,4.0,4.0
2348,single,7.0,6.0,6.0,6.0
275,single,4.0,7.0,5.0,5.0
1302,single,3.0,2.0,3.0,5.0
380,single,6.0,4.0,5.0,4.0
1942,single,5.0,3.0,4.0,5.0
976,single,4.0,2.0,2.0,4.0
1059,single,5.0,5.0,5.0,3.0
1849,single,5.0,4.0,4.0,4.0
709,single,6.0,6.0,6.0,4.0
2388,single,7.0,5.0,6.0,6.0
967,single,6.0,5.0,6.0,6.0
2188,single,5.0,5.0,4.0,5.0
692,single,4.0,4.0,4.0,4.0
129,single,4.0,4.0,4.0,4.0
1394,single,4.0,3.0,3.0,3.0
696,single,3.0,6.0,6.0,5.0
1559,single,4.0,5.0,6.0,4.0
58,single,6.0,5.0,6.0,7.0
1784,single,5.0,5.0,6.0,5.0
2075,single,4.0,4.0,4.0,4.0
452,single,6.0,5.0,6.0,6.0
1419,single,4.0,3.0,3.0,4.0
2241,single,5.0,5.0,3.0,4.0
513,single,6.0,4.0,5.0,4.0
1294,single,5.0,4.0,3.0,3.0
40,single,3.0,4.0,3.0,3.0
2256,single,5.0,6.0,6.0,6.0
140,single,5.0,5.0,5.0,5.0
2249,single,4.0,5.0,5.0,4.0
153,single,4.0,4.0,5.0,5.0
519,single,3.0,4.0,5.0,5.0
101,single,5.0,4.0,5.0,4.0
1450,single,4.0,5.0,5.0,5.0
343,single,4.0,5.0,5.0,5.0
668,single,4.0,5.0,6.0,5.0
2406,single,4.0,4.0,5.0,5.0
1021,single,2.0,4.0,3.0,2.0
1727,single,4.0,4.0,4.0,5.0
1846,single,4.0,4.0,4.0,5.0
498,single,4.0,5.0,6.0,5.0
461,single,6.0,2.0,3.0,5.0
1191,single,5.0,2.0,4.0,4.0
2408,single,6.0,1.0,4.0,4.0
1711,single,6.0,6.0,7.0,7.0
915,single,4.0,4.0,4.0,5.0
1987,single,4.0,7.0,7.0,7.0
2057,single,6.0,6.0,6.0,6.0
2337,single,4.0,2.0,3.0,3.0
2361,single,5.0,3.0,4.0,4.0
1645,single,4.0,4.0,4.0,4.0
2116,single,5.0,5.0,6.0,5.0
1569,single,5.0,5.0,5.0,4.0
2088,single,5.0,5.0,5.0,5.0
1440,single,5.0,3.0,5.0,5.0
782,single,4.0,4.0,4.0,4.0
1080,single,4.0,6.0,6.0,7.0
1721,single,4.0,5.0,5.0,6.0
311,single,5.0,5.0,5.0,6.0
1498,single,4.0,4.0,5.0,5.0
1779,single,4.0,5.0,5.0,4.0
1676,single,4.0,7.0,7.0,6.0
2262,single,5.0,4.0,4.0,4.0
949,single,5.0,4.0,5.0,5.0
327,single,6.0,6.0,6.0,6.0
1576,single,7.0,5.0,6.0,5.0
278,single,5.0,5.0,6.0,4.0
903,single,4.0,5.0,5.0,5.0
684,single,4.0,7.0,7.0,5.0
206,single,5.0,6.0,5.0,5.0
863,single,7.0,7.0,7.0,7.0
559,single,3.0,5.0,6.0,5.0
87,single,7.0,6.0,7.0,6.0
2060,single,3.0,4.0,5.0,5.0
2008,single,6.0,6.0,6.0,6.0
1986,single,4.0,3.0,4.0,3.0
947,single,4.0,4.0,5.0,4.0
324,single,4.0,6.0,6.0,6.0
2006,single,5.0,5.0,6.0,6.0
579,single,3.0,4.0,5.0,5.0
1397,single,5.0,5.0,6.0,5.0
736,single,3.0,7.0,7.0,6.0
1102,single,3.0,3.0,4.0,4.0
1526,single,6.0,6.0,6.0,6.0
1902,single,5.0,5.0,5.0,5.0
314,single,6.0,5.0,5.0,5.0
1000,single,4.0,3.0,4.0,4.0
13,single,6.0,4.0,4.0,4.0
1128,single,4.0,3.0,4.0,5.0
2314,single,2.0,6.0,6.0,4.0
2301,single,5.0,5.0,5.0,6.0
195,single,4.0,6.0,6.0,6.0
1572,single,4.0,5.0,5.0,5.0
964,single,2.0,2.0,4.0,5.0
307,single,5.0,6.0,7.0,6.0
269,single,4.0,6.0,5.0,5.0
1599,single,6.0,5.0,6.0,6.0
2291,single,5.0,3.0,4.0,4.0
191,single,1.0,6.0,1.0,1.0
815,single,4.0,4.0,6.0,3.0
1019,single,4.0,5.0,4.0,3.0
1678,single,5.0,5.0,5.0,5.0
2063,single,6.0,4.0,6.0,5.0
835,single,4.0,5.0,6.0,4.0
448,single,5.0,3.0,5.0,5.0
785,single,5.0,5.0,7.0,5.0
1876,single,6.0,4.0,4.0,5.0
1321,single,4.0,5.0,5.0,4.0
1173,single,6.0,5.0,6.0,6.0
1198,single,5.0,2.0,2.0,4.0
657,single,4.0,4.0,4.0,4.0
1591,single,4.0,4.0,4.0,4.0
720,single,4.0,5.0,6.0,6.0
804,single,6.0,6.0,6.0,6.0
151,single,4.0,4.0,6.0,5.0
2106,single,3.0,4.0,5.0,5.0
1905,single,6.0,6.0,7.0,5.0
1488,single,5.0,3.0,4.0,3.0
539,single,5.0,1.0,2.0,2.0
2288,single,4.0,6.0,6.0,4.0
1743,single,5.0,5.0,5.0,5.0
1571,single,5.0,5.0,5.0,5.0
265,single,4.0,3.0,3.0,4.0
2374,single,4.0,5.0,5.0,4.0
1632,single,4.0,3.0,4.0,4.0
1374,single,5.0,6.0,6.0,5.0
1641,single,7.0,6.0,6.0,7.0
1966,single,4.0,5.0,5.0,4.0
358,single,5.0,5.0,4.0,4.0
1480,single,6.0,4.0,4.0,5.0
1322,single,5.0,6.0,6.0,6.0
1392,single,5.0,2.0,3.0,3.0
555,single,3.0,2.0,4.0,3.0
1203,single,5.0,5.0,6.0,5.0
139,single,6.0,5.0,6.0,6.0
1843,single,4.0,7.0,7.0,5.0
833,single,4.0,5.0,4.0,4.0
557,single,6.0,5.0,6.0,5.0
2182,single,5.0,5.0,6.0,4.0
971,single,3.0,3.0,4.0,4.0
744,single,3.0,3.0,3.0,4.0
1613,single,5.0,5.0,6.0,6.0
1150,single,5.0,5.0,4.0,3.0
53,single,3.0,5.0,4.0,3.0
1972,single,5.0,3.0,4.0,6.0
282,single,5.0,5.0,5.0,5.0
1667,single,5.0,5.0,6.0,6.0
2383,single,4.0,5.0,3.0,4.0
811,single,5.0,5.0,5.0,5.0
1547,single,6.0,5.0,5.0,5.0
2133,single,4.0,3.0,3.0,3.0
342,single,4.0,3.0,3.0,4.0
717,single,5.0,5.0,5.0,5.0
1959,single,6.0,3.0,3.0,5.0
2064,single,1.0,1.0,1.0,1.0
1649,single,6.0,2.0,3.0,4.0
2244,single,4.0,2.0,3.0,2.0
1731,single,4.0,6.0,7.0,5.0
1776,single,5.0,4.0,5.0,5.0
264,single,5.0,5.0,5.0,5.0
170,single,4.0,4.0,4.0,3.0
238,single,4.0,6.0,6.0,6.0
180,single,4.0,5.0,3.0,6.0
2220,single,5.0,6.0,6.0,6.0
1886,single,5.0,5.0,5.0,5.0
628,single,5.0,5.0,4.0,5.0
1680,single,5.0,5.0,5.0,4.0
1320,single,5.0,6.0,6.0,5.0
2336,single,6.0,6.0,6.0,6.0
1239,single,4.0,5.0,5.0,5.0
2305,single,6.0,6.0,7.0,6.0
316,single,5.0,3.0,3.0,4.0
98,single,6.0,5.0,6.0,6.0
1176,single,5.0,4.0,4.0,4.0
23,single,5.0,1.0,1.0,2.0
1472,single,4.0,6.0,5.0,5.0
927,single,5.0,6.0,6.0,5.0
1060,single,5.0,5.0,6.0,6.0
453,single,6.0,3.0,4.0,4.0
583,single,5.0,5.0,6.0,5.0
1024,single,5.0,7.0,7.0,6.0
1174,single,5.0,5.0,5.0,6.0
984,single,4.0,4.0,5.0,6.0
179,single,4.0,6.0,6.0,6.0
1023,single,7.0,5.0,6.0,6.0
740,single,4.0,4.0,5.0,5.0
959,single,4.0,3.0,3.0,4.0
705,single,6.0,7.0,7.0,7.0
746,single,4.0,,2.0,1.0
2022,single,4.0,3.0,4.0,4.0
671,single,3.0,5.0,5.0,4.0
2100,single,5.0,5.0,5.0,5.0
1232,single,6.0,6.0,6.0,6.0
988,single,5.0,5.0,5.0,4.0
141,single,7.0,5.0,6.0,6.0
2245,single,6.0,4.0,6.0,6.0
79,single,4.0,5.0,5.0,3.0
1457,single,3.0,5.0,6.0,5.0
1416,single,4.0,4.0,5.0,4.0
2068,single,7.0,1.0,4.0,5.0
353,single,6.0,5.0,6.0,6.0
651,single,3.0,3.0,4.0,4.0
1192,single,4.0,4.0,4.0,3.0
2347,single,4.0,3.0,4.0,3.0
435,single,4.0,4.0,5.0,6.0
1895,single,5.0,3.0,3.0,4.0
168,single,5.0,4.0,5.0,5.0
778,single,6.0,5.0,6.0,6.0
729,single,6.0,5.0,5.0,5.0
349,single,5.0,5.0,5.0,6.0
1463,single,6.0,5.0,5.0,5.0
1579,single,3.0,4.0,5.0,5.0
1093,single,4.0,5.0,5.0,6.0
386,single,4.0,1.0,2.0,4.0
1329,single,5.0,4.0,3.0,4.0
1891,single,4.0,5.0,5.0,5.0
155,single,5.0,3.0,3.0,4.0
889,single,6.0,6.0,6.0,6.0
1838,single,5.0,3.0,3.0,4.0
1983,single,6.0,3.0,4.0,5.0
807,single,6.0,6.0,6.0,6.0
1127,single,4.0,6.0,6.0,6.0
856,single,6.0,5.0,6.0,7.0
1087,single,3.0,2.0,1.0,4.0
1553,single,5.0,3.0,4.0,5.0
516,single,3.0,4.0,5.0,5.0
125,single,6.0,5.0,5.0,6.0
1510,single,5.0,4.0,4.0,5.0
1396,single,5.0,6.0,5.0,5.0
240,single,4.0,5.0,5.0,6.0
105,single,4.0,1.0,3.0,4.0
568,single,5.0,5.0,4.0,5.0
552,single,3.0,5.0,5.0,6.0
1344,single,5.0,7.0,7.0,6.0
629,single,5.0,6.0,6.0,6.0
725,single,5.0,4.0,5.0,5.0
1609,single,4.0,3.0,4.0,4.0
1993,single,3.0,2.0,3.0,4.0
1164,single,4.0,5.0,5.0,5.0
224,single,4.0,2.0,2.0,4.0
1175,single,5.0,3.0,4.0,4.0
1196,single,3.0,1.0,3.0,4.0
2312,single,5.0,3.0,4.0,4.0
524,single,6.0,5.0,6.0,5.0
626,single,3.0,4.0,4.0,3.0
573,single,6.0,3.0,4.0,5.0
605,single,6.0,7.0,7.0,7.0
1477,single,4.0,4.0,5.0,4.0
1146,single,4.0,5.0,4.0,4.0
1696,single,4.0,6.0,5.0,5.0
1853,single,5.0,5.0,5.0,5.0
1136,single,5.0,6.0,6.0,6.0
914,single,5.0,6.0,6.0,5.0
133,single,5.0,6.0,7.0,7.0
2281,single,5.0,4.0,4.0,4.0
2071,single,5.0,5.0,5.0,4.0
2140,single,5.0,4.0,5.0,5.0
728,single,6.0,6.0,6.0,6.0
2145,single,4.0,5.0,3.0,5.0
2052,single,5.0,5.0,6.0,5.0
243,single,5.0,6.0,4.0,6.0
27,single,5.0,5.0,4.0,5.0
715,single,4.0,5.0,4.0,4.0
907,single,6.0,6.0,6.0,6.0
1359,single,5.0,6.0,7.0,7.0
1808,single,6.0,3.0,5.0,4.0
1028,single,5.0,3.0,5.0,4.0
1403,single,4.0,6.0,3.0,3.0
391,single,7.0,4.0,6.0,6.0
1527,single,2.0,1.0,1.0,3.0
1215,single,5.0,3.0,5.0,5.0
591,single,2.0,3.0,3.0,3.0
2149,single,5.0,5.0,6.0,4.0
697,single,5.0,4.0,5.0,5.0
2344,single,6.0,4.0,4.0,2.0
49,single,4.0,3.0,3.0,4.0
2233,single,5.0,5.0,6.0,5.0
1376,single,4.0,4.0,4.0,5.0
881,single,5.0,5.0,5.0,5.0
1371,single,4.0,4.0,5.0,4.0
874,single,7.0,3.0,5.0,5.0
2040,single,3.0,3.0,3.0,3.0
2093,single,4.0,6.0,5.0,5.0
465,single,4.0,5.0,6.0,5.0
497,single,4.0,5.0,4.0,3.0
2023,single,5.0,3.0,4.0,4.0
1432,single,5.0,5.0,5.0,5.0
884,single,6.0,7.0,5.0,6.0
329,single,4.0,6.0,6.0,6.0
1662,single,5.0,3.0,3.0,4.0
421,single,7.0,4.0,6.0,6.0
1431,single,6.0,5.0,5.0,6.0
664,single,6.0,6.0,6.0,5.0
1311,single,4.0,4.0,3.0,3.0
1411,single,5.0,4.0,5.0,6.0
68,single,5.0,5.0,6.0,6.0
1125,single,4.0,5.0,5.0,5.0
1533,single,4.0,5.0,6.0,5.0
1101,single,4.0,5.0,4.0,3.0
46,single,5.0,5.0,5.0,4.0
989,single,5.0,4.0,4.0,5.0
2171,single,6.0,4.0,5.0,4.0
1722,single,5.0,3.0,4.0,4.0
962,single,6.0,4.0,5.0,5.0
145,single,5.0,4.0,5.0,5.0
2189,single,5.0,5.0,6.0,6.0
2254,single,4.0,5.0,5.0,1.0
1138,single,4.0,5.0,6.0,6.0
1338,single,6.0,1.0,4.0,4.0
1385,single,6.0,7.0,6.0,7.0
556,single,5.0,5.0,6.0,5.0
1664,single,4.0,3.0,4.0,5.0
1582,single,4.0,4.0,4.0,6.0
431,single,4.0,6.0,6.0,6.0
2047,single,4.0,3.0,2.0,4.0
1228,single,4.0,7.0,5.0,5.0
2204,single,6.0,3.0,5.0,5.0
1963,single,5.0,2.0,3.0,3.0
2226,single,4.0,6.0,6.0,4.0
2042,single,5.0,5.0,4.0,4.0
541,single,4.0,6.0,5.0,4.0
1592,single,5.0,5.0,5.0,6.0
1443,single,6.0,3.0,4.0,4.0
2213,single,4.0,4.0,4.0,4.0
941,single,3.0,5.0,5.0,3.0
1079,single,6.0,6.0,6.0,5.0
1801,single,4.0,5.0,5.0,5.0
1142,single,4.0,5.0,4.0,5.0
225,single,6.0,6.0,6.0,6.0
792,single,6.0,6.0,5.0,5.0
1924,single,4.0,5.0,4.0,5.0
699,single,4.0,6.0,6.0,5.0
1365,single,4.0,4.0,4.0,4.0
767,single,4.0,4.0,4.0,3.0
1752,single,4.0,3.0,3.0,3.0
1274,single,7.0,6.0,5.0,6.0
1629,single,4.0,5.0,6.0,6.0
1061,single,4.0,2.0,3.0,4.0
24,single,7.0,7.0,7.0,7.0
693,single,,5.0,,
484,single,4.0,6.0,6.0,6.0
148,single,4.0,6.0,6.0,6.0
268,single,4.0,4.0,3.0,4.0
876,single,2.0,2.0,2.0,2.0
934,single,4.0,5.0,5.0,7.0
1267,single,5.0,5.0,5.0,5.0
1842,single,4.0,4.0,5.0,4.0
464,single,4.0,7.0,1.0,4.0
1217,single,4.0,4.0,4.0,4.0
63,single,4.0,4.0,4.0,5.0
2167,single,4.0,3.0,3.0,2.0
306,single,4.0,3.0,3.0,1.0
310,single,4.0,1.0,1.0,4.0
1347,single,2.0,2.0,2.0,2.0
138,single,4.0,5.0,5.0,4.0
1269,dual,5.0,3.0,5.0,5.0
879,dual,6.0,5.0,6.0,6.0
1063,dual,2.0,6.0,7.0,7.0
620,dual,5.0,3.0,5.0,3.0
1430,dual,5.0,5.0,6.0,5.0
1253,dual,5.0,4.0,5.0,5.0
1402,dual,5.0,1.0,2.0,3.0
1292,dual,5.0,5.0,5.0,5.0
590,dual,5.0,4.0,3.0,4.0
1590,dual,6.0,3.0,5.0,5.0
2375,dual,5.0,4.0,5.0,5.0
1878,dual,4.0,4.0,5.0,5.0
654,dual,3.0,5.0,6.0,7.0
1519,dual,5.0,4.0,5.0,6.0
2201,dual,5.0,6.0,6.0,6.0
842,dual,4.0,1.0,1.0,3.0
550,dual,7.0,4.0,5.0,4.0
1615,dual,6.0,6.0,6.0,5.0
1449,dual,4.0,5.0,4.0,4.0
402,dual,6.0,5.0,5.0,6.0
1497,dual,6.0,3.0,6.0,6.0
1961,dual,6.0,3.0,5.0,5.0
207,dual,6.0,6.0,7.0,6.0
64,dual,5.0,4.0,5.0,5.0
1413,dual,4.0,3.0,2.0,2.0
1095,dual,4.0,4.0,4.0,4.0
2080,dual,6.0,6.0,7.0,5.0
274,dual,4.0,5.0,5.0,6.0
1255,dual,5.0,4.0,4.0,4.0
1617,dual,5.0,6.0,6.0,5.0
2343,dual,5.0,3.0,4.0,4.0
91,dual,5.0,3.0,4.0,5.0
1245,dual,4.0,4.0,4.0,4.0
530,dual,5.0,3.0,3.0,4.0
1082,dual,7.0,6.0,6.0,6.0
488,dual,6.0,7.0,7.0,5.0
553,dual,5.0,3.0,3.0,4.0
302,dual,4.0,5.0,5.0,6.0
2067,dual,5.0,2.0,3.0,4.0
4,dual,6.0,2.0,4.0,4.0
2229,dual,6.0,4.0,5.0,5.0
1328,dual,6.0,2.0,5.0,3.0
2202,dual,7.0,7.0,7.0,7.0
1648,dual,3.0,4.0,6.0,6.0
1144,dual,5.0,6.0,6.0,5.0
1029,dual,4.0,4.0,5.0,4.0
2009,dual,3.0,6.0,7.0,7.0
1528,dual,4.0,3.0,4.0,4.0
447,dual,5.0,4.0,4.0,4.0
287,dual,5.0,5.0,6.0,4.0
373,dual,4.0,,3.0,4.0
221,dual,6.0,5.0,6.0,6.0
222,dual,3.0,2.0,3.0,4.0
1436,dual,4.0,3.0,4.0,4.0
1143,dual,4.0,2.0,3.0,3.0
1207,dual,5.0,3.0,6.0,5.0
1277,dual,4.0,6.0,7.0,5.0
1444,dual,4.0,6.0,6.0,6.0
1084,dual,4.0,3.0,3.0,3.0
935,dual,6.0,2.0,5.0,5.0
253,dual,5.0,4.0,5.0,5.0
1214,dual,4.0,7.0,7.0,7.0
2232,dual,5.0,6.0,7.0,4.0
41,dual,4.0,5.0,5.0,5.0
2296,dual,3.0,4.0,4.0,3.0
507,dual,4.0,4.0,4.0,4.0
1076,dual,5.0,3.0,5.0,4.0
1446,dual,4.0,4.0,3.0,2.0
2033,dual,4.0,2.0,4.0,3.0
521,dual,4.0,,7.0,7.0
2129,dual,4.0,5.0,5.0,3.0
608,dual,5.0,5.0,5.0,4.0
1908,dual,4.0,3.0,3.0,4.0
1112,dual,4.0,4.0,5.0,5.0
1828,dual,7.0,5.0,6.0,6.0
1516,dual,4.0,5.0,4.0,5.0
2266,dual,4.0,5.0,6.0,4.0
852,dual,5.0,5.0,5.0,5.0
1673,dual,3.0,4.0,4.0,4.0
630,dual,5.0,3.0,3.0,2.0
1810,dual,7.0,7.0,7.0,7.0
1926,dual,5.0,5.0,5.0,6.0
1043,dual,4.0,4.0,5.0,5.0
1325,dual,6.0,4.0,3.0,3.0
2095,dual,5.0,6.0,5.0,4.0
1783,dual,5.0,6.0,3.0,5.0
501,dual,6.0,5.0,5.0,5.0
2356,dual,5.0,5.0,5.0,5.0
669,dual,4.0,3.0,4.0,3.0
159,dual,7.0,7.0,7.0,7.0
776,dual,4.0,3.0,4.0,3.0
1606,dual,3.0,4.0,5.0,5.0
925,dual,5.0,5.0,6.0,4.0
1297,dual,6.0,5.0,5.0,5.0
1628,dual,5.0,5.0,5.0,5.0
178,dual,4.0,4.0,5.0,5.0
2086,dual,6.0,3.0,5.0,5.0
566,dual,4.0,3.0,3.0,3.0
2270,dual,5.0,5.0,5.0,4.0
1278,dual,4.0,4.0,5.0,5.0
1159,dual,5.0,5.0,5.0,5.0
766,dual,5.0,5.0,5.0,6.0
2160,dual,6.0,5.0,6.0,7.0
2092,dual,4.0,7.0,7.0,7.0
54,dual,5.0,4.0,6.0,6.0
123,dual,6.0,4.0,5.0,5.0
1850,dual,4.0,2.0,4.0,5.0
526,dual,5.0,5.0,4.0,4.0
765,dual,4.0,4.0,4.0,2.0
1935,dual,6.0,7.0,6.0,5.0
2211,dual,4.0,5.0,4.0,3.0
1688,dual,5.0,5.0,5.0,5.0
2178,dual,5.0,4.0,3.0,4.0
1511,dual,7.0,5.0,6.0,6.0
1900,dual,5.0,4.0,4.0,4.0
1815,dual,3.0,4.0,5.0,4.0
757,dual,5.0,3.0,4.0,5.0
1368,dual,4.0,4.0,5.0,4.0
1399,dual,6.0,5.0,6.0,6.0
150,dual,5.0,7.0,6.0,6.0
1836,dual,4.0,4.0,5.0,5.0
1666,dual,5.0,4.0,3.0,5.0
1922,dual,6.0,5.0,6.0,5.0
2283,dual,5.0,4.0,4.0,4.0
1052,dual,5.0,3.0,3.0,4.0
843,dual,5.0,3.0,4.0,5.0
1863,dual,5.0,5.0,5.0,6.0
1840,dual,4.0,2.0,2.0,3.0
1378,dual,6.0,2.0,3.0,4.0
100,dual,5.0,1.0,3.0,3.0
1740,dual,6.0,4.0,5.0,5.0
1975,dual,5.0,6.0,5.0,5.0
1694,dual,3.0,2.0,3.0,5.0
711,dual,6.0,5.0,6.0,6.0
144,dual,4.0,4.0,5.0,5.0
892,dual,5.0,7.0,6.0,6.0
634,dual,5.0,1.0,6.0,7.0
297,dual,5.0,2.0,4.0,2.0
460,dual,7.0,7.0,7.0,7.0
1067,dual,6.0,5.0,4.0,5.0
1388,dual,4.0,5.0,4.0,4.0
1412,dual,5.0,5.0,5.0,5.0
635,dual,2.0,4.0,5.0,6.0
897,dual,5.0,4.0,5.0,5.0
762,dual,4.0,6.0,6.0,6.0
2150,dual,4.0,3.0,4.0,3.0
262,dual,6.0,2.0,2.0,5.0
786,dual,5.0,5.0,4.0,6.0
1818,dual,3.0,4.0,4.0,2.0
95,dual,5.0,4.0,5.0,5.0
1034,dual,5.0,5.0,4.0,4.0
499,dual,6.0,5.0,6.0,7.0
569,dual,5.0,3.0,6.0,5.0
1380,dual,6.0,4.0,6.0,6.0
1495,dual,5.0,2.0,2.0,2.0
770,dual,4.0,5.0,5.0,3.0
290,dual,6.0,5.0,5.0,4.0
1451,dual,4.0,3.0,3.0,2.0
86,dual,4.0,5.0,5.0,2.0
430,dual,6.0,4.0,5.0,6.0
171,dual,4.0,2.0,2.0,4.0
365,dual,4.0,3.0,4.0,5.0
563,dual,6.0,5.0,6.0,6.0
656,dual,3.0,3.0,4.0,3.0
377,dual,3.0,4.0,5.0,5.0
1668,dual,5.0,5.0,5.0,2.0
1042,dual,5.0,5.0,6.0,5.0
1352,dual,5.0,2.0,4.0,4.0
1867,dual,4.0,2.0,2.0,4.0
1788,dual,4.0,2.0,2.0,2.0
1263,dual,6.0,5.0,5.0,5.0
878,dual,4.0,5.0,5.0,6.0
1092,dual,6.0,2.0,3.0,6.0
1428,dual,4.0,5.0,5.0,4.0
332,dual,7.0,2.0,4.0,4.0
1538,dual,4.0,3.0,3.0,2.0
2304,dual,4.0,5.0,7.0,6.0
798,dual,4.0,5.0,5.0,4.0
2174,dual,5.0,5.0,6.0,5.0
1370,dual,4.0,5.0,5.0,5.0
1056,dual,5.0,5.0,5.0,5.0
788,dual,5.0,5.0,5.0,3.0
2074,dual,4.0,3.0,5.0,5.0
1695,dual,5.0,5.0,5.0,5.0
723,dual,5.0,5.0,5.0,5.0
156,dual,6.0,1.0,4.0,4.0
1221,dual,5.0,5.0,6.0,5.0
186,dual,4.0,3.0,3.0,4.0
37,dual,5.0,6.0,6.0,5.0
1855,dual,4.0,4.0,4.0,5.0
1293,dual,6.0,6.0,7.0,7.0
1381,dual,5.0,5.0,5.0,5.0
838,dual,7.0,6.0,6.0,6.0
404,dual,3.0,4.0,2.0,2.0
1468,dual,3.0,3.0,6.0,6.0
609,dual,4.0,3.0,3.0,1.0
1593,dual,6.0,4.0,5.0,5.0
1737,dual,6.0,4.0,4.0,5.0
2085,dual,4.0,5.0,5.0,5.0
680,dual,5.0,5.0,5.0,5.0
769,dual,5.0,5.0,6.0,5.0
2015,dual,4.0,4.0,6.0,6.0
1031,dual,5.0,5.0,6.0,5.0
1182,dual,4.0,6.0,6.0,4.0
1741,dual,5.0,2.0,4.0,3.0
1716,dual,6.0,3.0,4.0,6.0
848,dual,6.0,5.0,6.0,5.0
1753,dual,2.0,5.0,6.0,7.0
887,dual,5.0,1.0,2.0,4.0
1295,dual,5.0,4.0,4.0,4.0
1777,dual,5.0,5.0,7.0,6.0
1799,dual,6.0,3.0,6.0,5.0
722,dual,5.0,4.0,5.0,5.0
1471,dual,6.0,5.0,6.0,6.0
1085,dual,7.0,3.0,4.0,4.0
1147,dual,5.0,4.0,5.0,5.0
1389,dual,5.0,5.0,2.0,4.0
990,dual,7.0,3.0,6.0,5.0
1305,dual,3.0,6.0,4.0,7.0
2004,dual,4.0,5.0,4.0,5.0
2311,dual,4.0,5.0,5.0,5.0
666,dual,6.0,6.0,6.0,5.0
2379,dual,4.0,6.0,5.0,6.0
623,dual,5.0,4.0,5.0,6.0
1280,dual,4.0,4.0,5.0,4.0
1077,dual,6.0,5.0,6.0,6.0
1055,dual,5.0,4.0,4.0,5.0
1181,dual,4.0,2.0,3.0,3.0
2084,dual,7.0,2.0,6.0,6.0
2230,dual,4.0,4.0,5.0,5.0
2038,dual,4.0,3.0,3.0,4.0
1249,dual,4.0,5.0,4.0,4.0
1790,dual,6.0,5.0,5.0,5.0
2268,dual,4.0,4.0,4.0,4.0
1736,dual,3.0,6.0,5.0,4.0
604,dual,3.0,3.0,4.0,4.0
567,dual,5.0,4.0,4.0,4.0
2191,dual,6.0,3.0,5.0,5.0
2280,dual,4.0,2.0,2.0,4.0
1126,dual,4.0,2.0,2.0,2.0
783,dual,3.0,5.0,6.0,6.0
910,dual,4.0,5.0,5.0,5.0
1489,dual,7.0,4.0,7.0,7.0
565,dual,5.0,5.0,5.0,5.0
1435,dual,6.0,3.0,4.0,4.0
1912,dual,4.0,4.0,4.0,4.0
1754,dual,6.0,5.0,6.0,6.0
610,dual,4.0,4.0,5.0,4.0
2070,dual,5.0,4.0,3.0,5.0
2368,dual,5.0,3.0,1.0,4.0
235,dual,5.0,4.0,5.0,5.0
1367,dual,6.0,5.0,5.0,5.0
2354,dual,5.0,6.0,6.0,5.0
571,dual,4.0,4.0,4.0,4.0
851,dual,3.0,2.0,4.0,3.0
1046,dual,5.0,6.0,4.0,4.0
808,dual,4.0,4.0,4.0,1.0
1448,dual,5.0,4.0,5.0,4.0
304,dual,4.0,3.0,4.0,5.0
2373,dual,6.0,4.0,6.0,6.0
446,dual,5.0,6.0,6.0,6.0
992,dual,5.0,5.0,5.0,5.0
486,dual,4.0,5.0,5.0,5.0
276,dual,5.0,4.0,4.0,4.0
1705,dual,5.0,3.0,5.0,5.0
681,dual,4.0,3.0,3.0,3.0
1832,dual,5.0,3.0,4.0,6.0
478,dual,4.0,7.0,7.0,7.0
756,dual,5.0,3.0,3.0,4.0
255,dual,4.0,1.0,1.0,2.0
400,dual,5.0,5.0,5.0,4.0
28,dual,6.0,5.0,6.0,5.0
1188,dual,4.0,3.0,4.0,4.0
2315,dual,5.0,4.0,4.0,4.0
1437,dual,5.0,6.0,6.0,7.0
492,dual,7.0,2.0,5.0,4.0
2391,dual,5.0,3.0,5.0,5.0
1574,dual,4.0,4.0,4.0,5.0
511,dual,6.0,4.0,5.0,6.0
362,dual,5.0,4.0,5.0,5.0
118,dual,6.0,5.0,6.0,6.0
1129,dual,4.0,4.0,4.0,4.0
2018,dual,5.0,4.0,5.0,5.0
409,dual,5.0,3.0,4.0,4.0
1206,dual,5.0,6.0,6.0,6.0
181,dual,4.0,5.0,5.0,4.0
512,dual,3.0,5.0,5.0,5.0
2055,dual,5.0,4.0,4.0,4.0
1069,dual,4.0,5.0,6.0,6.0
1193,dual,6.0,5.0,6.0,6.0
2156,dual,3.0,5.0,5.0,5.0
2299,dual,5.0,5.0,6.0,6.0
1041,dual,5.0,2.0,4.0,4.0
1847,dual,6.0,2.0,3.0,5.0
1950,dual,7.0,3.0,3.0,2.0
1169,dual,5.0,4.0,5.0,4.0
2319,dual,5.0,3.0,5.0,6.0
1022,dual,5.0,5.0,5.0,6.0
1681,dual,5.0,5.0,5.0,6.0
1499,dual,5.0,6.0,6.0,5.0
1247,dual,4.0,4.0,5.0,6.0
257,dual,4.0,4.0,5.0,5.0
370,dual,6.0,6.0,5.0,5.0
1490,dual,5.0,5.0,5.0,5.0
143,dual,4.0,5.0,5.0,5.0
1189,dual,2.0,1.0,2.0,2.0
1646,dual,6.0,5.0,5.0,5.0
496,dual,5.0,3.0,3.0,4.0
1562,dual,7.0,4.0,5.0,5.0
51,dual,4.0,6.0,6.0,6.0
77,dual,3.0,4.0,5.0,5.0
149,dual,5.0,3.0,2.0,4.0
194,dual,5.0,4.0,4.0,4.0
1197,dual,5.0,2.0,3.0,5.0
427,dual,3.0,4.0,4.0,5.0
875,dual,5.0,6.0,6.0,6.0
1496,dual,4.0,4.0,6.0,3.0
960,dual,5.0,4.0,4.0,4.0
470,dual,7.0,5.0,5.0,5.0
333,dual,5.0,5.0,5.0,3.0
2306,dual,5.0,5.0,4.0,4.0
146,dual,4.0,3.0,3.0,4.0
1162,dual,5.0,4.0,5.0,5.0
1331,dual,5.0,4.0,6.0,4.0
211,dual,4.0,6.0,5.0,5.0
601,dual,5.0,4.0,5.0,5.0
2199,dual,5.0,5.0,6.0,5.0
1725,dual,6.0,5.0,5.0,7.0
676,dual,4.0,5.0,5.0,4.0
859,dual,4.0,5.0,5.0,5.0
632,dual,5.0,5.0,6.0,5.0
56,dual,6.0,4.0,4.0,5.0
977,dual,4.0,5.0,6.0,5.0
2321,dual,4.0,6.0,6.0,6.0
1982,dual,5.0,2.0,3.0,4.0
1515,dual,5.0,6.0,6.0,6.0
1163,dual,4.0,2.0,2.0,2.0
2181,dual,6.0,5.0,6.0,5.0
2238,dual,4.0,5.0,5.0,4.0
503,dual,6.0,2.0,3.0,3.0
2184,dual,6.0,5.0,6.0,6.0
952,dual,5.0,5.0,5.0,4.0
1501,dual,5.0,5.0,6.0,6.0
1114,dual,4.0,3.0,3.0,4.0
428,dual,4.0,5.0,5.0,6.0
2398,dual,6.0,5.0,7.0,7.0
540,dual,4.0,4.0,5.0,5.0
1812,dual,5.0,5.0,5.0,5.0
294,dual,4.0,1.0,1.0,2.0
614,dual,5.0,6.0,6.0,5.0
1556,dual,4.0,4.0,5.0,6.0
844,dual,5.0,3.0,4.0,4.0
1665,dual,6.0,5.0,6.0,6.0
1459,dual,3.0,2.0,2.0,3.0
1698,dual,4.0,5.0,5.0,5.0
1650,dual,6.0,3.0,5.0,6.0
322,dual,5.0,5.0,5.0,5.0
2326,dual,3.0,5.0,3.0,5.0
1426,dual,4.0,4.0,4.0,4.0
2334,dual,5.0,3.0,4.0,5.0
169,dual,4.0,4.0,3.0,3.0
286,dual,4.0,5.0,5.0,5.0
252,dual,4.0,3.0,3.0,3.0
1482,dual,5.0,4.0,4.0,5.0
1195,dual,6.0,3.0,4.0,5.0
1139,dual,4.0,6.0,6.0,3.0
491,dual,5.0,5.0,5.0,5.0
1340,dual,6.0,7.0,7.0,6.0
450,dual,4.0,5.0,5.0,5.0
1542,dual,7.0,6.0,7.0,6.0
1168,dual,4.0,6.0,6.0,6.0
444,dual,4.0,5.0,3.0,2.0
899,dual,3.0,4.0,2.0,3.0
1268,dual,5.0,4.0,5.0,4.0
1018,dual,3.0,6.0,7.0,6.0
1822,dual,4.0,2.0,2.0,2.0
688,dual,4.0,4.0,4.0,4.0
2297,dual,4.0,4.0,5.0,4.0
968,dual,3.0,4.0,4.0,4.0
375,dual,5.0,3.0,4.0,4.0
1916,dual,5.0,5.0,5.0,5.0
1734,dual,4.0,5.0,5.0,4.0
383,dual,1.0,2.0,2.0,2.0
1219,dual,5.0,5.0,5.0,5.0
1208,dual,4.0,3.0,3.0,3.0
270,dual,2.0,5.0,4.0,2.0
679,dual,4.0,5.0,5.0,5.0
2177,dual,5.0,5.0,5.0,4.0
510,dual,4.0,4.0,4.0,5.0
597,dual,5.0,6.0,5.0,6.0
1225,dual,4.0,2.0,2.0,2.0
1054,dual,5.0,5.0,6.0,5.0
1513,dual,3.0,3.0,3.0,3.0
489,dual,5.0,2.0,4.0,4.0
258,dual,5.0,3.0,4.0,5.0
1927,dual,4.0,6.0,6.0,6.0
920,dual,6.0,3.0,5.0,5.0
1415,dual,4.0,6.0,7.0,6.0
922,dual,4.0,5.0,5.0,5.0
518,dual,4.0,6.0,6.0,6.0
1951,dual,5.0,4.0,4.0,4.0
2168,dual,4.0,5.0,5.0,5.0
2158,dual,4.0,5.0,5.0,5.0
1742,dual,5.0,3.0,4.0,5.0
774,dual,6.0,5.0,6.0,6.0
1962,dual,7.0,3.0,4.0,5.0
328,dual,4.0,5.0,5.0,5.0
390,dual,5.0,2.0,3.0,3.0
1647,dual,5.0,4.0,5.0,4.0
748,dual,5.0,4.0,5.0,5.0
2324,dual,5.0,5.0,5.0,4.0
234,dual,4.0,2.0,3.0,4.0
1751,dual,5.0,4.0,5.0,4.0
1700,dual,3.0,5.0,5.0,4.0
1894,dual,5.0,3.0,5.0,4.0
542,dual,4.0,4.0,4.0,4.0
2313,dual,5.0,6.0,5.0,3.0
1709,dual,3.0,4.0,5.0,4.0
1555,dual,4.0,5.0,5.0,4.0
1151,dual,5.0,6.0,7.0,6.0
473,dual,5.0,3.0,5.0,4.0
2345,dual,4.0,5.0,4.0,5.0
1625,dual,6.0,5.0,6.0,6.0
50,dual,4.0,4.0,3.0,4.0
997,dual,2.0,5.0,5.0,5.0
909,dual,5.0,5.0,4.0,4.0
731,dual,5.0,3.0,3.0,4.0
2159,dual,4.0,3.0,3.0,4.0
487,dual,5.0,3.0,4.0,3.0
834,dual,6.0,6.0,5.0,5.0
685,dual,6.0,4.0,5.0,4.0
196,dual,4.0,4.0,4.0,4.0
154,dual,6.0,5.0,5.0,4.0
733,dual,6.0,4.0,6.0,6.0
1301,dual,4.0,3.0,3.0,2.0
320,dual,7.0,5.0,6.0,6.0
1957,dual,4.0,6.0,6.0,5.0
2298,dual,4.0,4.0,4.0,3.0
1749,dual,6.0,6.0,6.0,6.0
451,dual,5.0,4.0,4.0,4.0
1915,dual,6.0,5.0,6.0,6.0
1353,dual,5.0,5.0,5.0,6.0
1554,dual,4.0,5.0,6.0,5.0
1820,dual,3.0,3.0,4.0,3.0
1575,dual,5.0,5.0,6.0,5.0
978,dual,4.0,4.0,5.0,5.0
584,dual,5.0,5.0,6.0,6.0
2364,dual,4.0,4.0,4.0,4.0
1597,dual,5.0,2.0,3.0,4.0
1536,dual,4.0,4.0,4.0,5.0
1806,dual,5.0,5.0,6.0,5.0
199,dual,4.0,2.0,1.0,1.0
908,dual,6.0,4.0,5.0,3.0
2247,dual,6.0,4.0,5.0,6.0
1669,dual,5.0,5.0,5.0,4.0
536,dual,5.0,5.0,5.0,4.0
2292,dual,4.0,4.0,5.0,5.0
76,dual,6.0,6.0,6.0,5.0
74,dual,5.0,5.0,4.0,6.0
886,dual,6.0,7.0,7.0,7.0
2127,dual,5.0,3.0,3.0,2.0
2353,dual,4.0,7.0,7.0,7.0
1361,dual,6.0,5.0,6.0,6.0
1814,dual,5.0,5.0,5.0,5.0
2216,dual,4.0,3.0,2.0,3.0
1521,dual,5.0,5.0,6.0,5.0
1422,dual,5.0,3.0,4.0,5.0
2082,dual,5.0,3.0,2.0,4.0
1509,dual,4.0,3.0,4.0,3.0
57,dual,4.0,5.0,6.0,3.0
1454,dual,4.0,5.0,5.0,6.0
15,dual,5.0,4.0,5.0,4.0
296,dual,4.0,5.0,5.0,4.0
1157,dual,5.0,1.0,2.0,2.0
1265,dual,5.0,3.0,4.0,5.0
66,dual,5.0,4.0,5.0,5.0
1877,dual,5.0,5.0,5.0,5.0
2024,dual,5.0,4.0,6.0,5.0
1038,dual,4.0,5.0,5.0,5.0
1324,dual,4.0,4.0,4.0,4.0
1596,dual,4.0,6.0,6.0,6.0
2210,dual,5.0,2.0,4.0,5.0
429,dual,3.0,5.0,4.0,3.0
1990,dual,5.0,4.0,6.0,5.0
1794,dual,4.0,4.0,2.0,4.0
832,dual,5.0,4.0,5.0,4.0
34,dual,5.0,5.0,5.0,5.0
1333,dual,5.0,4.0,4.0,5.0
777,dual,4.0,4.0,4.0,5.0
61,dual,7.0,6.0,7.0,7.0
1288,dual,6.0,7.0,5.0,5.0
1661,dual,4.0,6.0,6.0,7.0
658,dual,6.0,5.0,6.0,6.0
336,dual,7.0,2.0,6.0,6.0
72,dual,4.0,5.0,5.0,5.0
1377,dual,5.0,5.0,5.0,4.0
209,dual,5.0,6.0,7.0,6.0
905,dual,1.0,3.0,3.0,1.0
969,dual,4.0,2.0,4.0,4.0
1194,dual,6.0,3.0,4.0,4.0
2152,dual,5.0,2.0,4.0,4.0
387,dual,3.0,5.0,5.0,4.0
82,dual,4.0,6.0,5.0,5.0
192,dual,4.0,4.0,5.0,5.0
1875,dual,6.0,5.0,6.0,6.0
2163,dual,5.0,3.0,4.0,3.0
1418,dual,5.0,5.0,5.0,5.0
706,dual,6.0,4.0,6.0,6.0
291,dual,5.0,3.0,4.0,4.0
2221,dual,5.0,5.0,6.0,6.0
2013,dual,4.0,4.0,5.0,5.0
11,dual,6.0,6.0,7.0,6.0
1027,dual,5.0,5.0,5.0,3.0
577,dual,5.0,4.0,5.0,4.0
1657,dual,5.0,4.0,4.0,5.0
2269,dual,4.0,5.0,5.0,4.0
303,dual,4.0,7.0,7.0,7.0
2021,dual,3.0,4.0,5.0,5.0
1518,dual,5.0,5.0,5.0,5.0
667,dual,5.0,4.0,6.0,6.0
2111,dual,5.0,6.0,6.0,5.0
758,dual,4.0,5.0,5.0,5.0
1474,dual,5.0,6.0,6.0,5.0
753,dual,5.0,2.0,3.0,3.0
580,dual,6.0,3.0,4.0,6.0
2371,dual,5.0,5.0,5.0,4.0
858,dual,6.0,5.0,6.0,7.0
1879,dual,4.0,4.0,5.0,5.0
230,dual,6.0,5.0,5.0,5.0
1760,dual,4.0,3.0,4.0,5.0
691,dual,5.0,4.0,4.0,4.0
2250,dual,6.0,5.0,6.0,4.0
1595,dual,4.0,3.0,3.0,2.0
1395,dual,4.0,4.0,4.0,5.0
200,dual,4.0,3.0,3.0,3.0
1044,dual,4.0,7.0,7.0,7.0
1053,dual,5.0,1.0,1.0,2.0
1037,dual,5.0,5.0,6.0,6.0
872,dual,3.0,6.0,4.0,5.0
1859,dual,6.0,4.0,5.0,6.0
1246,dual,4.0,3.0,3.0,3.0
2029,dual,5.0,4.0,5.0,4.0
1798,dual,5.0,5.0,3.0,4.0
173,dual,5.0,4.0,4.0,3.0
2240,dual,5.0,5.0,5.0,5.0
414,dual,3.0,5.0,5.0,5.0
1765,dual,5.0,6.0,6.0,5.0
242,dual,5.0,3.0,4.0,4.0
1560,dual,4.0,3.0,3.0,4.0
1826,dual,6.0,6.0,6.0,6.0
1602,dual,4.0,5.0,5.0,5.0
1580,dual,5.0,5.0,3.0,2.0
263,dual,3.0,5.0,3.0,3.0
707,dual,5.0,6.0,6.0,5.0
1016,dual,4.0,5.0,5.0,5.0
2046,dual,4.0,5.0,5.0,4.0
237,dual,5.0,5.0,5.0,4.0
2079,dual,5.0,5.0,6.0,6.0
158,dual,6.0,7.0,5.0,6.0
714,dual,6.0,5.0,5.0,5.0
1339,dual,5.0,3.0,3.0,2.0
638,dual,5.0,7.0,7.0,5.0
413,dual,4.0,4.0,5.0,5.0
2165,dual,5.0,4.0,4.0,4.0
1988,dual,5.0,6.0,6.0,6.0
418,dual,6.0,4.0,5.0,5.0
1970,dual,6.0,5.0,5.0,4.0
2054,dual,5.0,5.0,5.0,6.0
1960,dual,6.0,1.0,5.0,5.0
6,dual,5.0,6.0,7.0,6.0
1393,dual,5.0,6.0,6.0,6.0
771,dual,3.0,6.0,7.0,6.0
81,dual,5.0,4.0,5.0,3.0
1976,dual,6.0,6.0,5.0,6.0
1692,dual,3.0,5.0,4.0,5.0
1934,dual,5.0,3.0,5.0,5.0
227,dual,5.0,5.0,5.0,5.0
678,dual,4.0,4.0,3.0,4.0
515,dual,5.0,6.0,5.0,4.0
449,dual,4.0,5.0,4.0,3.0
787,dual,6.0,2.0,4.0,5.0
911,dual,5.0,4.0,5.0,5.0
102,dual,5.0,3.0,4.0,3.0
1600,dual,6.0,3.0,4.0,4.0
1563,dual,3.0,5.0,6.0,6.0
462,dual,5.0,3.0,5.0,4.0
112,dual,4.0,4.0,5.0,5.0
1272,dual,4.0,5.0,5.0,4.0
2290,dual,4.0,5.0,5.0,5.0
2295,dual,5.0,6.0,6.0,5.0
702,dual,5.0,7.0,6.0,6.0
529,dual,6.0,4.0,5.0,5.0
1771,dual,6.0,4.0,5.0,5.0
1183,dual,5.0,5.0,6.0,6.0
2198,dual,5.0,5.0,5.0,5.0
1747,dual,4.0,5.0,5.0,5.0
2043,dual,6.0,5.0,6.0,6.0
2251,dual,6.0,5.0,7.0,6.0
1833,dual,4.0,5.0,5.0,5.0
1500,dual,5.0,5.0,5.0,5.0
231,dual,5.0,3.0,4.0,5.0
1051,dual,2.0,6.0,6.0,6.0
1266,dual,4.0,6.0,6.0,7.0
110,dual,5.0,4.0,4.0,4.0
1155,dual,3.0,1.0,3.0,3.0
923,dual,4.0,2.0,2.0,2.0
1062,dual,4.0,5.0,4.0,3.0
39,dual,2.0,5.0,4.0,4.0
1708,dual,3.0,5.0,6.0,4.0
164,dual,3.0,2.0,2.0,2.0
752,dual,4.0,4.0,4.0,5.0
885,dual,4.0,5.0,5.0,5.0
849,dual,7.0,2.0,3.0,4.0
2026,dual,5.0,4.0,5.0,4.0
1701,dual,4.0,2.0,3.0,4.0
1577,dual,5.0,4.0,5.0,5.0
810,dual,4.0,5.0,3.0,3.0
904,dual,4.0,3.0,3.0,4.0
1697,dual,3.0,6.0,4.0,3.0
653,dual,4.0,5.0,6.0,4.0
1026,dual,7.0,2.0,4.0,5.0
761,dual,5.0,3.0,4.0,4.0
772,dual,5.0,6.0,5.0,5.0
1317,dual,4.0,3.0,4.0,5.0
1010,dual,4.0,4.0,4.0,4.0
2340,dual,4.0,6.0,5.0,6.0
1713,dual,4.0,6.0,6.0,4.0
2286,dual,4.0,4.0,4.0,5.0
73,dual,5.0,5.0,5.0,6.0
621,dual,2.0,3.0,2.0,3.0
2212,dual,4.0,5.0,6.0,3.0
2209,dual,5.0,5.0,6.0,6.0
2045,dual,5.0,4.0,5.0,5.0
226,dual,4.0,4.0,5.0,4.0
1534,dual,5.0,5.0,5.0,5.0
163,dual,5.0,3.0,4.0,5.0
2193,dual,5.0,5.0,5.0,5.0
586,dual,5.0,3.0,4.0,4.0
267,dual,5.0,5.0,4.0,4.0
698,dual,5.0,3.0,4.0,4.0
406,dual,5.0,5.0,6.0,5.0
930,dual,6.0,3.0,5.0,6.0
1487,dual,6.0,2.0,3.0,4.0
1186,dual,4.0,3.0,2.0,3.0
1014,dual,7.0,2.0,4.0,3.0
1958,dual,4.0,5.0,4.0,5.0
1310,dual,5.0,5.0,6.0,6.0
2083,dual,5.0,5.0,6.0,7.0
2105,dual,4.0,1.0,3.0,2.0
1710,dual,6.0,5.0,5.0,6.0
1039,dual,4.0,4.0,3.0,5.0
384,dual,4.0,3.0,3.0,3.0
2381,dual,5.0,5.0,5.0,6.0
2350,dual,4.0,5.0,6.0,7.0
1973,dual,1.0,1.0,2.0,1.0
2206,dual,5.0,4.0,4.0,3.0
1445,dual,5.0,5.0,6.0,4.0
1285,dual,5.0,2.0,3.0,4.0
2002,dual,5.0,3.0,4.0,4.0
739,dual,5.0,4.0,5.0,3.0
701,dual,5.0,5.0,3.0,3.0
998,dual,5.0,3.0,4.0,4.0
2308,dual,4.0,5.0,4.0,4.0
319,dual,4.0,5.0,5.0,4.0
660,dual,6.0,5.0,6.0,6.0
239,dual,5.0,4.0,5.0,4.0
1719,dual,6.0,5.0,6.0,6.0
1682,dual,5.0,5.0,6.0,5.0
458,dual,4.0,5.0,6.0,5.0
1252,dual,6.0,5.0,5.0,5.0
96,dual,6.0,5.0,6.0,6.0
839,dual,4.0,6.0,7.0,6.0
1750,dual,4.0,2.0,2.0,1.0
948,dual,4.0,4.0,5.0,4.0
233,dual,6.0,1.0,4.0,4.0
1928,dual,4.0,5.0,5.0,4.0
845,dual,6.0,5.0,6.0,5.0
1807,dual,2.0,3.0,1.0,1.0
840,dual,4.0,5.0,5.0,5.0
1319,dual,5.0,5.0,5.0,5.0
1275,dual,5.0,3.0,3.0,5.0
816,dual,4.0,3.0,3.0,4.0
1158,dual,4.0,5.0,5.0,5.0
1938,dual,5.0,4.0,4.0,5.0
2164,dual,6.0,4.0,7.0,5.0
768,dual,4.0,5.0,4.0,4.0
1605,dual,4.0,6.0,6.0,6.0
1212,dual,4.0,2.0,3.0,4.0
271,dual,4.0,6.0,5.0,4.0
1149,dual,6.0,6.0,7.0,6.0
1242,dual,5.0,4.0,5.0,3.0
292,dual,6.0,6.0,6.0,6.0
957,dual,5.0,5.0,5.0,5.0
2012,dual,5.0,4.0,5.0,4.0
2197,dual,5.0,5.0,6.0,6.0
374,dual,5.0,3.0,3.0,4.0
2339,dual,6.0,6.0,7.0,6.0
1304,dual,4.0,5.0,6.0,6.0
47,dual,3.0,4.0,6.0,4.0
504,dual,4.0,6.0,5.0,5.0
1493,dual,6.0,4.0,5.0,6.0
1907,dual,4.0,6.0,6.0,6.0
198,dual,4.0,5.0,6.0,5.0
1357,dual,5.0,3.0,2.0,3.0
1303,dual,6.0,5.0,4.0,5.0
2154,dual,3.0,5.0,6.0,5.0
361,dual,6.0,5.0,5.0,6.0
891,dual,5.0,4.0,5.0,5.0
1345,dual,5.0,4.0,5.0,5.0
1455,dual,4.0,2.0,4.0,3.0
2370,dual,6.0,6.0,6.0,6.0
52,dual,5.0,3.0,5.0,5.0
22,dual,5.0,5.0,6.0,4.0
2278,dual,6.0,6.0,6.0,7.0
1874,dual,5.0,5.0,4.0,6.0
932,dual,4.0,4.0,4.0,4.0
868,dual,5.0,7.0,5.0,7.0
2044,dual,4.0,5.0,5.0,5.0
1008,dual,5.0,6.0,6.0,6.0
508,dual,5.0,5.0,6.0,6.0
1824,dual,5.0,6.0,6.0,6.0
837,dual,5.0,5.0,7.0,6.0
1115,dual,4.0,3.0,5.0,4.0
2098,dual,4.0,2.0,3.0,3.0
119,dual,4.0,6.0,6.0,6.0
2114,dual,5.0,6.0,7.0,5.0
2363,dual,4.0,6.0,6.0,6.0
1476,dual,6.0,4.0,4.0,4.0
954,dual,4.0,6.0,5.0,6.0
1965,dual,5.0,5.0,5.0,5.0
42,dual,5.0,4.0,5.0,5.0
901,dual,4.0,5.0,6.0,4.0
588,dual,5.0,5.0,5.0,6.0
2323,dual,5.0,6.0,7.0,7.0
1483,dual,5.0,5.0,5.0,5.0
1240,dual,6.0,6.0,6.0,6.0
912,dual,4.0,3.0,5.0,7.0
216,dual,5.0,5.0,5.0,5.0
970,dual,5.0,4.0,6.0,6.0
864,dual,4.0,6.0,6.0,6.0
1865,dual,6.0,5.0,5.0,6.0
12,dual,4.0,4.0,1.0,2.0
1998,dual,6.0,5.0,6.0,6.0
517,dual,3.0,5.0,5.0,6.0
208,dual,6.0,6.0,6.0,6.0
2246,dual,5.0,4.0,4.0,1.0
1627,dual,5.0,5.0,5.0,4.0
1759,dual,6.0,5.0,5.0,5.0
822,dual,4.0,5.0,4.0,4.0
1020,dual,4.0,5.0,5.0,5.0
1604,dual,5.0,6.0,5.0,5.0
1072,dual,6.0,3.0,6.0,6.0
682,dual,5.0,6.0,6.0,4.0
1745,dual,6.0,3.0,4.0,5.0
284,dual,5.0,5.0,3.0,4.0
931,dual,5.0,3.0,4.0,4.0
1651,dual,5.0,5.0,6.0,5.0
1856,dual,5.0,4.0,5.0,7.0
955,dual,5.0,4.0,5.0,5.0
1769,dual,5.0,3.0,3.0,5.0
1300,dual,4.0,7.0,7.0,7.0
2089,dual,7.0,5.0,6.0,4.0
190,dual,6.0,5.0,5.0,6.0
111,dual,5.0,5.0,6.0,6.0
2260,dual,4.0,3.0,4.0,3.0
2257,dual,4.0,3.0,3.0,3.0
2155,dual,2.0,,2.0,2.0
544,dual,5.0,5.0,5.0,4.0
1264,dual,5.0,3.0,3.0,4.0
2148,dual,5.0,5.0,6.0,4.0
2329,dual,6.0,5.0,7.0,5.0
2265,dual,4.0,5.0,4.0,5.0
1852,dual,4.0,2.0,3.0,3.0
760,dual,3.0,5.0,4.0,5.0
108,dual,5.0,6.0,6.0,7.0
2058,dual,4.0,4.0,5.0,5.0
308,dual,4.0,4.0,4.0,4.0
1152,dual,5.0,5.0,6.0,5.0
1424,dual,5.0,5.0,5.0,4.0
1373,dual,4.0,6.0,4.0,5.0
2147,dual,3.0,2.0,3.0,3.0
10,dual,4.0,3.0,4.0,4.0
1166,dual,6.0,4.0,5.0,4.0
1180,dual,4.0,6.0,6.0,5.0
1131,dual,5.0,6.0,7.0,6.0
695,dual,5.0,,3.0,3.0
2081,dual,4.0,3.0,3.0,4.0
1394,dual,3.0,4.0,3.0,4.0
593,dual,5.0,3.0,4.0,4.0
1081,dual,5.0,6.0,6.0,5.0
219,dual,6.0,6.0,6.0,6.0
1202,dual,3.0,3.0,3.0,5.0
2027,dual,4.0,5.0,7.0,4.0
1187,dual,5.0,5.0,4.0,5.0
369,dual,6.0,6.0,6.0,6.0
799,dual,5.0,2.0,4.0,4.0
1780,dual,4.0,5.0,5.0,4.0
1948,dual,5.0,1.0,2.0,3.0
1939,dual,4.0,4.0,4.0,4.0
2146,dual,4.0,5.0,6.0,5.0
1098,dual,5.0,4.0,5.0,5.0
1068,dual,4.0,5.0,5.0,5.0
351,dual,4.0,5.0,6.0,5.0
1013,dual,5.0,4.0,5.0,4.0
1882,dual,6.0,2.0,3.0,3.0
1603,dual,5.0,6.0,6.0,5.0
354,dual,4.0,6.0,5.0,6.0
1978,dual,6.0,5.0,6.0,5.0
419,dual,5.0,5.0,5.0,4.0
1248,dual,4.0,4.0,5.0,4.0
2218,dual,5.0,6.0,6.0,6.0
228,dual,6.0,5.0,6.0,5.0
527,dual,5.0,4.0,5.0,5.0
480,dual,4.0,4.0,4.0,2.0
687,dual,5.0,5.0,6.0,5.0
963,dual,1.0,1.0,2.0,1.0
1382,dual,4.0,2.0,2.0,2.0
1075,dual,6.0,4.0,5.0,5.0
551,dual,5.0,4.0,5.0,4.0
2242,dual,4.0,6.0,6.0,5.0
1729,dual,3.0,3.0,4.0,5.0
1224,dual,4.0,5.0,5.0,5.0
468,dual,5.0,6.0,6.0,6.0
1626,dual,4.0,4.0,4.0,4.0
482,dual,4.0,7.0,7.0,4.0
528,dual,4.0,1.0,1.0,2.0
1086,dual,4.0,4.0,4.0,5.0
2186,dual,5.0,6.0,6.0,6.0
2243,dual,5.0,3.0,4.0,2.0
124,dual,4.0,4.0,5.0,4.0
749,dual,4.0,2.0,2.0,3.0
1094,dual,7.0,4.0,6.0,6.0
1819,dual,4.0,6.0,6.0,6.0
1834,dual,4.0,5.0,5.0,6.0
1770,dual,4.0,5.0,6.0,3.0
582,dual,6.0,5.0,4.0,5.0
318,dual,4.0,3.0,3.0,3.0
829,dual,5.0,5.0,4.0,5.0
1279,dual,5.0,4.0,5.0,4.0
115,dual,4.0,5.0,5.0,4.0
1299,dual,5.0,6.0,5.0,5.0
672,dual,4.0,5.0,5.0,5.0
1429,dual,7.0,6.0,6.0,6.0
646,dual,7.0,5.0,6.0,7.0
958,dual,2.0,3.0,2.0,2.0
2048,dual,2.0,3.0,3.0,2.0
21,dual,6.0,3.0,4.0,5.0
523,dual,4.0,3.0,3.0,2.0
594,dual,6.0,5.0,6.0,5.0
1036,dual,6.0,5.0,5.0,6.0
1994,dual,5.0,2.0,3.0,3.0
1425,dual,4.0,5.0,6.0,4.0
1235,dual,3.0,5.0,6.0,5.0
1909,dual,5.0,3.0,4.0,4.0
1598,dual,5.0,4.0,6.0,5.0
2302,dual,6.0,5.0,6.0,6.0
259,dual,4.0,5.0,3.0,4.0
2034,dual,4.0,3.0,4.0,5.0
2195,dual,4.0,4.0,4.0,4.0
2207,dual,4.0,5.0,5.0,5.0
686,dual,4.0,5.0,5.0,4.0
359,dual,5.0,5.0,5.0,5.0
500,dual,5.0,5.0,6.0,5.0
1755,dual,5.0,4.0,5.0,5.0
184,dual,4.0,3.0,3.0,5.0
1618,dual,4.0,4.0,4.0,4.0
1398,dual,5.0,3.0,4.0,3.0
256,dual,7.0,6.0,6.0,6.0
1291,dual,4.0,1.0,1.0,1.0
1868,dual,5.0,6.0,6.0,6.0
405,dual,5.0,2.0,2.0,2.0
434,dual,4.0,4.0,3.0,4.0
1943,dual,4.0,1.0,1.0,1.0
1485,dual,4.0,5.0,6.0,5.0
1231,dual,5.0,7.0,6.0,5.0
595,dual,4.0,4.0,4.0,4.0
939,dual,5.0,5.0,6.0,5.0
71,dual,3.0,4.0,3.0,5.0
45,dual,4.0,4.0,4.0,3.0
2263,dual,4.0,4.0,5.0,4.0
828,dual,4.0,3.0,5.0,3.0
467,dual,3.0,5.0,4.0,4.0
2131,dual,7.0,6.0,6.0,6.0
17,dual,4.0,5.0,5.0,4.0
1723,dual,5.0,4.0,5.0,5.0
2138,dual,4.0,4.0,4.0,4.0
2059,dual,6.0,5.0,6.0,6.0
986,dual,5.0,5.0,5.0,5.0
433,dual,6.0,5.0,5.0,6.0
2309,dual,7.0,6.0,6.0,7.0
827,dual,6.0,6.0,7.0,7.0
99,dual,4.0,5.0,6.0,5.0
532,dual,5.0,4.0,4.0,3.0
900,dual,4.0,5.0,5.0,5.0
1549,dual,6.0,6.0,6.0,6.0
981,dual,6.0,5.0,5.0,6.0
305,dual,5.0,5.0,4.0,4.0
2355,dual,5.0,4.0,4.0,4.0
946,dual,5.0,3.0,4.0,4.0
1401,dual,6.0,6.0,6.0,5.0
1637,dual,6.0,5.0,5.0,5.0
661,dual,4.0,5.0,5.0,3.0
1512,dual,5.0,4.0,5.0,6.0
2351,dual,4.0,5.0,5.0,5.0
32,dual,5.0,3.0,3.0,2.0
1145,dual,5.0,6.0,6.0,5.0
2387,dual,6.0,5.0,6.0,6.0
1758,dual,6.0,3.0,5.0,4.0
631,dual,4.0,1.0,2.0,4.0
260,dual,4.0,5.0,4.0,3.0
2215,dual,5.0,3.0,4.0,5.0
166,dual,5.0,5.0,5.0,5.0
2267,dual,5.0,5.0,6.0,5.0
1586,dual,5.0,3.0,5.0,5.0
1706,dual,4.0,3.0,3.0,3.0
2120,dual,6.0,5.0,6.0,5.0
1803,dual,5.0,4.0,5.0,5.0
1326,dual,3.0,5.0,6.0,6.0
2289,dual,6.0,2.0,5.0,5.0
700,dual,4.0,5.0,5.0,4.0
1387,dual,5.0,5.0,6.0,4.0
2357,dual,6.0,5.0,5.0,6.0
109,dual,6.0,5.0,6.0,6.0
1889,dual,4.0,,2.0,4.0
1356,dual,4.0,5.0,5.0,4.0
309,dual,6.0,5.0,4.0,5.0
272,dual,5.0,6.0,6.0,6.0
1981,dual,4.0,7.0,6.0,5.0
1003,dual,3.0,6.0,5.0,5.0
1638,dual,6.0,3.0,4.0,5.0
1400,dual,6.0,6.0,5.0,6.0
1656,dual,4.0,5.0,5.0,4.0
587,dual,5.0,7.0,7.0,6.0
2393,dual,4.0,3.0,3.0,4.0
710,dual,5.0,4.0,5.0,6.0
649,dual,5.0,4.0,5.0,5.0
326,dual,5.0,4.0,5.0,5.0
1739,dual,4.0,4.0,5.0,5.0
251,dual,4.0,3.0,4.0,3.0
113,dual,4.0,2.0,2.0,4.0
2144,dual,5.0,5.0,5.0,5.0
2003,dual,4.0,4.0,4.0,3.0
1860,dual,3.0,4.0,6.0,5.0
1969,dual,5.0,6.0,6.0,6.0
1330,dual,4.0,1.0,1.0,3.0
1360,dual,5.0,3.0,4.0,3.0
534,dual,5.0,4.0,5.0,5.0
1757,dual,4.0,4.0,5.0,3.0
366,dual,5.0,5.0,4.0,5.0
945,dual,3.0,6.0,3.0,5.0
1639,dual,4.0,5.0,5.0,5.0
1644,dual,5.0,4.0,5.0,4.0
382,dual,3.0,5.0,5.0,5.0
2180,dual,6.0,6.0,6.0,6.0
2404,dual,4.0,5.0,5.0,5.0
1953,dual,4.0,7.0,7.0,7.0
1167,dual,6.0,1.0,2.0,5.0
201,dual,4.0,5.0,6.0,4.0
1630,dual,4.0,3.0,3.0,1.0
1334,dual,4.0,5.0,5.0,4.0
622,dual,5.0,5.0,5.0,5.0
936,dual,6.0,5.0,5.0,5.0
2101,dual,3.0,5.0,6.0,6.0
806,dual,4.0,6.0,4.0,4.0
2234,dual,3.0,3.0,5.0,5.0
1047,dual,5.0,6.0,5.0,4.0
1508,dual,6.0,6.0,5.0,5.0
493,dual,5.0,7.0,6.0,5.0
1985,dual,6.0,3.0,4.0,5.0
1690,dual,5.0,5.0,6.0,6.0
943,dual,5.0,3.0,2.0,3.0
734,dual,4.0,4.0,2.0,3.0
809,dual,3.0,4.0,4.0,4.0
1715,dual,4.0,3.0,2.0,2.0
1323,dual,6.0,5.0,6.0,5.0
821,dual,4.0,3.0,5.0,4.0
1282,dual,6.0,5.0,6.0,6.0
485,dual,7.0,7.0,7.0,7.0
1107,dual,2.0,2.0,3.0,2.0
853,dual,5.0,6.0,5.0,5.0
966,dual,6.0,4.0,5.0,5.0
1460,dual,5.0,5.0,5.0,5.0
1589,dual,4.0,6.0,5.0,4.0
1861,dual,7.0,6.0,7.0,7.0
2007,dual,3.0,4.0,4.0,3.0
2171,dual,5.0,3.0,4.0,4.0
2213,dual,4.0,4.0,4.0,5.0
556,dual,5.0,5.0,5.0,5.0
1161,dual,5.0,2.0,3.0,4.0
1654,dual,4.0,5.0,5.0,5.0
2377,dual,5.0,4.0,4.0,5.0
1226,dual,6.0,4.0,5.0,5.0
340,dual,7.0,6.0,7.0,6.0
55,dual,5.0,2.0,3.0,4.0
136,dual,4.0,5.0,5.0,5.0
1573,dual,3.0,5.0,5.0,5.0
182,dual,4.0,5.0,6.0,5.0
1372,dual,3.0,4.0,6.0,6.0
637,dual,5.0,3.0,4.0,5.0
187,dual,4.0,5.0,5.0,5.0
612,dual,6.0,5.0,6.0,6.0
2162,dual,4.0,2.0,2.0,4.0
2394,dual,5.0,4.0,5.0,4.0
1274,dual,5.0,5.0,6.0,6.0
1921,dual,4.0,6.0,5.0,3.0
1142,dual,4.0,4.0,4.0,4.0
699,dual,4.0,6.0,6.0,5.0
862,dual,6.0,6.0,6.0,6.0
1924,dual,5.0,5.0,5.0,6.0
1629,dual,5.0,6.0,6.0,5.0
339,dual,4.0,4.0,4.0,5.0
1486,dual,4.0,4.0,4.0,4.0
