participantId,priming_condition,wave,session_id,eval_start,pre_active_m2_ann,post_active_m2_ann
472,risk-averse,wave3,16,2026-06-09,-0.025460624570616,-0.0230094849138615
2335,risk-averse,wave3,16,2026-06-09,-0.0762716638985329,-0.0796879835689831
137,risk-seeking,wave3,16,2026-06-09,-0.0138527073764299,-0.0104183875065416
2000,risk-seeking,wave3,16,2026-06-09,-0.0604661026082685,-0.0535946504911763
346,risk-seeking,wave3,16,2026-06-09,0.0251619031709434,0.0110795768785541
1663,risk-seeking,wave3,16,2026-06-08,-0.020428422279255,-0.020428422279255
652,risk-averse,wave3,16,2026-06-08,-0.0792010329633877,-0.0848522711592039
1796,risk-averse,wave3,16,2026-06-08,-0.028534146490907,-0.028534146490907
1006,risk-averse,wave3,16,2026-06-08,-0.0680897984190205,-0.0574444402628461
650,risk-seeking,wave3,16,2026-06-08,-0.0378999920281264,-0.0416926712683019
1999,risk-averse,wave3,16,2026-06-08,-0.0164564372319069,-0.0531876776461191
2190,risk-seeking,wave3,16,2026-06-08,-0.1102039068135172,-0.0930887209427158
819,risk-seeking,wave3,16,2026-06-08,-0.017589216089957,-0.0139169146772935
1211,risk-averse,wave3,16,2026-06-08,-0.0212402569272191,-0.0212402569272191
824,risk-seeking,wave3,16,2026-06-08,-0.0084643015421034,-0.0228630670985095
1830,risk-averse,wave3,16,2026-06-08,-0.0101503476070487,-0.0493884939568921
873,risk-averse,wave3,16,2026-06-08,-0.0285500823222797,-0.0714521805064068
1,risk-averse,wave3,16,2026-06-08,-0.0230595327107365,-0.0230595327107365
1210,risk-seeking,wave3,16,2026-06-08,-0.0459179546250777,-0.0460039324942333
1543,risk-averse,wave3,16,2026-06-08,-0.0441913855454978,-0.0412276399060468
1984,risk-seeking,wave3,16,2026-06-08,-0.0607234141844409,-0.0607234141844409
1475,risk-averse,wave3,16,2026-06-08,-0.0625840870262436,-0.0625840870262436
2203,risk-averse,wave3,16,2026-06-08,-0.0321227760120073,-0.047151381242807
1797,risk-averse,wave3,16,2026-06-08,-0.0497176523805925,-0.0473429406885688
423,risk-averse,wave3,16,2026-06-08,0.0097472144557845,0.0097472144557845
1674,risk-averse,wave3,16,2026-06-08,-0.0603919631955369,-0.0666934444053419
229,risk-seeking,wave3,16,2026-06-08,-0.0717416392970375,-0.0717416392970375
88,risk-averse,wave3,16,2026-06-08,-0.0323268629140449,-0.0555709098142656
713,risk-averse,wave3,16,2026-06-08,-0.0919622429497926,-0.0919622429497926
1241,risk-seeking,wave3,16,2026-06-08,-0.0312430673339435,-0.0488463534013833
1379,risk-seeking,wave3,16,2026-06-08,-0.0632987663564865,-0.0904942887716874
1391,risk-seeking,wave3,16,2026-06-08,-0.109104793297023,-0.1104968416341111
2141,risk-averse,wave3,16,2026-06-08,-0.0537664526984442,-0.067090507939014
2320,risk-seeking,wave3,16,2026-06-08,-0.0282343232397714,-0.0409118660533214
619,risk-averse,wave3,16,2026-06-08,-0.0395797077551843,-0.0617207675784381
1218,risk-averse,wave3,16,2026-06-08,-0.0159021537369626,-0.0455013316139866
1233,risk-seeking,wave3,16,2026-06-08,-0.0529499968864636,-0.0599318564905284
341,risk-seeking,wave3,16,2026-06-08,-0.0271418207930046,-0.032392240531755
2294,risk-seeking,wave3,16,2026-06-08,-0.0264194357536845,-0.0515884524111656
796,risk-averse,wave3,16,2026-06-08,-0.0581495628433933,-0.0609807780810003
2172,risk-averse,wave3,16,2026-06-08,-0.0174383336685882,-0.0017980794740223
1369,risk-seeking,wave3,16,2026-06-08,-0.0833580136008979,-0.0891363698846151
84,risk-seeking,wave3,16,2026-06-08,-0.0521636636143831,-0.0633391429779141
1065,risk-averse,wave3,16,2026-06-08,-0.0607104424921605,-0.0663594479924949
1845,risk-averse,wave3,16,2026-06-08,-0.0409621088639326,-0.0707028441242292
2119,risk-seeking,wave3,16,2026-06-08,-0.0472959702738645,-0.0429452151473869
850,risk-averse,wave3,16,2026-06-08,-0.0410605195704489,-0.0378557211692889
59,risk-seeking,wave3,16,2026-06-08,-0.0451080460560542,-0.0477835139172165
980,risk-averse,wave3,16,2026-06-08,-0.0940244119429201,-0.0940244119429201
727,risk-seeking,wave3,16,2026-06-08,-0.0219446779262121,-0.0219446779262121
30,risk-seeking,wave3,16,2026-06-08,-0.0417281610319347,-0.0302406425228348
2025,risk-averse,wave3,16,2026-06-08,-0.0551893631663682,-0.053003105534803
1342,risk-averse,wave3,16,2026-06-08,-0.0301906486970441,-0.0345742700689857
83,risk-averse,wave3,16,2026-06-08,-0.02647529746658,-0.0158691999453348
1190,risk-averse,wave3,16,2026-06-08,-0.0212708994961976,-0.0216609436045834
1306,risk-averse,wave3,16,2026-06-08,-0.0557324338895873,-0.0557324338895873
1276,risk-seeking,wave3,16,2026-06-08,-0.0656778602619008,-0.0765940170762756
857,risk-averse,wave3,16,2026-06-08,-0.0582422489728981,-0.0515145140092963
2360,risk-averse,wave3,16,2026-06-08,-0.077440178043241,-0.0839422410514015
401,risk-seeking,wave3,16,2026-06-08,-0.0264667136791216,-0.0455379452812014
775,risk-seeking,wave3,16,2026-06-08,-0.05535262253519,-0.05535262253519
655,risk-seeking,wave3,16,2026-06-08,-0.0482819460019748,-0.0636347437561165
261,risk-averse,wave3,16,2026-06-08,-0.0287937969243717,-0.0310025385211708
1805,risk-averse,wave3,16,2026-06-08,-0.0807761757772632,-0.0939674208957218
1578,risk-averse,wave3,16,2026-06-08,-0.0445695635355896,-0.0445695635355896
1785,risk-averse,wave3,16,2026-06-08,-0.0558973060016497,-0.0558973060016497
751,risk-seeking,wave3,16,2026-06-08,-0.0981742478960251,-0.0574329357388485
1514,risk-seeking,wave3,16,2026-06-08,-0.0731334912828436,-0.0731334912828436
410,risk-averse,wave3,16,2026-06-08,-0.0771546004239387,-0.0891214558523703
1947,risk-seeking,wave3,16,2026-06-08,-0.0028890932061126,0.0018490952396438
1971,risk-seeking,wave3,16,2026-06-08,-0.0404052534226277,-0.0400116653335015
1640,risk-seeking,wave3,16,2026-06-08,-0.0142197631139074,-0.0142197631139074
1298,risk-averse,wave3,16,2026-06-08,-0.0793629693250211,-0.0794163116041484
675,risk-seeking,wave3,16,2026-06-08,-0.0252899294053697,-0.0252899294053697
2384,risk-seeking,wave3,16,2026-06-08,-0.0634900744638304,-0.0812811178942382
2273,risk-averse,wave3,16,2026-06-08,-0.0624089435448422,-0.0102028098862891
1289,risk-averse,wave3,16,2026-06-08,-0.0818231821630369,-0.0624758713001694
245,risk-averse,wave3,16,2026-06-08,-0.046212866783866,-0.0265227115151674
167,risk-averse,wave3,16,2026-06-08,-0.0826578544185198,-0.0826578544185198
475,risk-averse,wave3,16,2026-06-08,-0.0642307426714408,-0.0706377447170706
836,risk-seeking,wave3,16,2026-06-08,-0.0114987172114914,-0.0114987172114914
1355,risk-averse,wave3,16,2026-06-08,-0.0277755616113455,-0.0287388460127988
1633,risk-averse,wave3,16,2026-06-08,-0.0053953793730977,-0.0013536974940562
1561,risk-averse,wave3,16,2026-06-08,-0.0462935612563207,-0.0462935612563207
961,risk-averse,wave3,16,2026-06-08,-0.0505948766421734,-0.0145996412249416
1956,risk-seeking,wave3,16,2026-06-08,-0.0629824405413399,-0.0307432528913464
142,risk-seeking,wave3,16,2026-06-08,-0.0540547151850734,-0.0515449604548806
443,risk-seeking,wave3,16,2026-06-08,-0.0805338312493003,-0.0805338312493003
823,risk-averse,wave3,16,2026-06-08,-0.0521782935123211,-0.0582295960506219
1409,risk-seeking,wave3,16,2026-06-08,-0.0175490213418532,0.0007287759345586
1896,risk-averse,wave3,16,2026-06-08,-0.0161666231087693,-0.0194540477651968
1884,risk-averse,wave3,16,2026-06-08,-0.0851416457231183,-0.0851416457231183
1529,risk-averse,wave3,16,2026-06-08,-0.0483543417905914,-0.0483543417905914
1213,risk-averse,wave3,16,2026-06-08,-0.0027185729985477,-0.0027185729985477
381,risk-seeking,wave3,16,2026-06-08,-0.0513694579969166,-0.0376615637925392
285,risk-seeking,wave2,13,2026-05-24,-0.0492700005282329,-0.0492700005282329
2056,risk-seeking,wave2,13,2026-05-24,-0.0314145496707254,-0.0314145496707254
647,risk-averse,wave2,13,2026-05-24,-0.0054724503709865,-0.0054724503709865
217,risk-seeking,wave2,13,2026-05-23,-0.0109968207577983,-0.0109968207577983
1545,risk-averse,wave2,13,2026-05-23,0.0089039703785073,-0.0225046948150564
1314,risk-seeking,wave2,13,2026-05-23,-0.036658861045801,-0.0648647030601008
2037,risk-averse,wave2,13,2026-05-23,-0.0198300295766169,-0.0198300295766169
726,risk-averse,wave2,13,2026-05-23,0.000295496684179,-0.0049639231320954
2142,risk-seeking,wave2,13,2026-05-23,-0.0712411839548667,-0.0716988727080532
745,risk-seeking,wave2,13,2026-05-23,6.262179680230211e-06,0.0048534013639597
2011,risk-averse,wave2,13,2026-05-23,-0.0327872962484993,-0.0263127365744844
1792,risk-averse,wave2,13,2026-05-23,-0.0884766958058955,-0.0908706706469517
2397,risk-seeking,wave2,13,2026-05-23,-0.0736473077104596,-0.0736473077104596
928,risk-averse,wave2,13,2026-05-23,-0.0360943454089427,-0.0332083768993269
1287,risk-seeking,wave2,13,2026-05-23,-0.078963736849328,-0.0850010452513545
183,risk-seeking,wave2,13,2026-05-23,-0.0128004152098222,-0.0298903684529301
641,risk-seeking,wave2,13,2026-05-23,-0.0262584648305333,-0.017222666902559
2010,risk-seeking,wave2,13,2026-05-23,-0.0177790889124149,-0.0135668484932916
674,risk-averse,wave2,13,2026-05-23,0.0037876345588084,0.0030294156996566
2117,risk-averse,wave2,13,2026-05-23,-0.0158857717224559,-0.0233295800288867
2284,risk-seeking,wave2,13,2026-05-23,-0.0196633140276673,-0.0134332125617803
2143,risk-averse,wave2,13,2026-05-23,-0.0330666004987686,-0.0330666004987686
1566,risk-averse,wave2,13,2026-05-23,0.0022165977452157,0.0099535312206484
2137,risk-seeking,wave2,13,2026-05-23,-0.0077497350572607,-0.0120763379902478
371,risk-averse,wave2,13,2026-05-23,-0.0083357817315025,-0.0071670593409126
956,risk-seeking,wave2,13,2026-05-23,0.0103462859086155,0.0108125136773157
1492,risk-averse,wave2,13,2026-05-23,-0.0343042821519636,-0.0343042821519636
982,risk-seeking,wave2,13,2026-05-23,-0.0851824172432025,-0.0613479137892779
48,risk-seeking,wave2,13,2026-05-23,-0.0548934593971653,-0.0523889192417588
1420,risk-averse,wave2,13,2026-05-23,0.0214396339711301,0.0415020879445732
1813,risk-averse,wave2,13,2026-05-23,-0.0120726245952289,-0.0120726245952289
1546,risk-seeking,wave2,13,2026-05-23,-0.0054307608864247,-0.0071971153462257
114,risk-averse,wave2,13,2026-05-23,0.0124073502129373,0.0141591008237041
330,risk-seeking,wave2,13,2026-05-23,-0.0319525678531834,-0.017678923192106
1671,risk-seeking,wave2,13,2026-05-23,-0.0023661123947476,0.0122564143477116
241,risk-seeking,wave2,13,2026-05-23,-0.0347676101398283,-0.0200313386580891
1296,risk-averse,wave2,13,2026-05-23,0.002483218723036,0.0456385885398448
916,risk-averse,wave2,13,2026-05-23,-0.0287778647097048,-0.0430452491201569
1520,risk-averse,wave2,13,2026-05-23,-0.0204100979318266,-0.0273756612070747
1097,risk-seeking,wave2,13,2026-05-23,-0.0539218366653424,-0.0539218366653424
869,risk-averse,wave2,13,2026-05-23,-0.0013844751292311,-0.0013844751292311
1762,risk-averse,wave2,13,2026-05-23,-0.0388194440649343,-0.0224227792800971
1243,risk-averse,wave2,13,2026-05-23,-0.0697137604009373,-0.0697137604009373
2219,risk-seeking,wave2,13,2026-05-23,0.0197427955556386,0.02138907573478
1772,risk-seeking,wave2,13,2026-05-23,-0.0528198722121805,-0.0528198722121805
2346,risk-seeking,wave2,13,2026-05-23,-0.0125052574836681,0.0026689034787017
1375,risk-seeking,wave2,13,2026-05-23,-0.0135477951022532,-0.0135477951022532
574,risk-averse,wave2,13,2026-05-23,-0.0350140518098303,-0.0268086026068075
1262,risk-seeking,wave2,13,2026-05-23,-0.0660421972395084,-0.0372520599100304
1655,risk-seeking,wave2,13,2026-05-23,-0.0209622364339632,-0.0183058750086593
1941,risk-seeking,wave2,13,2026-05-23,-0.0551252758738923,-0.0643179062265632
754,risk-seeking,wave2,13,2026-05-23,-0.0027169449706073,-0.0027169449706073
1410,risk-seeking,wave2,13,2026-05-23,-0.0062448235899123,0.0311629019811318
1954,risk-seeking,wave2,13,2026-05-23,-0.0111994396116182,-0.0103225454890533
2366,risk-seeking,wave2,13,2026-05-23,-0.0235062011812877,-0.0235062011812877
616,risk-seeking,wave2,13,2026-05-23,-0.0088254988104497,-0.0031661333459723
152,risk-seeking,wave2,13,2026-05-23,-0.054267905849033,-0.0550558205134274
1816,risk-seeking,wave2,13,2026-05-23,0.002756580870652,-0.0105879528250074
1507,risk-averse,wave2,13,2026-05-23,-0.0159154193956846,-0.0206564299435998
1406,risk-averse,wave2,13,2026-05-23,0.0074348925228872,0.0074348925228872
537,risk-averse,wave2,13,2026-05-23,-0.0449162708572871,-0.0493628344457954
831,risk-seeking,wave2,13,2026-05-23,-0.0365108704752953,-0.0365108704752953
546,risk-averse,wave2,13,2026-05-23,-0.0679314466281053,-0.0679314466281053
1442,risk-seeking,wave2,13,2026-05-23,-0.0346111050581343,-0.0346111050581343
1636,risk-averse,wave2,13,2026-05-23,-0.0236904481027047,-0.0607195923208413
2194,risk-averse,wave2,13,2026-05-23,-0.0004114759545072,-0.0004114759545072
1635,risk-averse,wave2,13,2026-05-23,-0.0007773329344887,-0.0008772165951674
344,risk-averse,wave2,13,2026-05-23,-0.0259827015081557,-0.0259827015081557
975,risk-seeking,wave2,13,2026-05-23,-0.0650482982531284,-0.063938096207708
1793,risk-seeking,wave2,13,2026-05-23,-0.0033392990107022,0.0010158275450409
417,risk-averse,wave2,13,2026-05-23,-0.0140961039852116,-0.0119162064420916
750,risk-averse,wave2,13,2026-05-23,-0.012479153847618,-0.0096722055638662
1997,risk-averse,wave2,13,2026-05-23,-0.0475686372063554,-0.0367063726989629
708,risk-seeking,wave2,13,2026-05-23,-0.0335180680753602,-0.0335180680753602
368,risk-averse,wave2,13,2026-05-23,-0.0137778157684424,-0.0137778157684424
1216,risk-averse,wave2,13,2026-05-23,-0.0264674973375593,-0.0200386513193877
1427,risk-averse,wave2,13,2026-05-23,0.0040712551599915,0.0040712551599915
1703,risk-averse,wave2,13,2026-05-23,0.0001438833434004,-0.0383288440716765
277,risk-averse,wave2,13,2026-05-23,-0.0521258926718665,-0.0521258926718665
2390,risk-seeking,wave2,13,2026-05-23,-0.0131356416137678,-0.0369089195138228
2341,risk-seeking,wave2,13,2026-05-23,-0.0642224185342441,-0.0620753832672322
31,risk-averse,wave2,13,2026-05-23,-0.0394771305655966,-0.0394771305655966
1281,risk-averse,wave2,13,2026-05-23,-0.0059226026716226,-0.0256279111723433
2259,risk-seeking,wave2,13,2026-05-23,0.0174805762408159,-0.0191632374859215
2176,risk-seeking,wave2,13,2026-05-23,-0.0887220848671782,-0.0879350090605092
1541,risk-averse,wave2,13,2026-05-23,-0.0681072668746731,-0.0566333323439108
598,risk-seeking,wave2,13,2026-05-23,-0.0740416015807848,-0.0267976787971347
1466,risk-averse,wave2,13,2026-05-23,-0.030951949291007,-0.0446258468047319
298,risk-seeking,wave2,13,2026-05-23,-0.0318392733644789,-0.0193633281970974
2359,risk-averse,wave2,13,2026-05-23,-0.0316996959663491,-0.0285113731568936
1795,risk-seeking,wave2,13,2026-05-23,-0.0725166508693547,-0.0713115288376894
617,risk-seeking,wave2,13,2026-05-23,-0.0133437714304615,-0.0133437714304615
1284,risk-seeking,wave2,13,2026-05-23,-0.0381138216330386,-0.0381138216330386
425,risk-averse,wave2,13,2026-05-23,-0.072131861121925,-0.0618144254600361
950,risk-seeking,wave2,13,2026-05-23,0.0091068768862971,0.0118182106825363
1702,risk-averse,wave2,13,2026-05-23,-0.00368980378648,-0.00368980378648
683,risk-averse,wave2,13,2026-05-23,-0.0233222546254545,-0.0255851046682717
795,risk-averse,wave2,13,2026-05-23,-0.0615332378639666,-0.0473827312657985
1685,risk-averse,wave2,13,2026-05-23,-0.0173093909188806,-0.0173093909188806
193,risk-averse,wave2,13,2026-05-23,-0.0627685199589025,-0.0584680095294837
1880,risk-averse,wave1,9,2026-05-12,-0.0369210977549126,-0.0369210977549126
1110,risk-averse,wave1,9,2026-05-12,-0.0400765080447724,-0.0454607653178786
363,risk-seeking,wave1,9,2026-05-12,-0.0320829905544026,-0.0219550680248411
2110,risk-averse,wave1,9,2026-05-12,-0.0485789065986193,-0.0485789065986193
389,risk-averse,wave1,9,2026-05-12,-0.0137091494252119,-0.0222025889751095
1653,risk-seeking,wave1,9,2026-05-12,-0.0485130130825442,-0.0279549855165181
1611,risk-averse,wave1,9,2026-05-12,-0.0322756899791137,-0.0386490524771724
1728,risk-seeking,wave1,9,2026-05-12,-0.0069482208570361,-0.0267621310097419
1687,risk-averse,wave1,9,2026-05-12,-0.0385947889696863,-0.0385947889696863
1925,risk-seeking,wave1,9,2026-05-12,-0.0186968742000445,-0.0186968742000445
1899,risk-averse,wave1,9,2026-05-12,-0.0563077213182234,-0.0563077213182234
525,risk-averse,wave1,9,2026-05-12,-0.0089927804667332,-0.0228967480429585
1015,risk-seeking,wave1,9,2026-05-09,-0.0117964413585839,-0.0148416913255394
1134,risk-seeking,wave1,9,2026-05-09,-0.0258237043551603,-0.0258237043551603
1811,risk-seeking,wave1,9,2026-05-09,-0.0252105816840716,-0.0252105816840716
1992,risk-averse,wave1,9,2026-05-09,-0.0106495026820197,-0.0106495026820197
677,risk-seeking,wave1,9,2026-05-09,-0.0461822075045802,-0.0461822075045802
1057,risk-averse,wave1,9,2026-05-09,-0.0187581020888624,-0.0187581020888624
420,risk-seeking,wave1,9,2026-05-09,-0.0401504255109908,-0.0303916197991333
1140,risk-averse,wave1,9,2026-05-09,-0.0188509152294358,-0.0188509152294358
1684,risk-averse,wave1,9,2026-05-09,-0.0163387336912395,-0.0163387336912395
459,risk-seeking,wave1,9,2026-05-09,-0.0193940408935035,-0.0118513868291056
2396,risk-averse,wave1,9,2026-05-09,-0.0077913301265984,-0.0123889996833705
14,risk-seeking,wave1,9,2026-05-09,-0.010752109143337,-0.0172862462090063
1286,risk-seeking,wave1,9,2026-05-09,-0.0243819681145473,-0.0269778376974796
2327,risk-seeking,wave1,9,2026-05-09,-0.0037308739858115,-0.0145335165086042
1205,risk-averse,wave1,9,2026-05-09,-0.0006294967172777,-0.0006294967172777
378,risk-seeking,wave1,9,2026-05-09,-0.015955480769493,-0.015955480769493
1643,risk-averse,wave1,9,2026-05-09,-0.0183074908519496,-0.0209693087956896
755,risk-averse,wave1,9,2026-05-09,-0.0034071322307108,-0.0314599267162003
1866,risk-seeking,wave1,9,2026-05-09,-0.0163040613080414,-0.0137433950923599
2031,risk-averse,wave1,9,2026-05-09,-0.0316721399265859,-0.0316721399265859
2039,risk-seeking,wave1,9,2026-05-09,-0.0178539936005984,-0.0102679227092488
2161,risk-seeking,wave1,9,2026-05-09,-0.0335837870732337,-0.0252194050664483
1881,risk-seeking,wave1,9,2026-05-09,-0.0325157749254607,-0.0172548617565569
463,risk-averse,wave1,9,2026-05-09,-0.0430471119711243,-0.0430471119711243
1035,risk-seeking,wave1,9,2026-05-09,0.0036590572978334,0.0008846883001394
1802,risk-seeking,wave1,9,2026-05-09,-0.0224243188068951,-0.0224243188068951
347,risk-seeking,wave1,9,2026-05-09,0.016584623836064,0.016584623836064
712,risk-seeking,wave1,9,2026-05-09,-0.0138902017213639,-0.0138902017213639
44,risk-averse,wave1,9,2026-05-09,-0.0216057719635658,-0.0277959827201891
1980,risk-seeking,wave1,9,2026-05-09,-0.0349252403464478,-0.0362287195831048
1313,risk-averse,wave1,9,2026-05-09,-0.0349857737782662,-0.0330380418574062
1066,risk-averse,wave1,9,2026-05-09,-0.0370509542781507,-0.0196089594276957
26,risk-seeking,wave1,9,2026-05-09,-0.023736021574117,-0.0290960575913474
1944,risk-seeking,wave1,9,2026-05-09,0.0088690046894366,-0.0106560016451972
937,risk-averse,wave1,9,2026-05-09,-0.0062899570814908,-0.0102793421733454
718,risk-seeking,wave1,9,2026-05-09,-0.0266515304095073,-0.039077576417565
440,risk-seeking,wave1,9,2026-05-09,-0.0425779484985528,-0.0425779484985528
1823,risk-seeking,wave1,9,2026-05-09,-0.0271630396135186,-0.0404890820471612
1343,risk-seeking,wave1,9,2026-05-09,-0.016621027494233,-0.0199642303244425
562,risk-seeking,wave1,9,2026-05-09,-0.0400880817206594,-0.0400880817206594
1764,risk-seeking,wave1,9,2026-05-09,-0.0140806842403346,-0.0048189277343109
1290,risk-seeking,wave1,9,2026-05-09,-0.0107662918893029,-0.0107662918893029
1201,risk-seeking,wave1,9,2026-05-09,-0.0209710355160973,-0.043125531434776
1130,risk-seeking,wave1,9,2026-05-09,-0.003470647631959,-0.0202791952408339
1693,risk-averse,wave1,9,2026-05-08,-0.0108854451029423,-0.0248240442453313
1230,risk-averse,wave1,9,2026-05-08,-0.0327218063080586,-0.0324050959124034
442,risk-seeking,wave1,9,2026-05-08,-0.0333116457819163,-0.0451111631688831
747,risk-averse,wave1,9,2026-05-08,-0.0043012527931643,-0.0043012527931643
2061,risk-seeking,wave1,9,2026-05-08,-0.0112380598804734,-0.0298943680146512
558,risk-seeking,wave1,9,2026-05-08,-0.0024495281386281,-0.0024495281386281
134,risk-seeking,wave1,9,2026-05-09,-0.0202553685372916,-0.0202553685372916
33,risk-averse,wave1,9,2026-05-08,0.0023230904410929,-0.0067580890647153
1250,risk-seeking,wave1,9,2026-05-08,-0.0077970675456534,-0.0077970675456534
456,risk-averse,wave1,9,2026-05-08,-0.005674062442676,-0.0180107472694712
202,risk-seeking,wave1,9,2026-05-08,-0.0206904445830983,-0.020408718200804
2192,risk-averse,wave1,9,2026-05-08,0.0083806382196976,0.0083806382196976
520,risk-averse,wave1,9,2026-05-08,0.0048814187293281,0.0048814187293281
1862,risk-seeking,wave1,4,2026-05-08,-0.0470702039872139,-0.0470702039872139
1258,risk-seeking,wave1,4,2026-05-08,-0.0474127173849862,-0.0490431435708071
893,risk-averse,wave1,4,2026-05-08,-0.0187141753318983,-0.0254839658950503
1592,risk-seeking,wave1,4,2026-05-08,-0.0114534939254702,-0.0114534939254702
1642,risk-averse,wave1,4,2026-05-08,-0.0224016924057117,-0.0224016924057117
1744,risk-averse,wave1,4,2026-05-08,-0.0104417586906803,-0.0287350715441019
92,risk-averse,wave1,4,2026-05-08,-0.0500754874315575,-0.0500754874315575
1270,risk-averse,wave1,4,2026-05-08,-0.0142843172417167,-0.0142843172417167
1153,risk-averse,wave1,4,2026-05-08,-0.0366840721212154,-0.0358984847912084
790,risk-seeking,wave1,4,2026-05-08,-0.0606294398381071,-0.0250390792893872
1712,risk-seeking,wave1,4,2026-05-08,-0.0275337131800444,-0.0378836889652874
288,risk-averse,wave1,4,2026-05-08,-0.0531995057053455,-0.0272732014954929
2151,risk-seeking,wave1,4,2026-05-08,-0.0113090915106542,-0.0113090915106542
784,risk-seeking,wave1,4,2026-05-08,-0.0068818224931528,-0.000458561813426
1073,risk-seeking,wave1,4,2026-05-08,-0.0419931141986419,-0.038341110371926
1366,risk-averse,wave1,4,2026-05-08,-0.0067206280186702,-0.0313271482806848
1431,risk-seeking,wave1,4,2026-05-08,-0.0025993190317032,-0.0025993190317032
2077,risk-seeking,wave1,4,2026-05-08,-0.0265099111658894,-0.0265099111658894
1423,risk-averse,wave1,4,2026-05-08,-0.0216818962055773,-0.0216818962055773
1858,risk-averse,wave1,4,2026-05-08,-0.0225782111091059,-0.0263625558909927
2162,risk-averse,wave1,4,2026-05-08,-0.0234275673887182,-0.0198157927241683
1921,risk-seeking,wave1,4,2026-05-08,-0.0076325895379067,-0.0076325895379067
1120,risk-seeking,wave1,4,2026-05-08,-0.0319125024527057,-0.0344401991096579
2227,risk-averse,wave1,4,2026-05-08,-0.0397009855695751,-0.0397009855695751
983,risk-seeking,wave1,4,2026-05-08,-0.0384931872358249,-0.0384931872358249
1185,risk-seeking,wave1,4,2026-05-08,-0.0759136484039058,-0.0759136484039058
203,risk-averse,wave1,4,2026-05-08,-0.0335690218469537,-0.0136371785895317
1968,risk-seeking,wave1,4,2026-05-08,-0.0368813869115077,-0.0540784056746078
2382,risk-seeking,wave1,3,2026-05-08,-0.0452053254478034,-0.0452053254478034
1390,risk-averse,wave1,3,2026-05-08,-0.0173254682243897,-0.0173254682243897
2113,risk-seeking,wave1,3,2026-05-08,-0.0084184163799096,-0.0170576161075179
1113,risk-seeking,wave1,3,2026-05-08,-0.0122106707226208,-0.0127445451986159
339,risk-seeking,wave1,3,2026-05-08,-0.0343167448961907,-0.026064818850691
1924,risk-seeking,wave1,3,2026-05-08,-0.0450658201068145,-0.0450658201068145
2062,risk-averse,wave1,3,2026-05-08,-0.008030784969885,-0.008030784969885
412,risk-seeking,wave1,3,2026-05-08,-0.0538543194996361,-0.0143182432947852
1260,risk-averse,wave1,3,2026-05-08,0.0016572922029925,-0.0078302724859957
1259,risk-averse,wave1,3,2026-05-08,-0.0169500803737895,-0.0169500803737895
