participantId,experiment,n_reply_turns
1898,single,1
132,single,0
1848,single,2
522,single,2
2285,single,1
1910,single,0
1631,single,2
716,single,1
1040,single,1
1893,single,1
2128,single,1
1199,single,1
2014,single,1
602,single,1
1677,single,0
987,single,0
2225,single,2
1117,single,4
1809,single,1
877,single,0
106,single,2
1537,single,2
1316,single,0
719,single,0
2228,single,0
549,single,4
2102,single,0
1557,single,0
596,single,2
866,single,0
367,single,0
870,single,0
2132,single,0
2122,single,1
212,single,1
1773,single,1
1148,single,0
1869,single,1
548,single,0
1831,single,1
1363,single,1
1530,single,0
172,single,1
1473,single,1
1244,single,0
1936,single,0
441,single,1
533,single,2
2019,single,0
438,single,4
1312,single,0
1892,single,1
2392,single,2
1335,single,1
471,single,0
581,single,1
205,single,0
1756,single,2
432,single,0
1074,single,0
1070,single,2
1421,single,1
1588,single,0
1503,single,1
2121,single,0
1735,single,0
2376,single,1
2049,single,1
607,single,1
249,single,3
372,single,1
2107,single,0
2125,single,1
1897,single,1
560,single,0
289,single,0
1261,single,1
25,single,0
1787,single,1
1012,single,3
2235,single,1
1979,single,1
1540,single,0
1679,single,1
965,single,0
1407,single,0
663,single,1
2217,single,2
2239,single,0
1995,single,0
1583,single,0
1707,single,0
466,single,1
2066,single,1
506,single,1
1704,single,0
1478,single,0
924,single,0
2369,single,0
469,single,1
35,single,4
2134,single,0
985,single,0
385,single,1
817,single,4
1946,single,1
1989,single,1
2196,single,1
659,single,0
1888,single,2
1414,single,0
127,single,0
1717,single,0
2276,single,0
514,single,1
69,single,0
2115,single,1
2065,single,1
1883,single,0
293,single,0
2248,single,0
1851,single,0
1800,single,3
312,single,1
2236,single,2
103,single,3
1271,single,0
1672,single,2
2112,single,0
1154,single,1
1652,single,1
2332,single,1
2173,single,4
888,single,1
1408,single,0
1601,single,1
1453,single,0
2317,single,0
299,single,3
1835,single,2
165,single,2
502,single,2
176,single,0
62,single,0
1568,single,0
643,single,1
2017,single,0
2041,single,0
818,single,1
2277,single,1
1141,single,2
2367,single,1
996,single,1
1937,single,1
2096,single,3
1621,single,0
789,single,1
1116,single,1
104,single,0
1171,single,2
301,single,1
812,single,0
407,single,1
1612,single,1
2328,single,0
2205,single,0
1699,single,0
1726,single,1
121,single,2
1748,single,1
1404,single,1
1405,single,3
2358,single,2
1064,single,2
1184,single,1
841,single,1
1903,single,0
855,single,4
1872,single,0
2108,single,0
1099,single,1
1525,single,1
445,single,0
1535,single,1
2016,single,2
1906,single,0
1071,single,1
1327,single,1
554,single,1
75,single,2
690,single,1
1539,single,0
2091,single,1
2139,single,2
1804,single,0
1332,single,2
2123,single,1
1362,single,1
898,single,1
644,single,0
1133,single,0
800,single,1
1522,single,1
738,single,0
174,single,1
483,single,1
1920,single,4
1991,single,0
1103,single,0
805,single,0
2318,single,2
2118,single,2
2187,single,1
2307,single,0
2331,single,0
396,single,0
1911,single,0
1864,single,1
2261,single,0
1718,single,1
1871,single,0
600,single,3
1318,single,1
606,single,1
411,single,0
1083,single,0
1088,single,1
860,single,2
995,single,0
1491,single,1
474,single,1
1104,single,1
2300,single,4
415,single,0
1452,single,0
2072,single,0
2170,single,0
742,single,2
2264,single,1
703,single,0
188,single,0
759,single,0
764,single,4
1967,single,0
70,single,1
18,single,1
1089,single,0
2401,single,4
1434,single,1
1608,single,1
2214,single,0
1283,single,1
1002,single,2
1614,single,4
592,single,2
890,single,0
896,single,0
2135,single,0
1383,single,1
1257,single,1
2342,single,1
921,single,0
2403,single,0
1774,single,1
2338,single,0
1346,single,0
246,single,0
1949,single,0
2109,single,3
89,single,1
1616,single,1
1307,single,0
1619,single,1
2333,single,2
394,single,1
130,single,0
2378,single,4
1227,single,0
476,single,1
1204,single,1
436,single,1
575,single,0
1364,single,0
1236,single,3
2293,single,1
797,single,0
547,single,0
2185,single,0
1914,single,0
535,single,1
1017,single,1
1933,single,1
360,single,0
2222,single,1
867,single,2
321,single,2
640,single,0
479,single,0
2400,single,1
1932,single,3
1254,single,2
813,single,0
543,single,1
2316,single,3
2380,single,1
120,single,2
266,single,4
19,single,1
794,single,0
1358,single,1
1121,single,0
422,single,2
1918,single,0
67,single,2
1945,single,2
2407,single,2
93,single,1
883,single,2
624,single,4
974,single,0
665,single,3
994,single,1
454,single,1
1178,single,1
9,single,0
2001,single,2
1494,single,0
1009,single,0
1763,single,2
1251,single,1
185,single,3
1620,single,0
991,single,1
737,single,3
763,single,0
820,single,1
393,single,1
1091,single,0
2035,single,0
175,single,0
2166,single,0
1032,single,2
1691,single,2
2303,single,1
1837,single,4
648,single,0
871,single,1
2157,single,2
16,single,1
1109,single,0
352,single,0
60,single,2
791,single,0
2349,single,0
929,single,1
214,single,0
1124,single,2
2036,single,0
1349,single,2
1315,single,0
1156,single,1
2372,single,0
2272,single,0
36,single,2
1309,single,1
1090,single,1
1768,single,1
545,single,0
2073,single,1
1465,single,2
97,single,1
847,single,1
561,single,1
1686,single,0
1165,single,2
122,single,0
636,single,1
704,single,1
942,single,0
2030,single,0
189,single,3
2050,single,3
1873,single,1
2169,single,1
1172,single,1
1558,single,0
1417,single,1
350,single,1
1904,single,0
721,single,1
2255,single,0
2405,single,0
355,single,1
116,single,1
694,single,1
814,single,0
1929,single,0
618,single,0
2099,single,1
1523,single,1
1048,single,0
1931,single,1
689,single,0
633,single,0
2,single,1
1100,single,0
1825,single,2
78,single,1
917,single,0
437,single,1
1567,single,2
2104,single,1
38,single,0
1531,single,1
2279,single,0
576,single,0
1464,single,1
1386,single,4
1730,single,1
325,single,4
1045,single,0
426,single,1
1610,single,4
236,single,3
1484,single,0
1220,single,0
247,single,1
1439,single,3
1890,single,0
1565,single,1
397,single,0
730,single,0
1337,single,0
627,single,0
345,single,0
1901,single,0
1122,single,2
1964,single,2
1384,single,1
882,single,3
1977,single,1
126,single,1
1585,single,2
1348,single,0
2237,single,2
880,single,1
2224,single,4
1256,single,0
128,single,0
603,single,0
1049,single,1
20,single,1
1504,single,0
1930,single,2
1078,single,0
793,single,1
1336,single,0
724,single,0
1829,single,1
951,single,1
1622,single,3
642,single,0
803,single,1
1658,single,1
1177,single,1
1479,single,2
1714,single,2
972,single,1
1766,single,2
65,single,2
424,single,0
1354,single,4
1607,single,1
1118,single,1
1952,single,1
1746,single,0
1308,single,1
29,single,0
204,single,4
1791,single,2
1670,single,3
1108,single,1
802,single,1
1624,single,2
388,single,0
399,single,2
1817,single,1
735,single,0
213,single,0
477,single,1
902,single,1
973,single,2
1955,single,1
218,single,2
317,single,0
894,single,1
830,single,0
2282,single,2
1781,single,0
944,single,1
2103,single,1
7,single,0
1123,single,0
578,single,2
2223,single,2
1623,single,1
1456,single,0
1462,single,3
1351,single,1
1841,single,1
979,single,1
1111,single,0
1238,single,0
280,single,2
1732,single,1
1447,single,1
1096,single,1
2090,single,0
1767,single,1
1782,single,4
300,single,0
741,single,0
509,single,0
1594,single,0
135,single,1
279,single,2
273,single,1
2386,single,0
1461,single,3
495,single,4
356,single,0
673,single,0
2310,single,0
1789,single,1
335,single,2
357,single,3
1209,single,2
2258,single,0
854,single,0
1469,single,2
1467,single,2
248,single,2
107,single,1
1940,single,1
147,single,1
244,single,1
2126,single,0
403,single,1
1544,single,3
2252,single,1
392,single,1
1660,single,4
3,single,2
1005,single,1
395,single,1
1517,single,2
1919,single,1
570,single,3
220,single,1
2330,single,0
2395,single,2
913,single,4
1550,single,0
1506,single,1
773,single,1
743,single,0
2032,single,1
538,single,2
926,single,0
2253,single,2
895,single,2
1551,single,3
861,single,1
1170,single,0
779,single,4
1229,single,4
161,single,3
599,single,1
906,single,1
2094,single,2
1885,single,1
2362,single,4
732,single,1
1917,single,0
993,single,2
2053,single,0
197,single,2
210,single,1
1001,single,2
589,single,0
1913,single,1
398,single,1
43,single,3
1634,single,2
2271,single,1
2275,single,1
2389,single,0
1502,single,0
2130,single,3
940,single,1
295,single,2
1234,single,1
2124,single,1
1200,single,2
938,single,0
1584,single,2
1058,single,2
1273,single,0
1724,single,0
919,single,3
281,single,1
1470,single,1
1548,single,1
933,single,1
1581,single,0
505,single,1
2005,single,1
1458,single,2
364,single,1
1923,single,4
2069,single,1
1033,single,0
1438,single,0
90,single,2
2153,single,1
8,single,0
2097,single,2
645,single,1
613,single,1
2179,single,1
2175,single,4
215,single,0
2020,single,4
2183,single,2
953,single,2
315,single,1
1857,single,2
1132,single,1
1341,single,1
2274,single,2
1786,single,0
1505,single,1
1433,single,0
1030,single,1
1119,single,1
376,single,0
2325,single,1
1587,single,0
826,single,1
662,single,2
2078,single,0
1778,single,1
2208,single,0
162,single,2
846,single,1
531,single,0
223,single,1
585,single,4
80,single,2
1532,single,0
250,single,2
1050,single,2
490,single,0
1137,single,0
1135,single,3
439,single,0
1738,single,0
232,single,0
334,single,1
1689,single,0
457,single,3
1887,single,0
157,single,2
781,single,0
2402,single,1
331,single,1
131,single,0
1733,single,0
1870,single,4
2322,single,0
1160,single,0
117,single,1
1105,single,0
1223,single,1
2231,single,0
416,single,0
639,single,1
1441,single,1
1179,single,4
2348,single,1
275,single,0
1302,single,1
380,single,0
1942,single,0
976,single,1
1059,single,1
1849,single,4
709,single,0
2388,single,0
967,single,1
2188,single,0
692,single,1
129,single,0
1394,single,0
696,single,0
1559,single,1
58,single,0
1784,single,1
2075,single,1
452,single,0
1419,single,1
2241,single,3
513,single,0
1294,single,0
40,single,0
2256,single,2
140,single,1
2249,single,0
153,single,0
519,single,3
101,single,2
1450,single,0
343,single,0
668,single,3
2406,single,1
1021,single,1
1727,single,1
1846,single,1
498,single,1
461,single,1
1191,single,1
2408,single,1
1711,single,0
915,single,0
1987,single,4
2057,single,1
2337,single,0
2361,single,0
1645,single,0
2116,single,0
1569,single,1
2088,single,1
1440,single,1
782,single,1
1080,single,1
1721,single,2
311,single,1
1498,single,1
1779,single,0
1676,single,2
2262,single,0
949,single,0
327,single,3
1576,single,0
278,single,3
903,single,0
684,single,1
206,single,1
863,single,4
559,single,0
87,single,0
2060,single,1
2008,single,0
1986,single,1
947,single,1
324,single,1
2006,single,0
579,single,2
1397,single,1
736,single,3
1102,single,0
1526,single,0
1902,single,1
314,single,1
1000,single,1
13,single,0
1128,single,1
2314,single,0
2301,single,1
195,single,1
1572,single,1
964,single,1
307,single,0
269,single,3
1599,single,1
2291,single,0
191,single,0
815,single,1
1019,single,1
1678,single,2
2063,single,0
835,single,4
448,single,3
785,single,0
1876,single,0
1321,single,0
1173,single,1
1198,single,0
657,single,0
1591,single,1
720,single,0
804,single,0
151,single,0
2106,single,2
1905,single,3
1488,single,1
539,single,1
2288,single,2
1743,single,1
1571,single,0
265,single,0
2374,single,1
1632,single,0
1374,single,1
1641,single,1
1966,single,0
358,single,1
1480,single,0
1322,single,1
1392,single,1
555,single,1
1203,single,0
139,single,2
1843,single,1
833,single,0
557,single,2
2182,single,0
971,single,1
744,single,2
1613,single,3
1150,single,0
53,single,0
1972,single,0
282,single,0
1667,single,3
2383,single,1
811,single,0
1547,single,0
2133,single,0
342,single,1
717,single,1
1959,single,2
2064,single,2
1649,single,4
2244,single,1
1731,single,0
1776,single,0
264,single,1
170,single,0
238,single,2
180,single,0
2220,single,1
1886,single,1
628,single,2
1680,single,3
1320,single,0
2336,single,0
1239,single,3
2305,single,2
316,single,1
98,single,0
1176,single,1
23,single,0
1472,single,0
927,single,1
1060,single,1
453,single,1
583,single,2
1024,single,1
1174,single,2
984,single,2
179,single,0
1023,single,2
740,single,2
959,single,0
705,single,2
746,single,0
2022,single,0
671,single,0
2100,single,1
1232,single,1
988,single,0
141,single,0
2245,single,0
79,single,1
1457,single,2
1416,single,0
2068,single,1
353,single,3
651,single,0
1192,single,0
2347,single,0
435,single,0
1895,single,1
168,single,1
778,single,0
729,single,1
349,single,1
1463,single,0
1579,single,1
1093,single,2
386,single,2
1329,single,0
1891,single,1
155,single,0
889,single,0
1838,single,0
1983,single,0
807,single,0
1127,single,1
856,single,0
1087,single,1
1553,single,2
516,single,0
125,single,0
1510,single,1
1396,single,3
240,single,0
105,single,1
568,single,2
552,single,4
1344,single,2
629,single,1
725,single,1
1609,single,0
1993,single,2
1164,single,1
224,single,0
1175,single,0
1196,single,1
2312,single,1
524,single,1
626,single,0
573,single,0
605,single,0
1477,single,1
1146,single,0
1696,single,4
1853,single,0
1136,single,1
914,single,1
133,single,2
2281,single,0
2071,single,1
2140,single,3
728,single,1
2145,single,4
2052,single,1
243,single,1
27,single,4
715,single,1
907,single,2
1359,single,0
1808,single,0
1028,single,1
1403,single,0
391,single,4
1527,single,0
1215,single,0
591,single,2
2149,single,0
697,single,1
2344,single,0
49,single,1
2233,single,1
1376,single,0
881,single,1
1371,single,0
874,single,2
2040,single,1
2093,single,0
465,single,1
497,single,0
2023,single,1
1432,single,1
884,single,0
329,single,2
1662,single,4
421,single,1
1431,single,1
664,single,0
1311,single,0
1411,single,1
68,single,2
1125,single,0
1533,single,1
1101,single,1
46,single,2
989,single,2
2171,single,0
1722,single,1
962,single,3
145,single,1
2189,single,1
2254,single,0
1138,single,1
1338,single,1
1385,single,1
556,single,1
1664,single,0
1582,single,0
431,single,0
2047,single,0
1228,single,1
2204,single,0
1963,single,0
2226,single,0
2042,single,0
541,single,1
1592,single,1
1443,single,0
2213,single,3
941,single,0
1079,single,4
1801,single,2
1142,single,1
225,single,1
792,single,1
1924,single,0
699,single,0
1365,single,0
767,single,0
1752,single,0
1274,single,2
1629,single,1
1061,single,0
24,single,0
484,single,0
148,single,0
268,single,0
876,single,0
934,single,0
1267,single,0
1842,single,0
464,single,0
1217,single,0
63,single,0
2167,single,0
306,single,0
310,single,0
1347,single,0
138,single,0
879,dual,0
1063,dual,1
620,dual,1
1430,dual,2
1253,dual,1
1402,dual,2
1292,dual,0
590,dual,3
1590,dual,1
2375,dual,0
1878,dual,1
654,dual,0
1519,dual,1
2201,dual,0
842,dual,2
550,dual,0
1615,dual,1
1449,dual,0
402,dual,1
1497,dual,0
1961,dual,3
207,dual,0
64,dual,0
1413,dual,1
1095,dual,2
2080,dual,2
274,dual,2
1255,dual,2
1617,dual,0
2343,dual,0
91,dual,3
1245,dual,1
530,dual,1
1082,dual,0
488,dual,0
553,dual,1
302,dual,2
2067,dual,0
4,dual,1
2229,dual,1
1328,dual,1
2202,dual,0
1648,dual,1
1144,dual,1
1029,dual,0
2009,dual,2
1528,dual,0
447,dual,0
287,dual,2
373,dual,2
221,dual,1
222,dual,1
1436,dual,1
1143,dual,1
1207,dual,0
1277,dual,0
1444,dual,3
1084,dual,1
935,dual,1
253,dual,0
1214,dual,0
2232,dual,2
41,dual,1
2296,dual,0
507,dual,1
1076,dual,2
1446,dual,1
2033,dual,1
521,dual,1
2129,dual,1
608,dual,0
1908,dual,0
1112,dual,1
1828,dual,2
1516,dual,0
2266,dual,2
852,dual,0
1673,dual,0
630,dual,0
1810,dual,4
1926,dual,0
1043,dual,1
1325,dual,0
2095,dual,0
1783,dual,1
501,dual,3
2356,dual,0
669,dual,2
159,dual,0
776,dual,1
1606,dual,1
925,dual,4
1297,dual,0
1628,dual,1
178,dual,0
2086,dual,1
566,dual,0
2270,dual,2
1278,dual,0
1159,dual,1
766,dual,0
2160,dual,0
2092,dual,2
54,dual,0
123,dual,1
1850,dual,2
526,dual,0
765,dual,0
1935,dual,1
2211,dual,0
1688,dual,0
2178,dual,0
1511,dual,2
1900,dual,2
1815,dual,2
757,dual,2
1368,dual,1
1399,dual,1
150,dual,2
1836,dual,1
1666,dual,0
1922,dual,1
2283,dual,2
1052,dual,0
843,dual,1
1863,dual,2
1840,dual,1
1378,dual,1
100,dual,2
1740,dual,0
1975,dual,1
1694,dual,1
711,dual,0
144,dual,1
892,dual,2
634,dual,0
297,dual,1
460,dual,0
1067,dual,0
1388,dual,1
1412,dual,1
635,dual,0
897,dual,1
762,dual,1
2150,dual,1
262,dual,1
786,dual,0
1818,dual,1
95,dual,1
1034,dual,2
499,dual,1
569,dual,0
1380,dual,1
1495,dual,1
770,dual,0
290,dual,1
1451,dual,1
86,dual,1
430,dual,0
171,dual,1
365,dual,1
563,dual,0
656,dual,0
377,dual,0
1668,dual,0
1042,dual,1
1352,dual,1
1867,dual,0
1788,dual,1
1263,dual,0
878,dual,1
1092,dual,0
1428,dual,0
332,dual,0
1538,dual,3
2304,dual,0
798,dual,1
2174,dual,0
1370,dual,0
1056,dual,0
788,dual,0
2074,dual,0
1695,dual,1
723,dual,1
156,dual,0
1221,dual,1
186,dual,1
37,dual,1
1855,dual,1
1293,dual,2
1381,dual,2
838,dual,1
404,dual,1
1468,dual,1
609,dual,1
1593,dual,0
1737,dual,1
2085,dual,0
680,dual,1
769,dual,1
2015,dual,0
1031,dual,2
1182,dual,1
1741,dual,0
1716,dual,0
848,dual,1
1753,dual,0
887,dual,1
1295,dual,1
1777,dual,2
1799,dual,1
722,dual,1
1471,dual,0
1085,dual,0
1147,dual,1
1389,dual,1
990,dual,3
1305,dual,2
2004,dual,0
2311,dual,1
666,dual,0
2379,dual,0
623,dual,0
1280,dual,1
1077,dual,0
1055,dual,2
1181,dual,0
2084,dual,0
2230,dual,2
2038,dual,0
1249,dual,2
1790,dual,1
2268,dual,0
1736,dual,1
604,dual,0
567,dual,2
2191,dual,2
2280,dual,0
1126,dual,1
783,dual,4
910,dual,1
1489,dual,1
565,dual,1
1435,dual,0
1912,dual,0
1754,dual,1
610,dual,1
2070,dual,1
2368,dual,0
235,dual,0
1367,dual,0
2354,dual,0
571,dual,1
851,dual,0
1046,dual,1
808,dual,0
1448,dual,1
304,dual,2
2373,dual,0
446,dual,2
992,dual,1
486,dual,1
276,dual,0
1705,dual,0
681,dual,2
1832,dual,1
478,dual,3
756,dual,0
255,dual,0
400,dual,0
28,dual,1
1188,dual,0
2315,dual,2
1437,dual,1
492,dual,0
2391,dual,0
1574,dual,1
511,dual,1
362,dual,1
118,dual,0
1129,dual,1
2018,dual,0
409,dual,1
1206,dual,0
181,dual,0
512,dual,0
2055,dual,1
1069,dual,0
1193,dual,1
2156,dual,0
2299,dual,0
1041,dual,0
1847,dual,1
1950,dual,0
1169,dual,1
2319,dual,2
1022,dual,1
1681,dual,1
1499,dual,1
1247,dual,1
257,dual,1
370,dual,0
1490,dual,1
143,dual,1
1189,dual,0
1646,dual,0
496,dual,0
1562,dual,1
51,dual,1
77,dual,1
149,dual,1
194,dual,1
1197,dual,0
427,dual,0
875,dual,1
1496,dual,1
960,dual,0
470,dual,0
333,dual,0
2306,dual,0
146,dual,0
1162,dual,0
1331,dual,1
211,dual,1
601,dual,2
2199,dual,1
1725,dual,3
676,dual,0
859,dual,0
632,dual,0
56,dual,4
977,dual,1
2321,dual,0
1982,dual,0
1515,dual,1
1163,dual,0
2181,dual,1
2238,dual,1
503,dual,0
2184,dual,0
952,dual,0
1501,dual,0
1114,dual,1
428,dual,0
2398,dual,2
540,dual,1
1812,dual,1
294,dual,3
614,dual,0
1556,dual,1
844,dual,0
1665,dual,1
1459,dual,1
1698,dual,3
1650,dual,0
322,dual,0
2326,dual,0
1426,dual,0
2334,dual,1
169,dual,2
286,dual,1
252,dual,1
1482,dual,1
1195,dual,1
1139,dual,0
491,dual,1
1340,dual,0
450,dual,1
1542,dual,1
1168,dual,0
444,dual,2
899,dual,2
1268,dual,1
1018,dual,1
1822,dual,1
688,dual,0
2297,dual,2
968,dual,0
375,dual,1
1916,dual,1
1734,dual,0
383,dual,0
1219,dual,1
1208,dual,1
270,dual,0
679,dual,0
2177,dual,0
510,dual,1
597,dual,0
1225,dual,4
1054,dual,2
1513,dual,1
489,dual,1
258,dual,4
1927,dual,1
920,dual,2
1415,dual,1
922,dual,0
518,dual,1
1951,dual,0
2168,dual,0
2158,dual,0
1742,dual,1
774,dual,1
1962,dual,0
328,dual,1
390,dual,1
1647,dual,0
748,dual,1
2324,dual,1
234,dual,2
1751,dual,0
1700,dual,1
1894,dual,0
542,dual,1
2313,dual,0
1709,dual,0
1555,dual,0
1151,dual,0
473,dual,0
2345,dual,1
1625,dual,0
50,dual,0
997,dual,1
909,dual,1
731,dual,0
2159,dual,0
487,dual,0
834,dual,2
685,dual,2
196,dual,4
154,dual,1
733,dual,0
1301,dual,1
320,dual,0
1957,dual,0
2298,dual,0
1749,dual,4
451,dual,2
1915,dual,1
1353,dual,0
1554,dual,0
1820,dual,1
1575,dual,0
978,dual,1
584,dual,0
2364,dual,0
1597,dual,1
1536,dual,0
1806,dual,0
199,dual,1
908,dual,0
2247,dual,2
1669,dual,0
536,dual,1
2292,dual,1
76,dual,2
74,dual,0
886,dual,1
2127,dual,2
2353,dual,0
1361,dual,0
1814,dual,0
2216,dual,0
1521,dual,0
1422,dual,2
2082,dual,1
1509,dual,1
57,dual,2
1454,dual,1
15,dual,0
296,dual,1
1157,dual,0
1265,dual,0
66,dual,0
1877,dual,4
2024,dual,1
1038,dual,0
1324,dual,1
1596,dual,0
2210,dual,1
429,dual,2
1990,dual,0
1794,dual,0
832,dual,0
34,dual,0
1333,dual,0
777,dual,1
61,dual,2
1288,dual,3
1661,dual,1
658,dual,1
336,dual,1
72,dual,0
1377,dual,1
209,dual,2
905,dual,2
969,dual,1
1194,dual,1
2152,dual,0
387,dual,1
82,dual,0
192,dual,0
1875,dual,2
2163,dual,1
1418,dual,0
706,dual,1
291,dual,0
2221,dual,0
2013,dual,1
11,dual,0
1027,dual,3
577,dual,0
1657,dual,0
2269,dual,1
303,dual,1
2021,dual,1
1518,dual,1
667,dual,2
2111,dual,1
758,dual,3
1474,dual,0
753,dual,1
580,dual,0
2371,dual,4
858,dual,1
1879,dual,4
230,dual,1
1760,dual,1
691,dual,0
2250,dual,0
1595,dual,0
1395,dual,0
200,dual,0
1044,dual,0
1053,dual,0
1037,dual,1
872,dual,1
1859,dual,2
1246,dual,0
2029,dual,1
1798,dual,1
173,dual,1
2240,dual,0
414,dual,4
1765,dual,0
242,dual,0
1560,dual,0
1826,dual,1
1602,dual,0
1580,dual,1
263,dual,0
707,dual,1
1016,dual,1
2046,dual,1
237,dual,2
2079,dual,0
158,dual,0
714,dual,0
1339,dual,0
638,dual,1
413,dual,0
2165,dual,4
1988,dual,1
418,dual,1
1970,dual,1
2054,dual,1
1960,dual,1
6,dual,1
1393,dual,1
771,dual,2
81,dual,0
1976,dual,1
1692,dual,1
1934,dual,2
227,dual,0
678,dual,2
515,dual,0
449,dual,0
787,dual,0
911,dual,0
102,dual,0
1600,dual,1
1563,dual,1
462,dual,0
112,dual,1
1272,dual,2
2290,dual,1
2295,dual,2
702,dual,1
529,dual,1
1771,dual,0
1183,dual,1
2198,dual,0
1747,dual,0
2043,dual,1
2251,dual,3
1833,dual,0
1500,dual,2
231,dual,0
1051,dual,0
1266,dual,3
110,dual,1
1155,dual,3
923,dual,1
1062,dual,0
39,dual,0
1708,dual,0
164,dual,2
752,dual,1
885,dual,0
849,dual,2
2026,dual,4
1701,dual,0
1577,dual,0
810,dual,1
904,dual,0
1697,dual,1
653,dual,1
1026,dual,1
761,dual,0
772,dual,1
1317,dual,0
1010,dual,1
2340,dual,3
1713,dual,0
2286,dual,0
73,dual,0
621,dual,3
2212,dual,1
2209,dual,0
2045,dual,0
226,dual,2
1534,dual,2
163,dual,0
2193,dual,0
586,dual,0
267,dual,1
698,dual,0
406,dual,0
930,dual,1
1487,dual,0
1186,dual,0
1014,dual,0
1958,dual,1
1310,dual,4
2083,dual,0
2105,dual,0
1710,dual,0
1039,dual,2
384,dual,1
2381,dual,0
2350,dual,0
1973,dual,0
2206,dual,0
1445,dual,1
1285,dual,1
2002,dual,0
739,dual,0
701,dual,1
998,dual,2
2308,dual,0
319,dual,0
660,dual,1
239,dual,1
1719,dual,1
1682,dual,1
458,dual,0
1252,dual,2
96,dual,2
839,dual,2
1750,dual,0
948,dual,0
233,dual,1
1928,dual,4
845,dual,1
1807,dual,1
840,dual,1
1319,dual,1
1275,dual,1
816,dual,1
1158,dual,0
1938,dual,0
2164,dual,0
768,dual,0
1605,dual,1
1212,dual,0
271,dual,0
1149,dual,2
1242,dual,0
292,dual,1
957,dual,4
2012,dual,0
2197,dual,0
374,dual,0
2339,dual,1
1304,dual,1
47,dual,1
504,dual,0
1493,dual,2
1907,dual,0
198,dual,1
1357,dual,2
1303,dual,1
2154,dual,1
361,dual,1
891,dual,1
1345,dual,1
1455,dual,0
2370,dual,1
52,dual,0
22,dual,0
2278,dual,0
1874,dual,2
932,dual,0
868,dual,2
2044,dual,0
1008,dual,1
508,dual,2
1824,dual,0
837,dual,1
1115,dual,1
2098,dual,1
119,dual,0
2114,dual,1
2363,dual,1
1476,dual,1
954,dual,1
1965,dual,1
42,dual,0
901,dual,1
588,dual,2
2323,dual,1
1483,dual,1
1240,dual,0
912,dual,0
216,dual,0
970,dual,0
864,dual,0
1865,dual,2
12,dual,1
1998,dual,2
517,dual,2
208,dual,2
2246,dual,4
1627,dual,0
1759,dual,2
822,dual,1
1020,dual,1
1604,dual,1
1072,dual,0
682,dual,0
1745,dual,4
284,dual,0
931,dual,0
1651,dual,0
1856,dual,0
955,dual,0
1769,dual,1
1300,dual,2
2089,dual,2
190,dual,0
111,dual,2
2260,dual,0
2257,dual,0
2155,dual,0
544,dual,2
1264,dual,1
2148,dual,1
2329,dual,1
2265,dual,0
1852,dual,1
760,dual,1
108,dual,1
2058,dual,2
308,dual,1
1152,dual,1
1424,dual,0
1373,dual,0
2147,dual,1
10,dual,0
1166,dual,2
1180,dual,1
1131,dual,0
695,dual,1
2081,dual,0
1394,dual,0
593,dual,1
1081,dual,0
219,dual,0
1202,dual,0
2027,dual,4
1187,dual,0
369,dual,0
799,dual,1
1780,dual,2
1948,dual,1
1939,dual,0
2146,dual,1
1098,dual,1
1068,dual,1
351,dual,0
1013,dual,1
1882,dual,0
1603,dual,1
354,dual,1
1978,dual,0
419,dual,0
1248,dual,1
2218,dual,0
228,dual,1
527,dual,0
480,dual,0
687,dual,2
963,dual,0
1382,dual,0
1075,dual,2
551,dual,0
2242,dual,0
1729,dual,0
1224,dual,2
468,dual,1
1626,dual,1
482,dual,0
528,dual,3
1086,dual,2
2186,dual,1
2243,dual,1
124,dual,0
749,dual,0
1094,dual,0
1819,dual,0
1834,dual,0
1770,dual,0
582,dual,2
318,dual,0
829,dual,1
1279,dual,0
115,dual,0
1299,dual,1
672,dual,0
1429,dual,0
646,dual,1
958,dual,1
2048,dual,0
21,dual,2
523,dual,0
594,dual,1
1036,dual,0
1994,dual,2
1425,dual,1
1235,dual,0
1909,dual,4
1598,dual,1
2302,dual,1
259,dual,1
2034,dual,0
2195,dual,0
2207,dual,1
686,dual,0
359,dual,0
500,dual,1
1755,dual,2
184,dual,1
1618,dual,0
1398,dual,0
256,dual,0
1291,dual,1
1868,dual,1
405,dual,0
434,dual,0
1943,dual,0
1485,dual,0
1231,dual,1
595,dual,1
939,dual,1
71,dual,0
45,dual,0
2263,dual,0
828,dual,0
467,dual,1
2131,dual,0
17,dual,0
1723,dual,3
2138,dual,3
2059,dual,3
986,dual,0
433,dual,1
2309,dual,0
827,dual,1
99,dual,1
532,dual,0
900,dual,2
1549,dual,0
981,dual,0
305,dual,4
2355,dual,1
946,dual,2
1401,dual,0
1637,dual,0
661,dual,1
1512,dual,1
2351,dual,0
32,dual,0
1145,dual,1
2387,dual,1
1758,dual,1
631,dual,1
260,dual,0
2215,dual,0
166,dual,2
2267,dual,1
1586,dual,2
1706,dual,2
2120,dual,0
1803,dual,2
1326,dual,1
2289,dual,1
700,dual,1
1387,dual,1
2357,dual,0
109,dual,0
1889,dual,1
1356,dual,1
309,dual,1
272,dual,1
1981,dual,3
1003,dual,1
1638,dual,0
1400,dual,1
1656,dual,0
587,dual,2
2393,dual,1
710,dual,0
649,dual,0
326,dual,0
1739,dual,0
251,dual,0
113,dual,1
2144,dual,1
2003,dual,0
1860,dual,1
1969,dual,1
1330,dual,0
1360,dual,0
534,dual,1
1757,dual,1
366,dual,1
945,dual,0
1639,dual,1
1644,dual,1
382,dual,0
2180,dual,1
2404,dual,2
1953,dual,0
1167,dual,0
201,dual,0
1630,dual,0
1334,dual,0
622,dual,1
936,dual,0
2101,dual,1
806,dual,0
2234,dual,2
1047,dual,0
1508,dual,1
493,dual,0
1985,dual,1
1690,dual,2
943,dual,0
734,dual,0
809,dual,0
1715,dual,0
1323,dual,0
821,dual,3
1282,dual,1
485,dual,1
1107,dual,1
853,dual,1
966,dual,1
1460,dual,0
1589,dual,1
1861,dual,0
2007,dual,0
2171,dual,0
2213,dual,0
556,dual,0
1161,dual,3
1654,dual,1
2377,dual,2
1226,dual,1
340,dual,0
55,dual,2
136,dual,0
1573,dual,0
182,dual,1
1372,dual,4
637,dual,1
187,dual,4
612,dual,0
2162,dual,4
2394,dual,4
1274,dual,2
1921,dual,1
1142,dual,1
699,dual,0
862,dual,3
1924,dual,0
1629,dual,1
339,dual,1
1486,dual,0
