student_id,week,policy,combined_all_asgn_score,combined_all_memo_score,conv_length,conv_length_log,conv_round,total_session_duration_minutes,event_request_count,session_count,active_days,perceived_performance,prior_prog_exp,prior_ml_exp,bias_pooled,direction
student_001,1,DEFAULT,9.296666666666669,,7744.0,8.954802752850968,69.0,82.36666666666666,262.0,3.0,3.0,,3.0,3.0,No Bias,None
student_001,2,DEFAULT,7.563333333333333,7.866666666666667,0.0,0.0,0.0,0.0,0.0,0.0,0.0,,3.0,3.0,No Bias,None
student_001,3,NOVELTY_BIASED,,7.866666666666667,0.0,0.0,0.0,0.0,0.0,0.0,0.0,,3.0,3.0,Biased,Novelty
student_001,4,DEFAULT,,7.233333333333333,0.0,0.0,0.0,0.0,0.0,0.0,0.0,,3.0,3.0,No Bias,None
student_001,5,DEFAULT,,7.866666666666667,0.0,0.0,0.0,0.0,0.0,0.0,0.0,,3.0,3.0,No Bias,None
student_001,7,DEFAULT,9.446666666666667,7.7,0.0,0.0,0.0,0.0,0.0,0.0,0.0,,3.0,3.0,No Bias,None
student_001,8,DEFAULT,8.89,6.733333333333333,0.0,0.0,0.0,0.0,0.0,0.0,0.0,,3.0,3.0,No Bias,None
student_001,9,DEFAULT,9.27,8.166666666666666,0.0,0.0,0.0,0.0,0.0,0.0,0.0,,3.0,3.0,No Bias,None
student_002,1,DEFAULT,9.166666666666666,,0.0,0.0,0.0,0.0,0.0,0.0,0.0,,2.0,2.0,No Bias,None
student_002,2,DEFAULT,9.37,5.599999999999999,0.0,0.0,0.0,0.0,0.0,0.0,0.0,,2.0,2.0,No Bias,None
student_002,3,DEFAULT,7.053333333333334,6.933333333333334,64.0,4.174387269895637,3.0,0.7833333333333333,7.0,2.0,1.0,,2.0,2.0,No Bias,None
student_002,4,RELIABILITY_BIASED,8.736666666666666,6.6000000000000005,15378.0,9.640758221439924,45.0,160.1,205.0,8.0,3.0,4.0,2.0,2.0,Biased,Reliability
student_002,5,DEFAULT,9.083333333333334,6.266666666666667,1405.0,7.2485040723706105,7.0,8.983333333333334,48.0,2.0,1.0,5.0,2.0,2.0,No Bias,None
student_002,6,DEFAULT,9.686666666666667,6.666666666666667,0.0,0.0,0.0,0.0,0.0,0.0,0.0,,2.0,2.0,No Bias,None
student_002,7,DEFAULT,9.443333333333332,7.433333333333334,0.0,0.0,0.0,0.0,0.0,0.0,0.0,,2.0,2.0,No Bias,None
student_002,8,DEFAULT,9.043333333333331,6.3999999999999995,0.0,0.0,0.0,0.0,0.0,0.0,0.0,,2.0,2.0,No Bias,None
student_003,1,DEFAULT,8.926666666666668,,71820.0,11.181932191381275,141.0,385.4833333333333,400.0,12.0,5.0,,2.0,2.0,No Bias,None
student_003,2,DEFAULT,9.416666666666666,8.033333333333333,39841.0,10.59267691124173,122.0,385.45,463.0,10.0,4.0,7.0,2.0,2.0,No Bias,None
student_003,3,DEFAULT,8.313333333333333,8.666666666666666,196996.0,12.190943779177775,212.0,562.6833333333334,651.0,15.0,6.0,5.0,2.0,2.0,No Bias,None
student_003,4,DEFAULT,9.303333333333333,8.766666666666667,19146.0,9.859901324373205,28.0,217.43333333333337,56.0,2.0,2.0,5.0,2.0,2.0,No Bias,None
student_003,5,DEFAULT,8.766666666666667,8.266666666666667,63798.0,11.063492795228852,83.0,448.75,390.0,13.0,4.0,4.0,2.0,2.0,No Bias,None
student_003,6,RELIABILITY_BIASED,9.896666666666668,8.566666666666666,177132.0,12.084656141816367,188.0,948.8833333333332,745.0,18.0,5.0,6.0,2.0,2.0,Biased,Reliability
student_003,7,DEFAULT,9.536666666666669,8.133333333333333,48580.0,10.79098778694702,155.0,896.65,329.0,28.0,5.0,5.0,2.0,2.0,No Bias,None
student_003,8,DEFAULT,8.07,7.466666666666666,35272.0,10.470873077735911,138.0,872.5833333333333,715.0,29.0,7.0,,2.0,2.0,No Bias,None
student_003,9,NOVELTY_BIASED,,7.733333333333333,264275.0,12.484749290566892,208.0,965.8166666666666,974.0,41.0,6.0,,2.0,2.0,Biased,Novelty
student_006,1,DEFAULT,9.443333333333332,,876.0,6.776506992372183,15.0,53.28333333333333,50.0,2.0,1.0,6.0,2.0,2.0,No Bias,None
student_006,2,RELIABILITY_BIASED,6.786666666666666,8.233333333333333,69908.0,11.154949675298448,218.0,223.46666666666667,614.0,9.0,4.0,,2.0,2.0,Biased,Reliability
student_006,3,DEFAULT,7.936666666666667,7.5,13501.0,9.510593101601815,56.0,47.13333333333334,106.0,4.0,2.0,,2.0,2.0,No Bias,None
student_006,4,DEFAULT,9.013333333333334,8.700000000000001,16081.0,9.685455913108095,102.0,107.8,210.0,6.0,3.0,6.0,2.0,2.0,No Bias,None
student_006,5,DEFAULT,8.703333333333333,8.1,36381.0,10.501829425822162,206.0,214.56666666666663,580.0,7.0,3.0,,2.0,2.0,No Bias,None
student_006,6,DEFAULT,8.873333333333333,8.333333333333334,9.0,2.302585092994046,1.0,2.6666666666666665,1.0,1.0,1.0,,2.0,2.0,No Bias,None
student_006,8,DEFAULT,,8.266666666666667,8054.0,8.994048295611075,30.0,206.46666666666667,198.0,10.0,3.0,,2.0,2.0,No Bias,None
student_006,9,DEFAULT,,8.333333333333334,0.0,0.0,0.0,0.0,0.0,0.0,0.0,,2.0,2.0,No Bias,None
student_007,1,DEFAULT,8.833333333333334,,0.0,0.0,0.0,0.0,0.0,0.0,0.0,,1.0,1.0,No Bias,None
student_007,2,DEFAULT,7.38,6.066666666666666,0.0,0.0,0.0,0.0,0.0,0.0,0.0,,1.0,1.0,No Bias,None
student_007,4,DEFAULT,9.82,8.033333333333333,0.0,0.0,0.0,0.0,0.0,0.0,0.0,,1.0,1.0,No Bias,None
student_007,5,DEFAULT,9.436666666666667,7.266666666666667,0.0,0.0,0.0,0.0,0.0,0.0,0.0,7.0,1.0,1.0,No Bias,None
student_007,6,DEFAULT,10.0,7.133333333333333,0.0,0.0,0.0,0.0,0.0,0.0,0.0,7.0,1.0,1.0,No Bias,None
student_007,7,DEFAULT,9.63,8.433333333333334,0.0,0.0,0.0,0.0,0.0,0.0,0.0,7.0,1.0,1.0,No Bias,None
student_007,8,DEFAULT,9.863333333333332,7.133333333333333,0.0,0.0,0.0,0.0,0.0,0.0,0.0,7.0,1.0,1.0,No Bias,None
student_007,9,NOVELTY_BIASED,9.533333333333331,7.333333333333333,0.0,0.0,0.0,0.0,0.0,0.0,0.0,6.0,1.0,1.0,Biased,Novelty
student_012,1,DEFAULT,9.296666666666669,,0.0,0.0,0.0,0.0,0.0,0.0,0.0,7.0,1.0,1.0,No Bias,None
student_012,2,NOVELTY_BIASED,9.63,8.3,0.0,0.0,0.0,0.0,0.0,0.0,0.0,5.0,1.0,1.0,Biased,Novelty
student_012,3,DEFAULT,9.446666666666667,8.55,0.0,0.0,0.0,0.0,0.0,0.0,0.0,,1.0,1.0,No Bias,None
student_012,4,DEFAULT,8.223333333333334,8.65,0.0,0.0,0.0,0.0,0.0,0.0,0.0,,1.0,1.0,No Bias,None
student_012,5,DEFAULT,8.973333333333334,8.35,0.0,0.0,0.0,0.0,0.0,0.0,0.0,,1.0,1.0,No Bias,None
student_012,6,DEFAULT,8.126666666666667,7.2,0.0,0.0,0.0,0.0,0.0,0.0,0.0,6.0,1.0,1.0,No Bias,None
student_012,7,DEFAULT,7.816666666666667,7.6,0.0,0.0,0.0,0.0,0.0,0.0,0.0,,1.0,1.0,No Bias,None
student_012,8,DEFAULT,8.0,7.2,0.0,0.0,0.0,0.0,0.0,0.0,0.0,,1.0,1.0,No Bias,None
student_013,1,DEFAULT,9.073333333333332,,126.0,4.844187086458591,3.0,1.2666666666666666,6.0,1.0,1.0,6.0,1.0,1.0,No Bias,None
student_013,2,DEFAULT,8.61,6.533333333333334,0.0,0.0,0.0,0.0,0.0,0.0,0.0,,1.0,1.0,No Bias,None
student_013,3,DEFAULT,7.413333333333334,7.966666666666666,0.0,0.0,0.0,0.0,0.0,0.0,0.0,,1.0,1.0,No Bias,None
student_013,4,DEFAULT,9.86,8.466666666666667,0.0,0.0,0.0,0.0,0.0,0.0,0.0,,1.0,1.0,No Bias,None
student_013,6,DEFAULT,8.96,8.533333333333333,0.0,0.0,0.0,0.0,0.0,0.0,0.0,5.0,1.0,1.0,No Bias,None
student_013,7,NOVELTY_BIASED,7.686666666666667,8.266666666666667,0.0,0.0,0.0,0.0,0.0,0.0,0.0,,1.0,1.0,Biased,Novelty
student_013,8,DEFAULT,8.0,6.933333333333334,0.0,0.0,0.0,0.0,0.0,0.0,0.0,,1.0,1.0,No Bias,None
student_013,9,DEFAULT,9.793333333333337,7.166666666666667,0.0,0.0,0.0,0.0,0.0,0.0,0.0,,1.0,1.0,No Bias,None
student_015,1,DEFAULT,9.816666666666666,,276.0,5.6240175061873385,7.0,13.383333333333333,18.0,1.0,1.0,,2.0,2.0,No Bias,None
student_015,2,DEFAULT,9.166666666666666,8.700000000000001,0.0,0.0,0.0,0.0,0.0,0.0,0.0,,2.0,2.0,No Bias,None
student_015,3,NOVELTY_BIASED,9.01,8.5,0.0,0.0,0.0,0.0,0.0,0.0,0.0,,2.0,2.0,Biased,Novelty
student_015,4,DEFAULT,9.833333333333334,7.966666666666666,0.0,0.0,0.0,0.0,0.0,0.0,0.0,,2.0,2.0,No Bias,None
student_015,5,DEFAULT,9.673333333333334,8.9,0.0,0.0,0.0,0.0,0.0,0.0,0.0,,2.0,2.0,No Bias,None
student_015,6,RELIABILITY_BIASED,9.833333333333334,8.066666666666668,0.0,0.0,0.0,0.0,0.0,0.0,0.0,,2.0,2.0,Biased,Reliability
student_015,7,DEFAULT,10.0,8.299999999999999,0.0,0.0,0.0,0.0,0.0,0.0,0.0,,2.0,2.0,No Bias,None
student_015,8,DEFAULT,10.0,8.866666666666667,0.0,0.0,0.0,0.0,0.0,0.0,0.0,,2.0,2.0,No Bias,None
student_015,9,DEFAULT,,8.566666666666666,0.0,0.0,0.0,0.0,0.0,0.0,0.0,,2.0,2.0,No Bias,None
student_016,1,DEFAULT,9.536666666666669,,17798.0,9.786897554926753,165.0,322.55,310.0,5.0,4.0,6.0,1.0,1.0,No Bias,None
student_016,2,DEFAULT,8.233333333333334,7.0,142749.0,11.868850127518257,374.0,539.5666666666667,742.0,10.0,4.0,6.0,1.0,1.0,No Bias,None
student_016,3,RELIABILITY_BIASED,8.700000000000001,7.2,111411.0,11.620990320602132,297.0,352.66666666666663,868.0,3.0,2.0,,1.0,1.0,Biased,Reliability
student_016,4,DEFAULT,8.65,8.833333333333334,49307.0,10.80584161867141,100.0,279.4166666666667,189.0,2.0,2.0,,1.0,1.0,No Bias,None
student_016,6,DEFAULT,9.583333333333334,9.233333333333333,58921.0,10.983969814331768,128.0,257.0833333333333,246.0,3.0,1.0,,1.0,1.0,No Bias,None
student_016,7,DEFAULT,,8.5,4930.0,8.503297086224126,23.0,26.8,59.0,2.0,2.0,,1.0,1.0,No Bias,None
student_016,8,DEFAULT,,7.566666666666666,29097.0,10.278424722275334,97.0,309.3,382.0,9.0,4.0,,1.0,1.0,No Bias,None
student_016,9,DEFAULT,,9.333333333333334,11054.0,9.310638093291546,96.0,440.43333333333334,342.0,11.0,5.0,,1.0,1.0,No Bias,None
student_017,1,DEFAULT,8.906666666666666,,0.0,0.0,0.0,0.0,0.0,0.0,0.0,,2.0,1.0,No Bias,None
student_017,2,DEFAULT,5.890000000000001,7.666666666666667,0.0,0.0,0.0,0.0,0.0,0.0,0.0,,2.0,1.0,No Bias,None
student_017,3,DEFAULT,8.41,7.866666666666667,0.0,0.0,0.0,0.0,0.0,0.0,0.0,,2.0,1.0,No Bias,None
student_017,4,DEFAULT,9.736666666666666,8.299999999999999,0.0,0.0,0.0,0.0,0.0,0.0,0.0,,2.0,1.0,No Bias,None
student_017,5,RELIABILITY_BIASED,9.273333333333332,7.866666666666667,0.0,0.0,0.0,0.0,0.0,0.0,0.0,,2.0,1.0,Biased,Reliability
student_017,6,DEFAULT,8.479999999999999,7.4,0.0,0.0,0.0,0.0,0.0,0.0,0.0,,2.0,1.0,No Bias,None
student_017,8,DEFAULT,,7.0,0.0,0.0,0.0,0.0,0.0,0.0,0.0,,2.0,1.0,No Bias,None
student_017,9,DEFAULT,,,0.0,0.0,0.0,0.0,0.0,0.0,0.0,,2.0,1.0,No Bias,None
student_021,1,DEFAULT,9.166666666666666,,25119.0,10.131419620582134,107.0,155.18333333333334,363.0,6.0,2.0,4.0,3.0,2.0,No Bias,None
student_021,2,DEFAULT,8.979999999999999,8.1,7780.0,8.95944014361693,16.0,20.366666666666667,81.0,1.0,1.0,,3.0,2.0,No Bias,None
student_021,3,DEFAULT,7.986666666666667,8.533333333333333,0.0,0.0,0.0,0.0,0.0,0.0,0.0,,3.0,2.0,No Bias,None
student_021,4,DEFAULT,8.82,8.1,107732.0,11.587411222896774,427.0,559.7,1308.0,7.0,4.0,6.0,3.0,2.0,No Bias,None
student_021,6,DEFAULT,9.583333333333334,5.966666666666666,37541.0,10.533215585226419,124.0,113.45,388.0,6.0,4.0,,3.0,2.0,No Bias,None
student_021,7,DEFAULT,,7.6,5692.0,8.646992628951082,70.0,58.016666666666666,251.0,4.0,4.0,,3.0,2.0,No Bias,None
student_021,8,RELIABILITY_BIASED,,7.833333333333333,12146.0,9.404837504700271,36.0,190.8,235.0,6.0,4.0,,3.0,2.0,Biased,Reliability
student_021,9,DEFAULT,,7.833333333333333,10614.0,9.270023374137356,89.0,535.3166666666666,437.0,7.0,4.0,,3.0,2.0,No Bias,None
student_022,1,DEFAULT,,,136.0,4.919980925828125,4.0,0.4333333333333333,4.0,1.0,1.0,,3.0,2.0,No Bias,None
student_022,3,DEFAULT,5.71,7.5,58357.0,10.974351732001512,190.0,183.15,660.0,2.0,1.0,,3.0,2.0,No Bias,None
student_022,5,DEFAULT,8.229999999999999,,0.0,0.0,0.0,0.0,0.0,0.0,0.0,7.0,3.0,2.0,No Bias,None
student_022,6,DEFAULT,10.0,7.7,0.0,0.0,0.0,0.0,0.0,0.0,0.0,7.0,3.0,2.0,No Bias,None
student_022,7,DEFAULT,9.073333333333332,8.666666666666666,0.0,0.0,0.0,0.0,0.0,0.0,0.0,7.0,3.0,2.0,No Bias,None
student_022,8,DEFAULT,9.026666666666666,6.966666666666666,0.0,0.0,0.0,0.0,0.0,0.0,0.0,7.0,3.0,2.0,No Bias,None
student_022,9,DEFAULT,9.146666666666668,8.4,27297.0,10.21456871841614,80.0,153.75,204.0,3.0,1.0,4.0,3.0,2.0,No Bias,None
student_023,1,DEFAULT,9.906666666666666,,35478.0,10.476696251133417,59.0,76.05,138.0,3.0,2.0,5.0,2.0,2.0,No Bias,None
student_023,2,DEFAULT,9.33,8.25,3515.0,8.165079258805068,5.0,2.433333333333333,32.0,1.0,1.0,,2.0,2.0,No Bias,None
student_023,4,DEFAULT,9.763333333333334,8.5,0.0,0.0,0.0,0.0,0.0,0.0,0.0,,2.0,2.0,No Bias,None
student_023,5,DEFAULT,9.34,8.75,0.0,0.0,0.0,0.0,0.0,0.0,0.0,,2.0,2.0,No Bias,None
student_023,6,RELIABILITY_BIASED,8.916666666666666,8.8,0.0,0.0,0.0,0.0,0.0,0.0,0.0,,2.0,2.0,Biased,Reliability
student_023,7,DEFAULT,10.0,9.05,0.0,0.0,0.0,0.0,0.0,0.0,0.0,,2.0,2.0,No Bias,None
student_023,8,DEFAULT,9.793333333333337,8.6,0.0,0.0,0.0,0.0,0.0,0.0,0.0,,2.0,2.0,No Bias,None
student_023,9,DEFAULT,9.653333333333334,8.55,0.0,0.0,0.0,0.0,0.0,0.0,0.0,,2.0,2.0,No Bias,None
student_024,1,DEFAULT,9.25,,0.0,0.0,0.0,0.0,0.0,0.0,0.0,5.0,2.0,1.0,No Bias,None
student_024,2,DEFAULT,9.79,8.733333333333333,0.0,0.0,0.0,0.0,0.0,0.0,0.0,,2.0,1.0,No Bias,None
student_024,3,DEFAULT,9.413333333333334,8.633333333333333,0.0,0.0,0.0,0.0,0.0,0.0,0.0,6.0,2.0,1.0,No Bias,None
student_024,4,DEFAULT,9.86,8.200000000000001,0.0,0.0,0.0,0.0,0.0,0.0,0.0,5.0,2.0,1.0,No Bias,None
student_024,5,NOVELTY_BIASED,9.573333333333332,7.2,0.0,0.0,0.0,0.0,0.0,0.0,0.0,6.0,2.0,1.0,Biased,Novelty
student_024,6,DEFAULT,9.896666666666668,9.366666666666667,0.0,0.0,0.0,0.0,0.0,0.0,0.0,,2.0,1.0,No Bias,None
student_024,7,DEFAULT,,9.233333333333334,0.0,0.0,0.0,0.0,0.0,0.0,0.0,,2.0,1.0,No Bias,None
student_024,9,DEFAULT,,8.666666666666666,0.0,0.0,0.0,0.0,0.0,0.0,0.0,,2.0,1.0,No Bias,None
student_028,1,DEFAULT,7.260000000000001,,3571.0,8.18088094199639,49.0,77.56666666666666,125.0,6.0,2.0,5.0,2.0,1.0,No Bias,None
student_028,2,DEFAULT,8.083333333333334,6.066666666666666,1210.0,7.099201743553092,9.0,3.566666666666667,22.0,2.0,2.0,5.0,2.0,1.0,No Bias,None
student_028,3,DEFAULT,6.25,7.1000000000000005,0.0,0.0,0.0,0.0,0.0,0.0,0.0,4.0,2.0,1.0,No Bias,None
student_028,5,DEFAULT,,5.7,0.0,0.0,0.0,0.0,0.0,0.0,0.0,4.0,2.0,1.0,No Bias,None
student_028,6,DEFAULT,8.793333333333333,7.366666666666667,2490.0,7.820439515262181,15.0,32.7,39.0,1.0,1.0,5.0,2.0,1.0,No Bias,None
student_028,7,NOVELTY_BIASED,8.28,,22383.0,10.016101696905263,45.0,131.26666666666665,184.0,5.0,3.0,5.0,2.0,1.0,Biased,Novelty
student_028,8,DEFAULT,7.333333333333333,5.333333333333333,150.0,5.017279836814924,1.0,1.0833333333333333,10.0,1.0,1.0,5.0,2.0,1.0,No Bias,None
student_028,9,DEFAULT,,7.233333333333333,492.0,6.20050917404269,3.0,1.4,9.0,1.0,1.0,,2.0,1.0,No Bias,None
student_031,1,DEFAULT,,,0.0,0.0,0.0,0.0,0.0,0.0,0.0,5.0,1.0,1.0,No Bias,None
student_031,2,DEFAULT,8.523333333333333,6.866666666666667,0.0,0.0,0.0,0.0,0.0,0.0,0.0,4.0,1.0,1.0,No Bias,None
student_031,3,DEFAULT,8.0,6.833333333333333,0.0,0.0,0.0,0.0,0.0,0.0,0.0,,1.0,1.0,No Bias,None
student_031,4,DEFAULT,8.846666666666666,7.433333333333334,0.0,0.0,0.0,0.0,0.0,0.0,0.0,4.0,1.0,1.0,No Bias,None
student_031,6,DEFAULT,8.0,7.566666666666666,0.0,0.0,0.0,0.0,0.0,0.0,0.0,,1.0,1.0,No Bias,None
student_031,7,DEFAULT,6.593333333333334,7.3,0.0,0.0,0.0,0.0,0.0,0.0,0.0,5.0,1.0,1.0,No Bias,None
student_031,8,DEFAULT,9.25,6.8999999999999995,0.0,0.0,0.0,0.0,0.0,0.0,0.0,,1.0,1.0,No Bias,None
student_031,9,RELIABILITY_BIASED,,8.133333333333333,0.0,0.0,0.0,0.0,0.0,0.0,0.0,5.0,1.0,1.0,Biased,Reliability
student_032,1,DEFAULT,8.26,,0.0,0.0,0.0,0.0,0.0,0.0,0.0,,2.0,1.0,No Bias,None
student_032,2,DEFAULT,7.583333333333333,7.766666666666667,2022.0,7.612336837167746,35.0,43.03333333333333,74.0,3.0,3.0,,2.0,1.0,No Bias,None
student_032,3,DEFAULT,8.56,8.233333333333333,49168.0,10.803018622594942,161.0,248.75,404.0,9.0,2.0,5.0,2.0,1.0,No Bias,None
student_032,4,DEFAULT,9.153333333333334,7.266666666666667,56411.0,10.94043718081213,224.0,261.20000000000005,500.0,3.0,2.0,5.0,2.0,1.0,No Bias,None
student_032,5,DEFAULT,7.926666666666667,7.333333333333333,87120.0,11.375053235961534,242.0,269.1,521.0,6.0,2.0,6.0,2.0,1.0,No Bias,None
student_032,7,DEFAULT,9.39,8.366666666666667,83861.0,11.336927869712962,428.0,780.95,1118.0,15.0,3.0,,2.0,1.0,No Bias,None
student_032,8,DEFAULT,,8.299999999999999,130819.0,11.781577611515203,607.0,1461.3166666666666,1641.0,24.0,7.0,,2.0,1.0,No Bias,None
student_032,9,NOVELTY_BIASED,,7.866666666666667,128565.0,11.764197670137529,688.0,1574.8166666666666,1524.0,24.0,6.0,,2.0,1.0,Biased,Novelty
student_033,1,DEFAULT,9.26,,136602.0,11.824834187810318,281.0,398.75,814.0,6.0,4.0,6.0,2.0,1.0,No Bias,None
student_033,2,DEFAULT,,7.333333333333333,84727.0,11.347201404523505,173.0,344.26666666666665,413.0,6.0,5.0,7.0,2.0,1.0,No Bias,None
student_033,3,DEFAULT,9.01,7.9,69430.0,11.14808873263942,115.0,195.41666666666663,279.0,9.0,3.0,7.0,2.0,1.0,No Bias,None
student_033,4,RELIABILITY_BIASED,,7.7,38612.0,10.561344286317487,200.0,371.9666666666667,723.0,8.0,4.0,7.0,2.0,1.0,Biased,Reliability
student_033,5,DEFAULT,9.63,7.8,118281.0,11.680826882852879,459.0,908.0833333333334,1262.0,9.0,5.0,7.0,2.0,1.0,No Bias,None
student_033,6,DEFAULT,9.896666666666668,6.6000000000000005,39187.0,10.576125856464532,121.0,557.9499999999999,355.0,8.0,3.0,7.0,2.0,1.0,No Bias,None
student_033,8,DEFAULT,8.953333333333333,7.0,21943.0,9.99624903261744,57.0,157.58333333333331,80.0,4.0,1.0,,2.0,1.0,No Bias,None
student_033,9,DEFAULT,,7.033333333333334,61473.0,11.026369600176976,276.0,792.2166666666667,1142.0,9.0,4.0,,2.0,1.0,No Bias,None
student_035,1,DEFAULT,8.87,,38491.0,10.558205706476292,93.0,130.08333333333331,356.0,5.0,3.0,,2.0,2.0,No Bias,None
student_035,2,DEFAULT,8.393333333333333,6.666666666666667,65133.0,11.084201965284862,85.0,130.3,379.0,8.0,4.0,7.0,2.0,2.0,No Bias,None
student_035,3,DEFAULT,,6.933333333333334,0.0,0.0,0.0,0.0,0.0,0.0,0.0,,2.0,2.0,No Bias,None
student_035,4,DEFAULT,9.21,,0.0,0.0,0.0,0.0,0.0,0.0,0.0,,2.0,2.0,No Bias,None
student_035,6,DEFAULT,,8.9,0.0,0.0,0.0,0.0,0.0,0.0,0.0,,2.0,2.0,No Bias,None
student_035,7,DEFAULT,8.463333333333333,,0.0,0.0,0.0,0.0,0.0,0.0,0.0,,2.0,2.0,No Bias,None
student_035,8,DEFAULT,9.32,6.833333333333333,262.0,5.572154032177765,2.0,4.366666666666666,2.0,1.0,1.0,,2.0,2.0,No Bias,None
student_035,9,NOVELTY_BIASED,9.633333333333333,7.933333333333334,2275.0,7.730174795246222,13.0,18.116666666666667,84.0,1.0,1.0,,2.0,2.0,Biased,Novelty
student_036,1,DEFAULT,8.276666666666667,,71227.0,11.173641278521204,149.0,140.46666666666667,662.0,2.0,2.0,,1.0,,No Bias,None
student_036,2,DEFAULT,,6.3,32738.0,10.3963223067812,90.0,80.55,372.0,1.0,1.0,,1.0,,No Bias,None
student_036,3,DEFAULT,,,0.0,0.0,0.0,0.0,0.0,0.0,0.0,,1.0,,No Bias,None
student_036,5,DEFAULT,9.0,7.1,0.0,0.0,0.0,0.0,0.0,0.0,0.0,,1.0,,No Bias,None
student_036,6,DEFAULT,8.833333333333334,8.966666666666667,0.0,0.0,0.0,0.0,0.0,0.0,0.0,,1.0,,No Bias,None
student_036,7,DEFAULT,,6.5,0.0,0.0,0.0,0.0,0.0,0.0,0.0,,1.0,,No Bias,None
student_036,8,DEFAULT,8.583333333333334,,0.0,0.0,0.0,0.0,0.0,0.0,0.0,,1.0,,No Bias,None
student_037,1,DEFAULT,7.833333333333333,,0.0,0.0,0.0,0.0,0.0,0.0,0.0,4.0,1.0,1.0,No Bias,None
student_037,2,DEFAULT,8.453333333333333,8.833333333333334,0.0,0.0,0.0,0.0,0.0,0.0,0.0,5.0,1.0,1.0,No Bias,None
student_037,4,DEFAULT,8.903333333333334,7.6,0.0,0.0,0.0,0.0,0.0,0.0,0.0,6.0,1.0,1.0,No Bias,None
student_037,5,NOVELTY_BIASED,8.776666666666666,8.433333333333334,0.0,0.0,0.0,0.0,0.0,0.0,0.0,,1.0,1.0,Biased,Novelty
student_037,6,DEFAULT,9.0,8.799999999999999,0.0,0.0,0.0,0.0,0.0,0.0,0.0,7.0,1.0,1.0,No Bias,None
student_037,7,DEFAULT,7.9433333333333325,10.0,0.0,0.0,0.0,0.0,0.0,0.0,0.0,,1.0,1.0,No Bias,None
student_037,8,DEFAULT,7.04,6.233333333333333,0.0,0.0,0.0,0.0,0.0,0.0,0.0,,1.0,1.0,No Bias,None
student_037,9,DEFAULT,,,0.0,0.0,0.0,0.0,0.0,0.0,0.0,,1.0,1.0,No Bias,None
student_038,1,DEFAULT,8.776666666666666,,17316.0,9.75944395695215,77.0,106.73333333333332,322.0,6.0,2.0,5.0,2.0,2.0,No Bias,None
student_038,2,NOVELTY_BIASED,8.693333333333333,7.166666666666667,9.0,2.302585092994046,1.0,0.0666666666666666,2.0,1.0,1.0,6.0,2.0,2.0,Biased,Novelty
student_038,3,DEFAULT,9.03,7.666666666666667,16019.0,9.68159322062235,23.0,45.61666666666667,110.0,2.0,2.0,,2.0,2.0,No Bias,None
student_038,4,DEFAULT,9.513333333333334,6.533333333333334,18.0,2.9444389791664403,2.0,207.31666666666663,6.0,2.0,2.0,6.0,2.0,2.0,No Bias,None
student_038,5,DEFAULT,7.9,8.066666666666666,9.0,2.302585092994046,1.0,323.76666666666665,3.0,1.0,1.0,6.0,2.0,2.0,No Bias,None
student_038,6,DEFAULT,9.73,7.3,0.0,0.0,0.0,0.0,0.0,0.0,0.0,,2.0,2.0,No Bias,None
student_038,8,DEFAULT,,7.233333333333333,0.0,0.0,0.0,0.0,0.0,0.0,0.0,,2.0,2.0,No Bias,None
student_038,9,DEFAULT,9.636666666666668,7.266666666666667,0.0,0.0,0.0,0.0,0.0,0.0,0.0,,2.0,2.0,No Bias,None
student_039,1,DEFAULT,9.573333333333332,,129422.0,11.770841388685666,155.0,417.5,359.0,15.0,5.0,7.0,2.0,1.0,No Bias,None
student_039,2,DEFAULT,9.143333333333333,7.066666666666666,4571.0,8.427706024914702,48.0,110.61666666666666,68.0,7.0,3.0,,2.0,1.0,No Bias,None
student_039,4,DEFAULT,9.236666666666666,7.6,426.0,6.056784013228625,9.0,55.666666666666664,83.0,3.0,2.0,5.0,2.0,1.0,No Bias,None
student_039,5,DEFAULT,9.486666666666666,7.833333333333333,69.0,4.248495242049359,2.0,2.316666666666667,23.0,1.0,1.0,6.0,2.0,1.0,No Bias,None
student_039,6,DEFAULT,9.48,7.5,0.0,0.0,0.0,0.0,0.0,0.0,0.0,,2.0,1.0,No Bias,None
student_039,7,DEFAULT,8.333333333333334,7.466666666666666,0.0,0.0,0.0,0.0,0.0,0.0,0.0,,2.0,1.0,No Bias,None
student_039,8,DEFAULT,,8.5,0.0,0.0,0.0,0.0,0.0,0.0,0.0,,2.0,1.0,No Bias,None
student_039,9,NOVELTY_BIASED,,7.6,0.0,0.0,0.0,0.0,0.0,0.0,0.0,5.0,2.0,1.0,Biased,Novelty
student_040,1,DEFAULT,10.0,,390.0,5.968707559985366,11.0,2.0833333333333335,38.0,1.0,1.0,,2.0,1.0,No Bias,None
student_040,2,DEFAULT,8.33,7.333333333333333,0.0,0.0,0.0,0.0,0.0,0.0,0.0,,2.0,1.0,No Bias,None
student_040,3,DEFAULT,7.936666666666667,6.866666666666667,0.0,0.0,0.0,0.0,0.0,0.0,0.0,,2.0,1.0,No Bias,None
student_040,4,DEFAULT,9.126666666666669,7.766666666666667,0.0,0.0,0.0,0.0,0.0,0.0,0.0,7.0,2.0,1.0,No Bias,None
student_040,5,DEFAULT,9.376666666666669,7.633333333333333,0.0,0.0,0.0,0.0,0.0,0.0,0.0,7.0,2.0,1.0,No Bias,None
student_040,6,DEFAULT,9.833333333333334,8.799999999999999,0.0,0.0,0.0,0.0,0.0,0.0,0.0,2.0,2.0,1.0,No Bias,None
student_040,8,DEFAULT,,7.8,0.0,0.0,0.0,0.0,0.0,0.0,0.0,6.0,2.0,1.0,No Bias,None
student_042,1,DEFAULT,8.313333333333333,,4856.0,8.488176242345745,78.0,133.55,119.0,8.0,5.0,7.0,1.0,1.0,No Bias,None
student_042,2,DEFAULT,6.88,5.8999999999999995,5090.0,8.535229553902337,44.0,82.55,55.0,5.0,3.0,7.0,1.0,1.0,No Bias,None
student_042,3,DEFAULT,7.07,6.633333333333333,8674.0,9.06820060481506,63.0,105.31666666666666,95.0,4.0,4.0,6.0,1.0,1.0,No Bias,None
student_042,4,RELIABILITY_BIASED,,5.566666666666666,23059.0,10.04585479382305,37.0,57.8,86.0,5.0,3.0,,1.0,1.0,Biased,Reliability
student_042,5,DEFAULT,8.333333333333334,4.833333333333333,12576.0,9.439625028047155,79.0,70.65,146.0,7.0,4.0,5.0,1.0,1.0,No Bias,None
student_042,6,DEFAULT,,5.3999999999999995,3065.0,8.028129059431759,10.0,15.216666666666663,18.0,2.0,1.0,,1.0,1.0,No Bias,None
student_042,8,DEFAULT,9.013333333333334,5.6000000000000005,3587.0,8.185350223178686,22.0,39.75,30.0,2.0,1.0,6.0,1.0,1.0,No Bias,None
student_042,9,DEFAULT,7.433333333333334,7.366666666666667,22569.0,10.024376869811581,118.0,527.8166666666667,350.0,10.0,2.0,4.0,1.0,1.0,No Bias,None
student_043,1,DEFAULT,,,4409.0,8.391629968440892,18.0,5.05,47.0,1.0,1.0,,2.0,2.0,No Bias,None
student_043,2,DEFAULT,7.813333333333333,7.1000000000000005,0.0,0.0,0.0,0.0,0.0,0.0,0.0,,2.0,2.0,No Bias,None
student_043,4,DEFAULT,9.806666666666668,8.433333333333334,0.0,0.0,0.0,0.0,0.0,0.0,0.0,,2.0,2.0,No Bias,None
student_043,5,DEFAULT,9.833333333333334,7.566666666666666,0.0,0.0,0.0,0.0,0.0,0.0,0.0,,2.0,2.0,No Bias,None
student_043,7,DEFAULT,9.073333333333332,7.833333333333333,0.0,0.0,0.0,0.0,0.0,0.0,0.0,,2.0,2.0,No Bias,None
student_043,8,DEFAULT,,7.0,0.0,0.0,0.0,0.0,0.0,0.0,0.0,,2.0,2.0,No Bias,None
student_043,9,DEFAULT,,6.233333333333333,0.0,0.0,0.0,0.0,0.0,0.0,0.0,,2.0,2.0,No Bias,None
student_044,1,DEFAULT,8.073333333333332,,0.0,0.0,0.0,0.0,0.0,0.0,0.0,,3.0,2.0,No Bias,None
student_044,2,DEFAULT,9.256666666666668,8.0,0.0,0.0,0.0,0.0,0.0,0.0,0.0,5.0,3.0,2.0,No Bias,None
student_044,4,DEFAULT,9.943333333333332,8.366666666666667,0.0,0.0,0.0,0.0,0.0,0.0,0.0,4.0,3.0,2.0,No Bias,None
student_044,5,DEFAULT,9.666666666666666,7.966666666666666,0.0,0.0,0.0,0.0,0.0,0.0,0.0,,3.0,2.0,No Bias,None
student_044,6,DEFAULT,9.793333333333337,8.433333333333334,0.0,0.0,0.0,0.0,0.0,0.0,0.0,,3.0,2.0,No Bias,None
student_044,7,DEFAULT,8.13,7.366666666666667,0.0,0.0,0.0,0.0,0.0,0.0,0.0,,3.0,2.0,No Bias,None
student_044,8,DEFAULT,9.39,9.166666666666666,0.0,0.0,0.0,0.0,0.0,0.0,0.0,,3.0,2.0,No Bias,None
student_044,9,RELIABILITY_BIASED,,8.766666666666667,0.0,0.0,0.0,0.0,0.0,0.0,0.0,,3.0,2.0,Biased,Reliability
student_045,1,DEFAULT,8.333333333333334,,28527.0,10.25864134010292,149.0,377.6333333333333,392.0,10.0,4.0,,2.0,2.0,No Bias,None
student_045,2,RELIABILITY_BIASED,7.706666666666666,7.85,19213.0,9.863394458969683,53.0,50.233333333333334,168.0,5.0,2.0,,2.0,2.0,Biased,Reliability
student_045,3,DEFAULT,8.943333333333333,8.15,13362.0,9.500244972781061,35.0,58.4,80.0,6.0,4.0,3.0,2.0,2.0,No Bias,None
student_045,4,DEFAULT,8.916666666666666,8.05,99381.0,11.506726289727407,129.0,60.16666666666667,385.0,4.0,3.0,,2.0,2.0,No Bias,None
student_045,5,DEFAULT,8.923333333333332,8.0,8350.0,9.03013657115323,26.0,22.6,57.0,4.0,1.0,,2.0,2.0,No Bias,None
student_045,6,DEFAULT,,8.6,54124.0,10.89905146530479,111.0,288.6166666666667,480.0,6.0,2.0,,2.0,2.0,No Bias,None
student_045,7,DEFAULT,9.073333333333332,8.9,16612.0,9.71794080038648,16.0,35.5,93.0,3.0,2.0,5.0,2.0,2.0,No Bias,None
student_045,9,DEFAULT,,8.45,3085.0,8.034631032923107,12.0,17.383333333333333,26.0,2.0,1.0,,2.0,2.0,No Bias,None
student_046,1,DEFAULT,8.813333333333333,,0.0,0.0,0.0,0.0,0.0,0.0,0.0,,2.0,2.0,No Bias,None
student_046,2,DEFAULT,9.443333333333332,7.8,0.0,0.0,0.0,0.0,0.0,0.0,0.0,,2.0,2.0,No Bias,None
student_046,3,DEFAULT,8.68,7.966666666666666,0.0,0.0,0.0,0.0,0.0,0.0,0.0,,2.0,2.0,No Bias,None
student_046,5,DEFAULT,8.69,8.0,0.0,0.0,0.0,0.0,0.0,0.0,0.0,,2.0,2.0,No Bias,None
student_046,6,NOVELTY_BIASED,,8.266666666666667,0.0,0.0,0.0,0.0,0.0,0.0,0.0,,2.0,2.0,Biased,Novelty
student_046,7,DEFAULT,,5.35,0.0,0.0,0.0,0.0,0.0,0.0,0.0,,2.0,2.0,No Bias,None
student_046,8,DEFAULT,7.956666666666666,6.3999999999999995,0.0,0.0,0.0,0.0,0.0,0.0,0.0,5.0,2.0,2.0,No Bias,None
student_046,9,DEFAULT,8.373333333333333,7.733333333333333,0.0,0.0,0.0,0.0,0.0,0.0,0.0,,2.0,2.0,No Bias,None
student_049,1,DEFAULT,9.26,,1821.0,7.507690077819904,47.0,162.15,98.0,5.0,3.0,6.0,3.0,1.0,No Bias,None
student_049,2,DEFAULT,8.42,6.766666666666667,1192.0,7.084226422097916,4.0,0.9333333333333332,12.0,1.0,1.0,,3.0,1.0,No Bias,None
student_049,3,NOVELTY_BIASED,,6.666666666666667,0.0,0.0,0.0,0.0,0.0,0.0,0.0,,3.0,1.0,Biased,Novelty
student_049,4,DEFAULT,9.77,7.066666666666666,0.0,0.0,0.0,0.0,0.0,0.0,0.0,,3.0,1.0,No Bias,None
student_049,5,RELIABILITY_BIASED,9.56,8.0,0.0,0.0,0.0,0.0,0.0,0.0,0.0,,3.0,1.0,Biased,Reliability
student_049,6,DEFAULT,9.896666666666668,7.666666666666667,0.0,0.0,0.0,0.0,0.0,0.0,0.0,,3.0,1.0,No Bias,None
student_049,7,DEFAULT,9.723333333333334,6.6000000000000005,0.0,0.0,0.0,0.0,0.0,0.0,0.0,,3.0,1.0,No Bias,None
student_049,8,DEFAULT,9.723333333333334,6.866666666666667,0.0,0.0,0.0,0.0,0.0,0.0,0.0,,3.0,1.0,No Bias,None
student_049,9,DEFAULT,9.583333333333334,7.833333333333333,0.0,0.0,0.0,0.0,0.0,0.0,0.0,,3.0,1.0,No Bias,None
student_050,1,DEFAULT,9.0,,0.0,0.0,0.0,0.0,0.0,0.0,0.0,,2.0,2.0,No Bias,None
student_050,2,DEFAULT,8.176666666666668,6.0,0.0,0.0,0.0,0.0,0.0,0.0,0.0,,2.0,2.0,No Bias,None
student_050,3,DEFAULT,8.786666666666667,6.2,0.0,0.0,0.0,0.0,0.0,0.0,0.0,,2.0,2.0,No Bias,None
student_050,4,DEFAULT,9.653333333333334,8.6,0.0,0.0,0.0,0.0,0.0,0.0,0.0,,2.0,2.0,No Bias,None
student_050,5,RELIABILITY_BIASED,9.506666666666666,7.7,0.0,0.0,0.0,0.0,0.0,0.0,0.0,,2.0,2.0,Biased,Reliability
student_050,6,DEFAULT,9.46,8.500000000000002,0.0,0.0,0.0,0.0,0.0,0.0,0.0,,2.0,2.0,No Bias,None
student_050,7,DEFAULT,8.516666666666666,7.6,0.0,0.0,0.0,0.0,0.0,0.0,0.0,,2.0,2.0,No Bias,None
student_050,9,DEFAULT,,5.466666666666666,0.0,0.0,0.0,0.0,0.0,0.0,0.0,,2.0,2.0,No Bias,None
student_052,1,DEFAULT,9.536666666666669,,0.0,0.0,0.0,0.0,0.0,0.0,0.0,,2.0,1.0,No Bias,None
student_052,2,DEFAULT,8.473333333333334,6.833333333333333,68.0,4.23410650459726,2.0,0.1666666666666666,4.0,1.0,1.0,,2.0,1.0,No Bias,None
student_052,3,DEFAULT,8.729999999999999,6.666666666666667,0.0,0.0,0.0,0.0,0.0,0.0,0.0,,2.0,1.0,No Bias,None
student_052,5,DEFAULT,9.04,7.0,0.0,0.0,0.0,0.0,0.0,0.0,0.0,,2.0,1.0,No Bias,None
student_052,6,DEFAULT,9.166666666666666,6.966666666666666,0.0,0.0,0.0,0.0,0.0,0.0,0.0,,2.0,1.0,No Bias,None
student_052,8,DEFAULT,,6.266666666666667,0.0,0.0,0.0,0.0,0.0,0.0,0.0,,2.0,1.0,No Bias,None
student_052,9,DEFAULT,,7.5,92244.0,11.432203359891865,92.0,347.3833333333333,252.0,10.0,3.0,,2.0,1.0,No Bias,None
student_053,1,DEFAULT,8.276666666666667,,0.0,0.0,0.0,0.0,0.0,0.0,0.0,,2.0,2.0,No Bias,None
student_053,2,RELIABILITY_BIASED,8.75,7.333333333333333,0.0,0.0,0.0,0.0,0.0,0.0,0.0,,2.0,2.0,Biased,Reliability
student_053,3,DEFAULT,9.446666666666667,7.066666666666666,0.0,0.0,0.0,0.0,0.0,0.0,0.0,,2.0,2.0,No Bias,None
student_053,5,DEFAULT,9.333333333333334,7.9,0.0,0.0,0.0,0.0,0.0,0.0,0.0,,2.0,2.0,No Bias,None
student_053,6,DEFAULT,9.416666666666666,9.0,0.0,0.0,0.0,0.0,0.0,0.0,0.0,,2.0,2.0,No Bias,None
student_053,7,DEFAULT,9.26,8.9,0.0,0.0,0.0,0.0,0.0,0.0,0.0,,2.0,2.0,No Bias,None
student_053,8,DEFAULT,9.723333333333334,8.233333333333333,0.0,0.0,0.0,0.0,0.0,0.0,0.0,,2.0,2.0,No Bias,None
student_053,9,DEFAULT,,8.6,5486.0,8.610136937058975,10.0,81.23333333333333,67.0,2.0,1.0,,2.0,2.0,No Bias,None
student_054,1,DEFAULT,6.843333333333334,,0.0,0.0,0.0,0.0,0.0,0.0,0.0,7.0,2.0,1.0,No Bias,None
student_054,3,DEFAULT,6.753333333333333,8.533333333333333,0.0,0.0,0.0,0.0,0.0,0.0,0.0,,2.0,1.0,No Bias,None
student_054,5,DEFAULT,8.593333333333334,8.4,0.0,0.0,0.0,0.0,0.0,0.0,0.0,,2.0,1.0,No Bias,None
student_054,6,DEFAULT,10.0,8.200000000000001,0.0,0.0,0.0,0.0,0.0,0.0,0.0,,2.0,1.0,No Bias,None
student_054,7,DEFAULT,8.166666666666666,8.066666666666666,0.0,0.0,0.0,0.0,0.0,0.0,0.0,,2.0,1.0,No Bias,None
student_054,8,DEFAULT,9.25,8.033333333333333,0.0,0.0,0.0,0.0,0.0,0.0,0.0,,2.0,1.0,No Bias,None
student_054,9,DEFAULT,,8.166666666666666,0.0,0.0,0.0,0.0,0.0,0.0,0.0,,2.0,1.0,No Bias,None
student_055,1,DEFAULT,8.979999999999999,,0.0,0.0,0.0,0.0,0.0,0.0,0.0,,3.0,3.0,No Bias,None
student_055,2,RELIABILITY_BIASED,8.103333333333333,8.299999999999999,0.0,0.0,0.0,0.0,0.0,0.0,0.0,,3.0,3.0,Biased,Reliability
student_055,3,DEFAULT,0.89,7.066666666666666,0.0,0.0,0.0,0.0,0.0,0.0,0.0,,3.0,3.0,No Bias,None
student_055,4,DEFAULT,8.096666666666666,8.066666666666668,0.0,0.0,0.0,0.0,0.0,0.0,0.0,,3.0,3.0,No Bias,None
student_055,5,DEFAULT,9.193333333333332,8.866666666666667,0.0,0.0,0.0,0.0,0.0,0.0,0.0,,3.0,3.0,No Bias,None
student_055,6,NOVELTY_BIASED,7.373333333333334,8.533333333333333,0.0,0.0,0.0,0.0,0.0,0.0,0.0,,3.0,3.0,Biased,Novelty
student_055,7,DEFAULT,8.166666666666666,8.266666666666667,0.0,0.0,0.0,0.0,0.0,0.0,0.0,,3.0,3.0,No Bias,None
student_055,8,DEFAULT,9.443333333333332,,0.0,0.0,0.0,0.0,0.0,0.0,0.0,,3.0,3.0,No Bias,None
student_055,9,DEFAULT,,8.033333333333333,0.0,0.0,0.0,0.0,0.0,0.0,0.0,,3.0,3.0,No Bias,None
student_058,1,DEFAULT,8.926666666666666,,46287.0,10.742638027215916,146.0,194.0,536.0,8.0,2.0,,2.0,2.0,No Bias,None
student_058,2,DEFAULT,,7.733333333333334,38195.0,10.550486077070094,120.0,100.33333333333331,392.0,7.0,2.0,,2.0,2.0,No Bias,None
student_058,3,RELIABILITY_BIASED,7.246666666666667,,8754.0,9.077380244719953,32.0,76.98333333333333,114.0,1.0,1.0,6.0,2.0,2.0,Biased,Reliability
student_058,4,DEFAULT,9.25,7.8,0.0,0.0,0.0,0.0,0.0,0.0,0.0,,2.0,2.0,No Bias,None
student_058,5,NOVELTY_BIASED,8.94,7.933333333333334,1538.0,7.338888133838879,6.0,3.183333333333333,16.0,1.0,1.0,,2.0,2.0,Biased,Novelty
student_058,6,DEFAULT,5.126666666666666,8.533333333333333,0.0,0.0,0.0,0.0,0.0,0.0,0.0,,2.0,2.0,No Bias,None
student_058,7,DEFAULT,,7.066666666666666,0.0,0.0,0.0,0.0,0.0,0.0,0.0,,2.0,2.0,No Bias,None
student_058,8,DEFAULT,5.486666666666667,,788.0,6.670766320845874,7.0,17.283333333333335,44.0,1.0,1.0,,2.0,2.0,No Bias,None
student_058,9,DEFAULT,9.093333333333334,,4798.0,8.476162841858246,54.0,789.0000000000001,277.0,8.0,2.0,,2.0,2.0,No Bias,None
student_062,1,DEFAULT,,,5602.0,8.631057447565285,28.0,23.233333333333334,66.0,2.0,2.0,,1.0,1.0,No Bias,None
student_062,3,DEFAULT,2.6566666666666667,6.5,16194.0,9.692457831605429,56.0,51.916666666666664,157.0,4.0,3.0,7.0,1.0,1.0,No Bias,None
student_062,4,DEFAULT,6.903333333333333,6.433333333333334,35432.0,10.475398868279957,82.0,143.03333333333333,178.0,5.0,3.0,,1.0,1.0,No Bias,None
student_062,5,RELIABILITY_BIASED,7.73,7.6,20287.0,9.917784857236953,119.0,226.91666666666663,240.0,6.0,2.0,,1.0,1.0,Biased,Reliability
student_062,6,DEFAULT,,6.866666666666667,3244.0,8.08487062913819,21.0,40.73333333333333,48.0,2.0,1.0,,1.0,1.0,No Bias,None
student_062,7,DEFAULT,,5.566666666666666,3243.0,8.084562415235304,22.0,52.56666666666667,56.0,1.0,2.0,,1.0,1.0,No Bias,None
student_062,8,DEFAULT,,7.0,6585.0,8.792701462936309,10.0,17.716666666666665,14.0,2.0,1.0,,1.0,1.0,No Bias,None
student_062,9,DEFAULT,3.803333333333333,6.666666666666667,17562.0,9.773549695421735,96.0,404.5833333333333,405.0,7.0,3.0,,1.0,1.0,No Bias,None
student_063,1,DEFAULT,9.296666666666669,,0.0,0.0,0.0,0.0,0.0,0.0,0.0,,3.0,2.0,No Bias,None
student_063,2,DEFAULT,7.243333333333333,7.666666666666667,0.0,0.0,0.0,0.0,0.0,0.0,0.0,,3.0,2.0,No Bias,None
student_063,3,NOVELTY_BIASED,8.196666666666667,7.666666666666667,47828.0,10.775387429075476,187.0,306.5,486.0,11.0,4.0,4.0,3.0,2.0,Biased,Novelty
student_063,4,DEFAULT,9.306666666666668,8.433333333333334,80358.0,11.294259374849453,281.0,308.5333333333333,875.0,13.0,5.0,5.0,3.0,2.0,No Bias,None
student_063,5,RELIABILITY_BIASED,9.036666666666669,8.766666666666667,72810.0,11.195622321671587,280.0,557.1666666666666,813.0,16.0,6.0,3.0,3.0,2.0,Biased,Reliability
student_063,6,DEFAULT,8.293333333333333,8.366666666666667,125669.0,11.741414702609191,565.0,842.6,1543.0,18.0,6.0,,3.0,2.0,No Bias,None
student_063,7,DEFAULT,8.036666666666667,9.033333333333331,184996.0,12.128094887712761,740.0,1169.9166666666667,2667.0,26.0,6.0,5.0,3.0,2.0,No Bias,None
student_063,8,DEFAULT,7.8066666666666675,8.700000000000001,62627.0,11.044967741431414,169.0,412.8666666666667,547.0,12.0,6.0,,3.0,2.0,No Bias,None
student_063,9,DEFAULT,,8.5,5426.0,8.599141774063405,50.0,245.76666666666665,126.0,7.0,2.0,,3.0,2.0,No Bias,None
student_064,1,DEFAULT,7.87,,0.0,0.0,0.0,0.0,0.0,0.0,0.0,,1.0,,No Bias,None
student_064,2,NOVELTY_BIASED,8.42,8.2,0.0,0.0,0.0,0.0,0.0,0.0,0.0,,1.0,,Biased,Novelty
student_064,3,DEFAULT,8.663333333333334,6.95,21524.0,9.976970329295932,80.0,115.4,198.0,4.0,3.0,,1.0,,No Bias,None
student_064,4,DEFAULT,5.82,8.55,266.0,5.58724865840025,5.0,14.716666666666669,5.0,1.0,1.0,,1.0,,No Bias,None
student_064,5,DEFAULT,8.293333333333335,8.55,850.0,6.7464121285733745,11.0,8.716666666666667,25.0,1.0,1.0,,1.0,,No Bias,None
student_064,6,DEFAULT,8.123333333333333,8.5,0.0,0.0,0.0,0.0,0.0,0.0,0.0,,1.0,,No Bias,None
student_064,7,DEFAULT,9.37,8.25,0.0,0.0,0.0,0.0,0.0,0.0,0.0,,1.0,,No Bias,None
student_064,9,DEFAULT,,8.5,0.0,0.0,0.0,0.0,0.0,0.0,0.0,,1.0,,No Bias,None
