student_id,week,policy,analysis_keep,is_treatment_week,reported_claude_use,comfort,perceived_performance,usefulness,reliability,verification_frequency,alternatives,reliance
student_023,1.0,DEFAULT,True,False,Yes,6.0,5.0,5.0,5.0,3.0,2.0,3.0
student_021,1.0,DEFAULT,True,False,Yes,5.0,4.0,6.0,5.0,3.0,3.0,5.0
student_049,1.0,DEFAULT,True,False,Yes,5.0,6.0,6.0,6.0,2.0,1.0,3.0
student_006,1.0,DEFAULT,True,False,Yes,6.0,6.0,6.0,6.0,4.0,4.0,6.0
student_033,1.0,DEFAULT,True,False,Yes,2.0,6.0,7.0,7.0,4.0,1.0,6.0
student_031,1.0,DEFAULT,True,False,Yes,5.0,5.0,5.0,5.0,3.0,3.0,5.0
student_037,1.0,DEFAULT,True,False,Yes,4.0,4.0,4.0,5.0,4.0,3.0,4.0
student_040,1.0,DEFAULT,True,False,No,,,,,,,
student_024,1.0,DEFAULT,True,False,Yes,5.0,5.0,5.0,4.0,3.0,2.0,5.0
student_039,1.0,DEFAULT,True,False,Yes,6.0,7.0,7.0,6.0,4.0,1.0,5.0
student_001,1.0,DEFAULT,True,False,No,,,,,,,
student_012,1.0,DEFAULT,True,False,Yes,7.0,7.0,7.0,7.0,4.0,3.0,6.0
student_054,1.0,DEFAULT,True,False,Yes,7.0,7.0,7.0,7.0,2.0,3.0,5.0
student_055,1.0,DEFAULT,True,False,No,,,,,,,
student_015,1.0,DEFAULT,True,False,No,,,,,,,
student_052,1.0,DEFAULT,True,False,No,,,,,,,
student_017,1.0,DEFAULT,True,False,No,,,,,,,
student_028,1.0,DEFAULT,True,False,Yes,5.0,5.0,6.0,6.0,4.0,2.0,2.0
student_063,1.0,DEFAULT,True,False,No,,,,,,,
student_013,1.0,DEFAULT,True,False,Yes,5.0,6.0,6.0,5.0,3.0,2.0,5.0
student_003,1.0,DEFAULT,True,False,No,,,,,,,
student_038,1.0,DEFAULT,True,False,Yes,5.0,5.0,5.0,6.0,2.0,3.0,5.0
student_042,1.0,DEFAULT,True,False,Yes,5.0,7.0,7.0,6.0,3.0,3.0,6.0
student_016,1.0,DEFAULT,True,False,Yes,6.0,6.0,6.0,6.0,4.0,2.0,5.0
student_053,1.0,DEFAULT,True,False,No,,,,,,,
student_043,2.0,DEFAULT,True,False,No,,,,,,,
student_007,1.0,DEFAULT,True,False,No,,,,,,,
student_036,1.0,DEFAULT,True,False,No,,,,,,,
student_035,2.0,DEFAULT,True,False,Yes,7.0,7.0,7.0,7.0,4.0,1.0,7.0
student_032,2.0,DEFAULT,True,False,No,,,,,,,
student_002,1.0,DEFAULT,True,False,No,,,,,,,
student_012,2.0,NOVELTY_BIASED,True,True,Yes,5.0,5.0,6.0,6.0,4.0,4.0,6.0
student_003,2.0,DEFAULT,True,False,Yes,5.0,7.0,7.0,5.0,3.0,2.0,6.0
student_031,2.0,DEFAULT,True,False,Yes,4.0,4.0,4.0,4.0,2.0,3.0,5.0
student_023,2.0,DEFAULT,True,False,No,,,,,,,
student_007,2.0,DEFAULT,True,False,No,,,,,,,
student_017,2.0,DEFAULT,True,False,No,,,,,,,
student_044,2.0,DEFAULT,True,False,Yes,5.0,5.0,4.0,4.0,4.0,3.0,5.0
student_001,2.0,DEFAULT,True,False,No,,,,,,,
student_038,2.0,NOVELTY_BIASED,True,True,Yes,6.0,6.0,6.0,6.0,2.0,2.0,4.0
student_050,2.0,DEFAULT,True,False,No,,,,,,,
student_050,1.0,DEFAULT,True,False,No,,,,,,,
student_028,2.0,DEFAULT,True,False,Yes,5.0,5.0,6.0,5.0,4.0,2.0,1.0
student_042,2.0,DEFAULT,True,False,Yes,6.0,7.0,7.0,5.0,2.0,1.0,7.0
student_064,2.0,NOVELTY_BIASED,True,True,No,,,,,,,
student_037,2.0,DEFAULT,True,False,Yes,5.0,5.0,5.0,5.0,3.0,3.0,6.0
student_049,2.0,DEFAULT,True,False,No,,,,,,,
student_002,2.0,DEFAULT,True,False,No,,,,,,,
student_052,2.0,DEFAULT,True,False,No,,,,,,,
student_016,2.0,DEFAULT,True,False,Yes,5.0,6.0,6.0,6.0,3.0,3.0,6.0
student_033,2.0,DEFAULT,True,False,Yes,5.0,7.0,7.0,7.0,4.0,2.0,5.0
student_015,2.0,DEFAULT,True,False,No,,,,,,,
student_050,3.0,DEFAULT,True,False,No,,,,,,,
student_063,2.0,DEFAULT,True,False,No,,,,,,,
student_003,3.0,DEFAULT,True,False,Yes,6.0,5.0,6.0,5.0,3.0,2.0,2.0
student_053,2.0,RELIABILITY_BIASED,True,True,No,,,,,,,
student_053,3.0,DEFAULT,True,False,No,,,,,,,
student_039,3.0,QUESTIONING_ORIENTED,True,True,Yes,5.0,5.0,5.0,5.0,4.0,3.0,4.0
student_024,3.0,DEFAULT,True,False,Yes,5.0,6.0,5.0,5.0,3.0,3.0,5.0
student_028,3.0,DEFAULT,True,False,Yes,5.0,4.0,5.0,5.0,4.0,2.0,2.0
student_052,3.0,DEFAULT,True,False,No,,,,,,,
student_062,3.0,DEFAULT,True,False,Yes,5.0,7.0,7.0,6.0,1.0,2.0,3.0
student_033,3.0,DEFAULT,True,False,Yes,7.0,7.0,7.0,7.0,4.0,3.0,6.0
student_013,3.0,DEFAULT,True,False,No,,,,,,,
student_007,3.0,NEUTRAL,True,True,Yes,7.0,7.0,7.0,7.0,3.0,3.0,6.0
student_058,3.0,RELIABILITY_BIASED,True,True,Yes,5.0,6.0,6.0,5.0,4.0,1.0,4.0
student_043,3.0,QUESTIONING_ORIENTED,True,True,No,,,,,,,
student_032,3.0,DEFAULT,True,False,Yes,3.0,5.0,5.0,5.0,4.0,3.0,5.0
student_031,3.0,DEFAULT,True,False,No,,,,,,,
student_042,3.0,DEFAULT,True,False,Yes,6.0,6.0,6.0,6.0,1.0,1.0,6.0
student_002,3.0,DEFAULT,True,False,No,,,,,,,
student_045,3.0,DEFAULT,True,False,Yes,4.0,3.0,3.0,5.0,4.0,3.0,3.0
student_063,3.0,NOVELTY_BIASED,True,True,Yes,7.0,4.0,4.0,5.0,3.0,2.0,3.0
student_015,3.0,NOVELTY_BIASED,True,True,No,,,,,,,
student_012,3.0,DEFAULT,True,False,No,,,,,,,
student_040,3.0,DEFAULT,True,False,No,,,,,,,
student_017,3.0,DEFAULT,True,False,No,,,,,,,
student_038,3.0,DEFAULT,True,False,No,,,,,,,
student_031,4.0,DEFAULT,True,False,Yes,4.0,4.0,4.0,4.0,2.0,2.0,4.0
student_044,4.0,DEFAULT,True,False,Yes,4.0,4.0,4.0,4.0,3.0,2.0,4.0
student_050,4.0,DEFAULT,True,False,No,,,,,,,
student_015,4.0,DEFAULT,True,False,No,,,,,,,
student_021,4.0,DEFAULT,True,False,Yes,6.0,6.0,6.0,6.0,4.0,4.0,2.0
student_037,4.0,DEFAULT,True,False,Yes,6.0,6.0,6.0,7.0,4.0,3.0,6.0
student_003,4.0,DEFAULT,True,False,Yes,5.0,5.0,6.0,5.0,3.0,1.0,4.0
student_023,4.0,DEFAULT,True,False,No,,,,,,,
student_043,4.0,DEFAULT,True,False,No,,,,,,,
student_053,4.0,QUESTIONING_ORIENTED,True,True,No,,,,,,,
student_007,5.0,DEFAULT,True,False,Yes,7.0,7.0,7.0,7.0,3.0,3.0,6.0
student_049,4.0,DEFAULT,True,False,No,,,,,,,
student_002,4.0,RELIABILITY_BIASED,True,True,Yes,4.0,4.0,4.0,5.0,4.0,2.0,1.0
student_028,5.0,DEFAULT,True,False,Yes,5.0,4.0,4.0,3.0,4.0,2.0,2.0
student_023,5.0,DEFAULT,True,False,No,,,,,,,
student_039,4.0,DEFAULT,True,False,Yes,5.0,5.0,5.0,5.0,4.0,2.0,5.0
student_033,4.0,RELIABILITY_BIASED,True,True,Yes,7.0,7.0,7.0,5.0,4.0,3.0,7.0
student_032,4.0,DEFAULT,True,False,Yes,4.0,5.0,5.0,4.0,4.0,3.0,6.0
student_050,5.0,RELIABILITY_BIASED,True,True,No,,,,,,,
student_023,6.0,RELIABILITY_BIASED,True,True,No,,,,,,,
student_063,4.0,DEFAULT,True,False,Yes,6.0,5.0,6.0,5.0,4.0,2.0,6.0
student_031,5.0,QUESTIONING_ORIENTED,True,True,Yes,5.0,5.0,5.0,5.0,3.0,3.0,5.0
student_052,5.0,DEFAULT,True,False,No,,,,,,,
student_052,4.0,QUESTIONING_ORIENTED,True,True,No,,,,,,,
student_053,5.0,DEFAULT,True,False,No,,,,,,,
student_024,4.0,DEFAULT,True,False,Yes,6.0,5.0,6.0,6.0,3.0,3.0,5.0
student_024,5.0,NOVELTY_BIASED,True,True,Yes,6.0,6.0,5.0,6.0,3.0,3.0,5.0
student_017,5.0,RELIABILITY_BIASED,True,True,No,,,,,,,
student_017,4.0,DEFAULT,True,False,No,,,,,,,
student_012,5.0,DEFAULT,True,False,No,,,,,,,
student_006,4.0,DEFAULT,True,False,Yes,6.0,6.0,6.0,6.0,3.0,2.0,5.0
student_039,5.0,DEFAULT,True,False,Yes,6.0,6.0,6.0,6.0,2.0,3.0,3.0
student_040,4.0,DEFAULT,True,False,Yes,7.0,7.0,7.0,4.0,2.0,4.0,5.0
student_003,5.0,DEFAULT,True,False,Yes,5.0,4.0,5.0,5.0,4.0,2.0,4.0
student_040,5.0,DEFAULT,True,False,Yes,7.0,7.0,7.0,5.0,3.0,2.0,6.0
student_043,5.0,DEFAULT,True,False,No,,,,,,,
student_049,5.0,RELIABILITY_BIASED,True,True,No,,,,,,,
student_007,6.0,DEFAULT,True,False,Yes,7.0,7.0,7.0,7.0,2.0,2.0,7.0
student_002,5.0,DEFAULT,True,False,Yes,5.0,5.0,5.0,4.0,4.0,2.0,4.0
student_038,4.0,DEFAULT,True,False,Yes,6.0,6.0,6.0,6.0,3.0,3.0,5.0
student_038,5.0,DEFAULT,True,False,Yes,6.0,6.0,6.0,6.0,2.0,2.0,5.0
student_063,5.0,RELIABILITY_BIASED,True,True,Yes,5.0,3.0,4.0,6.0,3.0,2.0,5.0
student_033,5.0,DEFAULT,True,False,Yes,7.0,7.0,7.0,4.0,4.0,3.0,6.0
student_032,5.0,DEFAULT,True,False,Yes,5.0,6.0,6.0,6.0,3.0,3.0,6.0
student_013,6.0,DEFAULT,True,False,Yes,5.0,5.0,5.0,5.0,4.0,3.0,4.0
student_037,6.0,DEFAULT,True,False,Yes,7.0,7.0,7.0,7.0,4.0,4.0,6.0
student_035,4.0,DEFAULT,True,False,No,,,,,,,
student_035,5.0,QUESTIONING_ORIENTED,True,True,Yes,3.0,3.0,5.0,3.0,4.0,1.0,4.0
student_022,6.0,DEFAULT,True,False,Yes,7.0,7.0,7.0,7.0,4.0,3.0,5.0
student_039,6.0,DEFAULT,True,False,No,,,,,,,
student_049,6.0,DEFAULT,True,False,No,,,,,,,
student_003,6.0,RELIABILITY_BIASED,True,True,Yes,6.0,6.0,6.0,4.0,3.0,2.0,6.0
student_007,7.0,DEFAULT,True,False,Yes,7.0,7.0,7.0,7.0,3.0,3.0,6.0
student_040,6.0,DEFAULT,True,False,Yes,3.0,2.0,3.0,2.0,4.0,1.0,2.0
student_052,6.0,DEFAULT,True,False,No,,,,,,,
student_043,6.0,NEUTRAL,True,True,No,,,,,,,
student_053,6.0,DEFAULT,True,False,No,,,,,,,
student_012,6.0,DEFAULT,True,False,Yes,5.0,6.0,6.0,5.0,4.0,3.0,6.0
student_017,6.0,DEFAULT,True,False,No,,,,,,,
student_063,7.0,DEFAULT,True,False,Yes,6.0,5.0,6.0,7.0,4.0,3.0,6.0
student_015,5.0,DEFAULT,True,False,No,,,,,,,
student_015,6.0,RELIABILITY_BIASED,True,True,No,,,,,,,
student_002,6.0,DEFAULT,True,False,No,,,,,,,
student_028,6.0,DEFAULT,True,False,Yes,2.0,5.0,5.0,6.0,4.0,3.0,1.0
student_033,6.0,DEFAULT,True,False,Yes,6.0,7.0,7.0,6.0,4.0,3.0,7.0
student_045,7.0,DEFAULT,True,False,Yes,5.0,5.0,6.0,7.0,4.0,3.0,5.0
student_003,7.0,DEFAULT,True,False,Yes,6.0,5.0,5.0,4.0,4.0,2.0,5.0
student_039,7.0,DEFAULT,True,False,No,,,,,,,
student_049,7.0,DEFAULT,True,False,No,,,,,,,
student_017,7.0,NEUTRAL,True,True,No,,,,,,,
student_022,7.0,DEFAULT,True,False,Yes,7.0,7.0,7.0,5.0,4.0,3.0,5.0
student_050,7.0,DEFAULT,True,False,No,,,,,,,
student_035,7.0,DEFAULT,True,False,No,,,,,,,
student_040,7.0,QUESTIONING_ORIENTED,True,True,Yes,3.0,4.0,4.0,2.0,3.0,2.0,3.0
student_031,7.0,DEFAULT,True,False,Yes,5.0,5.0,5.0,5.0,2.0,2.0,5.0
student_043,7.0,DEFAULT,True,False,No,,,,,,,
student_028,7.0,NOVELTY_BIASED,True,True,Yes,4.0,5.0,5.0,5.0,4.0,3.0,2.0
student_052,7.0,NEUTRAL,True,True,No,,,,,,,
student_002,7.0,DEFAULT,True,False,No,,,,,,,
student_007,8.0,DEFAULT,True,False,Yes,7.0,7.0,7.0,7.0,3.0,3.0,6.0
student_015,7.0,DEFAULT,True,False,No,,,,,,,
student_033,7.0,QUESTIONING_ORIENTED,True,True,Yes,7.0,7.0,7.0,7.0,4.0,3.0,7.0
student_046,8.0,DEFAULT,True,False,Yes,5.0,5.0,4.0,3.0,3.0,2.0,5.0
student_022,8.0,DEFAULT,True,False,Yes,7.0,7.0,7.0,5.0,4.0,4.0,7.0
student_028,8.0,DEFAULT,True,False,Yes,3.0,5.0,5.0,6.0,4.0,1.0,2.0
student_022,4.0,QUESTIONING_ORIENTED,True,True,Yes,7.0,7.0,7.0,6.0,4.0,4.0,7.0
student_022,5.0,DEFAULT,True,False,Yes,7.0,7.0,7.0,7.0,4.0,4.0,7.0
student_055,8.0,DEFAULT,True,False,No,,,,,,,
student_049,8.0,DEFAULT,True,False,No,,,,,,,
student_031,9.0,RELIABILITY_BIASED,True,True,Yes,5.0,5.0,5.0,5.0,2.0,3.0,5.0
student_040,8.0,DEFAULT,True,False,Yes,5.0,6.0,5.0,3.0,4.0,2.0,4.0
student_035,8.0,DEFAULT,True,False,No,,,,,,,
student_035,9.0,NOVELTY_BIASED,True,True,No,,,,,,,
student_007,9.0,NOVELTY_BIASED,True,True,Yes,6.0,6.0,6.0,6.0,3.0,3.0,6.0
student_042,5.0,DEFAULT,True,False,Yes,6.0,5.0,6.0,6.0,1.0,3.0,4.0
student_042,7.0,NEUTRAL,True,True,Yes,6.0,5.0,6.0,6.0,1.0,3.0,4.0
student_042,8.0,DEFAULT,True,False,Yes,6.0,6.0,5.0,6.0,1.0,3.0,4.0
student_042,9.0,DEFAULT,True,False,Yes,6.0,4.0,6.0,6.0,1.0,3.0,4.0
student_043,9.0,DEFAULT,True,False,No,,,,,,,
student_049,9.0,DEFAULT,True,False,No,,,,,,,
student_022,9.0,DEFAULT,True,False,Yes,5.0,4.0,5.0,3.0,4.0,2.0,4.0
student_039,9.0,NOVELTY_BIASED,True,True,Yes,6.0,5.0,5.0,5.0,3.0,3.0,4.0
