student_id,week,policy,treatment_order,combined_all_asgn_score,combined_all_memo_score,academic_level,prior_prog,prior_ml,n_languages,use_learning,use_coding,use_writing,hours_ai_7d,verify_freq,eval_confidence,prior_ide_tool,n_ai_tools,claude_freq,n_ai_settings,n_ai_tasks,pref_reliable,pref_novel,pref_safe_pressure,enjoy_explore,pref_one_answer,pref_several,stop_good_enough,effort_better,comfort_reject,worry_dependence,expect_learn
student_001,1,DEFAULT,,9.296666666666669,,Master's student,3.0,3.0,6.0,4.0,4.0,4.0,25.0,3.0,7.0,Yes,3.0,0.0,1.0,3.0,5.0,7.0,3.0,7.0,5.0,5.0,6.0,6.0,7.0,6.0,1.0
student_001,2,DEFAULT,,7.563333333333333,7.866666666666667,Master's student,3.0,3.0,6.0,4.0,4.0,4.0,25.0,3.0,7.0,Yes,3.0,0.0,1.0,3.0,5.0,7.0,3.0,7.0,5.0,5.0,6.0,6.0,7.0,6.0,1.0
student_001,3,NOVELTY_BIASED,1,,7.866666666666667,Master's student,3.0,3.0,6.0,4.0,4.0,4.0,25.0,3.0,7.0,Yes,3.0,0.0,1.0,3.0,5.0,7.0,3.0,7.0,5.0,5.0,6.0,6.0,7.0,6.0,1.0
student_001,4,DEFAULT,,,7.233333333333333,Master's student,3.0,3.0,6.0,4.0,4.0,4.0,25.0,3.0,7.0,Yes,3.0,0.0,1.0,3.0,5.0,7.0,3.0,7.0,5.0,5.0,6.0,6.0,7.0,6.0,1.0
student_001,5,DEFAULT,,,7.866666666666667,Master's student,3.0,3.0,6.0,4.0,4.0,4.0,25.0,3.0,7.0,Yes,3.0,0.0,1.0,3.0,5.0,7.0,3.0,7.0,5.0,5.0,6.0,6.0,7.0,6.0,1.0
student_001,7,DEFAULT,,9.446666666666667,7.7,Master's student,3.0,3.0,6.0,4.0,4.0,4.0,25.0,3.0,7.0,Yes,3.0,0.0,1.0,3.0,5.0,7.0,3.0,7.0,5.0,5.0,6.0,6.0,7.0,6.0,1.0
student_001,8,DEFAULT,,8.89,6.733333333333333,Master's student,3.0,3.0,6.0,4.0,4.0,4.0,25.0,3.0,7.0,Yes,3.0,0.0,1.0,3.0,5.0,7.0,3.0,7.0,5.0,5.0,6.0,6.0,7.0,6.0,1.0
student_001,9,DEFAULT,,9.27,8.166666666666666,Master's student,3.0,3.0,6.0,4.0,4.0,4.0,25.0,3.0,7.0,Yes,3.0,0.0,1.0,3.0,5.0,7.0,3.0,7.0,5.0,5.0,6.0,6.0,7.0,6.0,1.0
student_002,1,DEFAULT,,9.166666666666666,,Master's student,2.0,2.0,4.0,1.0,1.0,0.0,0.0,3.0,6.0,No,0.0,0.0,0.0,0.0,5.0,4.0,6.0,6.0,3.0,6.0,4.0,5.0,7.0,6.0,5.0
student_002,2,DEFAULT,,9.37,5.599999999999999,Master's student,2.0,2.0,4.0,1.0,1.0,0.0,0.0,3.0,6.0,No,0.0,0.0,0.0,0.0,5.0,4.0,6.0,6.0,3.0,6.0,4.0,5.0,7.0,6.0,5.0
student_002,3,DEFAULT,,7.053333333333334,6.933333333333334,Master's student,2.0,2.0,4.0,1.0,1.0,0.0,0.0,3.0,6.0,No,0.0,0.0,0.0,0.0,5.0,4.0,6.0,6.0,3.0,6.0,4.0,5.0,7.0,6.0,5.0
student_002,4,RELIABILITY_BIASED,1,8.736666666666666,6.6000000000000005,Master's student,2.0,2.0,4.0,1.0,1.0,0.0,0.0,3.0,6.0,No,0.0,0.0,0.0,0.0,5.0,4.0,6.0,6.0,3.0,6.0,4.0,5.0,7.0,6.0,5.0
student_002,5,DEFAULT,,9.083333333333334,6.266666666666667,Master's student,2.0,2.0,4.0,1.0,1.0,0.0,0.0,3.0,6.0,No,0.0,0.0,0.0,0.0,5.0,4.0,6.0,6.0,3.0,6.0,4.0,5.0,7.0,6.0,5.0
student_002,6,DEFAULT,,9.686666666666667,6.666666666666667,Master's student,2.0,2.0,4.0,1.0,1.0,0.0,0.0,3.0,6.0,No,0.0,0.0,0.0,0.0,5.0,4.0,6.0,6.0,3.0,6.0,4.0,5.0,7.0,6.0,5.0
student_002,7,DEFAULT,,9.443333333333332,7.433333333333334,Master's student,2.0,2.0,4.0,1.0,1.0,0.0,0.0,3.0,6.0,No,0.0,0.0,0.0,0.0,5.0,4.0,6.0,6.0,3.0,6.0,4.0,5.0,7.0,6.0,5.0
student_002,8,DEFAULT,,9.043333333333331,6.3999999999999995,Master's student,2.0,2.0,4.0,1.0,1.0,0.0,0.0,3.0,6.0,No,0.0,0.0,0.0,0.0,5.0,4.0,6.0,6.0,3.0,6.0,4.0,5.0,7.0,6.0,5.0
student_003,1,DEFAULT,,8.926666666666668,,Master's student,2.0,2.0,4.0,3.0,3.0,3.0,3.0,3.0,4.0,Yes,1.0,1.0,4.0,3.0,5.0,4.0,6.0,7.0,1.0,7.0,3.0,5.0,6.0,7.0,6.0
student_003,2,DEFAULT,,9.416666666666666,8.033333333333333,Master's student,2.0,2.0,4.0,3.0,3.0,3.0,3.0,3.0,4.0,Yes,1.0,1.0,4.0,3.0,5.0,4.0,6.0,7.0,1.0,7.0,3.0,5.0,6.0,7.0,6.0
student_003,3,DEFAULT,,8.313333333333333,8.666666666666666,Master's student,2.0,2.0,4.0,3.0,3.0,3.0,3.0,3.0,4.0,Yes,1.0,1.0,4.0,3.0,5.0,4.0,6.0,7.0,1.0,7.0,3.0,5.0,6.0,7.0,6.0
student_003,4,DEFAULT,,9.303333333333333,8.766666666666667,Master's student,2.0,2.0,4.0,3.0,3.0,3.0,3.0,3.0,4.0,Yes,1.0,1.0,4.0,3.0,5.0,4.0,6.0,7.0,1.0,7.0,3.0,5.0,6.0,7.0,6.0
student_003,5,DEFAULT,,8.766666666666667,8.266666666666667,Master's student,2.0,2.0,4.0,3.0,3.0,3.0,3.0,3.0,4.0,Yes,1.0,1.0,4.0,3.0,5.0,4.0,6.0,7.0,1.0,7.0,3.0,5.0,6.0,7.0,6.0
student_003,6,RELIABILITY_BIASED,1,9.896666666666668,8.566666666666666,Master's student,2.0,2.0,4.0,3.0,3.0,3.0,3.0,3.0,4.0,Yes,1.0,1.0,4.0,3.0,5.0,4.0,6.0,7.0,1.0,7.0,3.0,5.0,6.0,7.0,6.0
student_003,7,DEFAULT,,9.536666666666669,8.133333333333333,Master's student,2.0,2.0,4.0,3.0,3.0,3.0,3.0,3.0,4.0,Yes,1.0,1.0,4.0,3.0,5.0,4.0,6.0,7.0,1.0,7.0,3.0,5.0,6.0,7.0,6.0
student_003,8,DEFAULT,,8.07,7.466666666666666,Master's student,2.0,2.0,4.0,3.0,3.0,3.0,3.0,3.0,4.0,Yes,1.0,1.0,4.0,3.0,5.0,4.0,6.0,7.0,1.0,7.0,3.0,5.0,6.0,7.0,6.0
student_003,9,NOVELTY_BIASED,2,,7.733333333333333,Master's student,2.0,2.0,4.0,3.0,3.0,3.0,3.0,3.0,4.0,Yes,1.0,1.0,4.0,3.0,5.0,4.0,6.0,7.0,1.0,7.0,3.0,5.0,6.0,7.0,6.0
student_006,1,DEFAULT,,9.443333333333332,,Master's student,2.0,2.0,3.0,3.0,3.0,3.0,3.0,4.0,6.0,Yes,4.0,2.0,3.0,3.0,6.0,7.0,7.0,6.0,3.0,6.0,4.0,6.0,7.0,7.0,7.0
student_006,2,RELIABILITY_BIASED,1,6.786666666666666,8.233333333333333,Master's student,2.0,2.0,3.0,3.0,3.0,3.0,3.0,4.0,6.0,Yes,4.0,2.0,3.0,3.0,6.0,7.0,7.0,6.0,3.0,6.0,4.0,6.0,7.0,7.0,7.0
student_006,3,DEFAULT,,7.936666666666667,7.5,Master's student,2.0,2.0,3.0,3.0,3.0,3.0,3.0,4.0,6.0,Yes,4.0,2.0,3.0,3.0,6.0,7.0,7.0,6.0,3.0,6.0,4.0,6.0,7.0,7.0,7.0
student_006,4,DEFAULT,,9.013333333333334,8.700000000000001,Master's student,2.0,2.0,3.0,3.0,3.0,3.0,3.0,4.0,6.0,Yes,4.0,2.0,3.0,3.0,6.0,7.0,7.0,6.0,3.0,6.0,4.0,6.0,7.0,7.0,7.0
student_006,5,DEFAULT,,8.703333333333333,8.1,Master's student,2.0,2.0,3.0,3.0,3.0,3.0,3.0,4.0,6.0,Yes,4.0,2.0,3.0,3.0,6.0,7.0,7.0,6.0,3.0,6.0,4.0,6.0,7.0,7.0,7.0
student_006,6,DEFAULT,,8.873333333333333,8.333333333333334,Master's student,2.0,2.0,3.0,3.0,3.0,3.0,3.0,4.0,6.0,Yes,4.0,2.0,3.0,3.0,6.0,7.0,7.0,6.0,3.0,6.0,4.0,6.0,7.0,7.0,7.0
student_006,8,DEFAULT,,,8.266666666666667,Master's student,2.0,2.0,3.0,3.0,3.0,3.0,3.0,4.0,6.0,Yes,4.0,2.0,3.0,3.0,6.0,7.0,7.0,6.0,3.0,6.0,4.0,6.0,7.0,7.0,7.0
student_006,9,DEFAULT,,,8.333333333333334,Master's student,2.0,2.0,3.0,3.0,3.0,3.0,3.0,4.0,6.0,Yes,4.0,2.0,3.0,3.0,6.0,7.0,7.0,6.0,3.0,6.0,4.0,6.0,7.0,7.0,7.0
student_007,1,DEFAULT,,8.833333333333334,,Master's student,1.0,1.0,3.0,3.0,3.0,3.0,15.0,3.0,4.0,Yes,1.0,0.0,2.0,2.0,6.0,4.0,7.0,7.0,3.0,6.0,4.0,4.0,7.0,5.0,6.0
student_007,2,DEFAULT,,7.38,6.066666666666666,Master's student,1.0,1.0,3.0,3.0,3.0,3.0,15.0,3.0,4.0,Yes,1.0,0.0,2.0,2.0,6.0,4.0,7.0,7.0,3.0,6.0,4.0,4.0,7.0,5.0,6.0
student_007,4,DEFAULT,,9.82,8.033333333333333,Master's student,1.0,1.0,3.0,3.0,3.0,3.0,15.0,3.0,4.0,Yes,1.0,0.0,2.0,2.0,6.0,4.0,7.0,7.0,3.0,6.0,4.0,4.0,7.0,5.0,6.0
student_007,5,DEFAULT,,9.436666666666667,7.266666666666667,Master's student,1.0,1.0,3.0,3.0,3.0,3.0,15.0,3.0,4.0,Yes,1.0,0.0,2.0,2.0,6.0,4.0,7.0,7.0,3.0,6.0,4.0,4.0,7.0,5.0,6.0
student_007,6,DEFAULT,,10.0,7.133333333333333,Master's student,1.0,1.0,3.0,3.0,3.0,3.0,15.0,3.0,4.0,Yes,1.0,0.0,2.0,2.0,6.0,4.0,7.0,7.0,3.0,6.0,4.0,4.0,7.0,5.0,6.0
student_007,7,DEFAULT,,9.63,8.433333333333334,Master's student,1.0,1.0,3.0,3.0,3.0,3.0,15.0,3.0,4.0,Yes,1.0,0.0,2.0,2.0,6.0,4.0,7.0,7.0,3.0,6.0,4.0,4.0,7.0,5.0,6.0
student_007,8,DEFAULT,,9.863333333333332,7.133333333333333,Master's student,1.0,1.0,3.0,3.0,3.0,3.0,15.0,3.0,4.0,Yes,1.0,0.0,2.0,2.0,6.0,4.0,7.0,7.0,3.0,6.0,4.0,4.0,7.0,5.0,6.0
student_007,9,NOVELTY_BIASED,2,9.533333333333331,7.333333333333333,Master's student,1.0,1.0,3.0,3.0,3.0,3.0,15.0,3.0,4.0,Yes,1.0,0.0,2.0,2.0,6.0,4.0,7.0,7.0,3.0,6.0,4.0,4.0,7.0,5.0,6.0
student_012,1,DEFAULT,,9.296666666666669,,Master's student,1.0,1.0,4.0,4.0,3.0,3.0,15.0,3.0,5.0,Yes,3.0,1.0,4.0,3.0,5.0,6.0,7.0,4.0,5.0,5.0,4.0,7.0,7.0,6.0,6.0
student_012,2,NOVELTY_BIASED,1,9.63,7.866666666666667,Master's student,1.0,1.0,4.0,4.0,3.0,3.0,15.0,3.0,5.0,Yes,3.0,1.0,4.0,3.0,5.0,6.0,7.0,4.0,5.0,5.0,4.0,7.0,7.0,6.0,6.0
student_012,3,DEFAULT,,9.446666666666667,8.033333333333333,Master's student,1.0,1.0,4.0,4.0,3.0,3.0,15.0,3.0,5.0,Yes,3.0,1.0,4.0,3.0,5.0,6.0,7.0,4.0,5.0,5.0,4.0,7.0,7.0,6.0,6.0
student_012,4,DEFAULT,,8.223333333333334,8.1,Master's student,1.0,1.0,4.0,4.0,3.0,3.0,15.0,3.0,5.0,Yes,3.0,1.0,4.0,3.0,5.0,6.0,7.0,4.0,5.0,5.0,4.0,7.0,7.0,6.0,6.0
student_012,5,DEFAULT,,8.973333333333334,8.233333333333333,Master's student,1.0,1.0,4.0,4.0,3.0,3.0,15.0,3.0,5.0,Yes,3.0,1.0,4.0,3.0,5.0,6.0,7.0,4.0,5.0,5.0,4.0,7.0,7.0,6.0,6.0
student_012,6,DEFAULT,,8.126666666666667,6.466666666666666,Master's student,1.0,1.0,4.0,4.0,3.0,3.0,15.0,3.0,5.0,Yes,3.0,1.0,4.0,3.0,5.0,6.0,7.0,4.0,5.0,5.0,4.0,7.0,7.0,6.0,6.0
student_012,7,DEFAULT,,7.816666666666667,7.066666666666666,Master's student,1.0,1.0,4.0,4.0,3.0,3.0,15.0,3.0,5.0,Yes,3.0,1.0,4.0,3.0,5.0,6.0,7.0,4.0,5.0,5.0,4.0,7.0,7.0,6.0,6.0
student_012,8,DEFAULT,,8.0,6.966666666666666,Master's student,1.0,1.0,4.0,4.0,3.0,3.0,15.0,3.0,5.0,Yes,3.0,1.0,4.0,3.0,5.0,6.0,7.0,4.0,5.0,5.0,4.0,7.0,7.0,6.0,6.0
student_013,1,DEFAULT,,9.073333333333332,,Master's student,1.0,1.0,4.0,1.0,1.0,3.0,15.0,3.0,6.0,Not sure,1.0,0.0,2.0,3.0,5.0,6.0,7.0,6.0,2.0,6.0,5.0,5.0,5.0,7.0,5.0
student_013,2,DEFAULT,,8.61,6.533333333333334,Master's student,1.0,1.0,4.0,1.0,1.0,3.0,15.0,3.0,6.0,Not sure,1.0,0.0,2.0,3.0,5.0,6.0,7.0,6.0,2.0,6.0,5.0,5.0,5.0,7.0,5.0
student_013,3,DEFAULT,,7.413333333333334,7.966666666666666,Master's student,1.0,1.0,4.0,1.0,1.0,3.0,15.0,3.0,6.0,Not sure,1.0,0.0,2.0,3.0,5.0,6.0,7.0,6.0,2.0,6.0,5.0,5.0,5.0,7.0,5.0
student_013,4,DEFAULT,,9.86,8.466666666666667,Master's student,1.0,1.0,4.0,1.0,1.0,3.0,15.0,3.0,6.0,Not sure,1.0,0.0,2.0,3.0,5.0,6.0,7.0,6.0,2.0,6.0,5.0,5.0,5.0,7.0,5.0
student_013,6,DEFAULT,,8.96,8.533333333333333,Master's student,1.0,1.0,4.0,1.0,1.0,3.0,15.0,3.0,6.0,Not sure,1.0,0.0,2.0,3.0,5.0,6.0,7.0,6.0,2.0,6.0,5.0,5.0,5.0,7.0,5.0
student_013,7,NOVELTY_BIASED,2,7.686666666666667,8.266666666666667,Master's student,1.0,1.0,4.0,1.0,1.0,3.0,15.0,3.0,6.0,Not sure,1.0,0.0,2.0,3.0,5.0,6.0,7.0,6.0,2.0,6.0,5.0,5.0,5.0,7.0,5.0
student_013,8,DEFAULT,,8.0,6.933333333333334,Master's student,1.0,1.0,4.0,1.0,1.0,3.0,15.0,3.0,6.0,Not sure,1.0,0.0,2.0,3.0,5.0,6.0,7.0,6.0,2.0,6.0,5.0,5.0,5.0,7.0,5.0
student_013,9,DEFAULT,,9.793333333333337,7.166666666666667,Master's student,1.0,1.0,4.0,1.0,1.0,3.0,15.0,3.0,6.0,Not sure,1.0,0.0,2.0,3.0,5.0,6.0,7.0,6.0,2.0,6.0,5.0,5.0,5.0,7.0,5.0
student_015,1,DEFAULT,,9.816666666666666,,Master's student,2.0,2.0,3.0,2.0,2.0,2.0,7.5,4.0,4.0,Yes,3.0,0.0,2.0,3.0,5.0,5.0,5.0,7.0,3.0,7.0,2.0,7.0,7.0,4.0,7.0
student_015,2,DEFAULT,,9.166666666666666,8.700000000000001,Master's student,2.0,2.0,3.0,2.0,2.0,2.0,7.5,4.0,4.0,Yes,3.0,0.0,2.0,3.0,5.0,5.0,5.0,7.0,3.0,7.0,2.0,7.0,7.0,4.0,7.0
student_015,3,NOVELTY_BIASED,1,9.01,8.5,Master's student,2.0,2.0,3.0,2.0,2.0,2.0,7.5,4.0,4.0,Yes,3.0,0.0,2.0,3.0,5.0,5.0,5.0,7.0,3.0,7.0,2.0,7.0,7.0,4.0,7.0
student_015,4,DEFAULT,,9.833333333333334,7.966666666666666,Master's student,2.0,2.0,3.0,2.0,2.0,2.0,7.5,4.0,4.0,Yes,3.0,0.0,2.0,3.0,5.0,5.0,5.0,7.0,3.0,7.0,2.0,7.0,7.0,4.0,7.0
student_015,5,DEFAULT,,9.673333333333334,8.9,Master's student,2.0,2.0,3.0,2.0,2.0,2.0,7.5,4.0,4.0,Yes,3.0,0.0,2.0,3.0,5.0,5.0,5.0,7.0,3.0,7.0,2.0,7.0,7.0,4.0,7.0
student_015,6,RELIABILITY_BIASED,2,9.833333333333334,8.066666666666668,Master's student,2.0,2.0,3.0,2.0,2.0,2.0,7.5,4.0,4.0,Yes,3.0,0.0,2.0,3.0,5.0,5.0,5.0,7.0,3.0,7.0,2.0,7.0,7.0,4.0,7.0
student_015,7,DEFAULT,,10.0,8.299999999999999,Master's student,2.0,2.0,3.0,2.0,2.0,2.0,7.5,4.0,4.0,Yes,3.0,0.0,2.0,3.0,5.0,5.0,5.0,7.0,3.0,7.0,2.0,7.0,7.0,4.0,7.0
student_015,8,DEFAULT,,10.0,8.866666666666667,Master's student,2.0,2.0,3.0,2.0,2.0,2.0,7.5,4.0,4.0,Yes,3.0,0.0,2.0,3.0,5.0,5.0,5.0,7.0,3.0,7.0,2.0,7.0,7.0,4.0,7.0
student_015,9,DEFAULT,,,8.566666666666666,Master's student,2.0,2.0,3.0,2.0,2.0,2.0,7.5,4.0,4.0,Yes,3.0,0.0,2.0,3.0,5.0,5.0,5.0,7.0,3.0,7.0,2.0,7.0,7.0,4.0,7.0
student_016,1,DEFAULT,,9.536666666666669,,Master's student,1.0,1.0,4.0,3.0,3.0,2.0,7.5,4.0,5.0,No,0.0,0.0,0.0,0.0,4.0,3.0,6.0,5.0,3.0,6.0,6.0,5.0,7.0,5.0,6.0
student_016,2,DEFAULT,,8.233333333333334,7.0,Master's student,1.0,1.0,4.0,3.0,3.0,2.0,7.5,4.0,5.0,No,0.0,0.0,0.0,0.0,4.0,3.0,6.0,5.0,3.0,6.0,6.0,5.0,7.0,5.0,6.0
student_016,3,RELIABILITY_BIASED,1,8.700000000000001,7.2,Master's student,1.0,1.0,4.0,3.0,3.0,2.0,7.5,4.0,5.0,No,0.0,0.0,0.0,0.0,4.0,3.0,6.0,5.0,3.0,6.0,6.0,5.0,7.0,5.0,6.0
student_016,4,DEFAULT,,8.65,8.833333333333334,Master's student,1.0,1.0,4.0,3.0,3.0,2.0,7.5,4.0,5.0,No,0.0,0.0,0.0,0.0,4.0,3.0,6.0,5.0,3.0,6.0,6.0,5.0,7.0,5.0,6.0
student_016,6,DEFAULT,,9.583333333333334,9.233333333333333,Master's student,1.0,1.0,4.0,3.0,3.0,2.0,7.5,4.0,5.0,No,0.0,0.0,0.0,0.0,4.0,3.0,6.0,5.0,3.0,6.0,6.0,5.0,7.0,5.0,6.0
student_016,7,DEFAULT,,,8.5,Master's student,1.0,1.0,4.0,3.0,3.0,2.0,7.5,4.0,5.0,No,0.0,0.0,0.0,0.0,4.0,3.0,6.0,5.0,3.0,6.0,6.0,5.0,7.0,5.0,6.0
student_016,8,DEFAULT,,,7.566666666666666,Master's student,1.0,1.0,4.0,3.0,3.0,2.0,7.5,4.0,5.0,No,0.0,0.0,0.0,0.0,4.0,3.0,6.0,5.0,3.0,6.0,6.0,5.0,7.0,5.0,6.0
student_016,9,DEFAULT,,,9.333333333333334,Master's student,1.0,1.0,4.0,3.0,3.0,2.0,7.5,4.0,5.0,No,0.0,0.0,0.0,0.0,4.0,3.0,6.0,5.0,3.0,6.0,6.0,5.0,7.0,5.0,6.0
student_017,1,DEFAULT,,8.906666666666666,,Master's student,2.0,1.0,6.0,2.0,2.0,1.0,3.0,2.0,5.0,Yes,3.0,0.0,3.0,3.0,3.0,5.0,6.0,6.0,2.0,6.0,2.0,6.0,6.0,5.0,6.0
student_017,2,DEFAULT,,5.890000000000001,7.666666666666667,Master's student,2.0,1.0,6.0,2.0,2.0,1.0,3.0,2.0,5.0,Yes,3.0,0.0,3.0,3.0,3.0,5.0,6.0,6.0,2.0,6.0,2.0,6.0,6.0,5.0,6.0
student_017,3,DEFAULT,,8.41,7.866666666666667,Master's student,2.0,1.0,6.0,2.0,2.0,1.0,3.0,2.0,5.0,Yes,3.0,0.0,3.0,3.0,3.0,5.0,6.0,6.0,2.0,6.0,2.0,6.0,6.0,5.0,6.0
student_017,4,DEFAULT,,9.736666666666666,8.299999999999999,Master's student,2.0,1.0,6.0,2.0,2.0,1.0,3.0,2.0,5.0,Yes,3.0,0.0,3.0,3.0,3.0,5.0,6.0,6.0,2.0,6.0,2.0,6.0,6.0,5.0,6.0
student_017,5,RELIABILITY_BIASED,1,9.273333333333332,7.866666666666667,Master's student,2.0,1.0,6.0,2.0,2.0,1.0,3.0,2.0,5.0,Yes,3.0,0.0,3.0,3.0,3.0,5.0,6.0,6.0,2.0,6.0,2.0,6.0,6.0,5.0,6.0
student_017,6,DEFAULT,,8.479999999999999,7.4,Master's student,2.0,1.0,6.0,2.0,2.0,1.0,3.0,2.0,5.0,Yes,3.0,0.0,3.0,3.0,3.0,5.0,6.0,6.0,2.0,6.0,2.0,6.0,6.0,5.0,6.0
student_017,8,DEFAULT,,,7.0,Master's student,2.0,1.0,6.0,2.0,2.0,1.0,3.0,2.0,5.0,Yes,3.0,0.0,3.0,3.0,3.0,5.0,6.0,6.0,2.0,6.0,2.0,6.0,6.0,5.0,6.0
student_017,9,DEFAULT,,,,Master's student,2.0,1.0,6.0,2.0,2.0,1.0,3.0,2.0,5.0,Yes,3.0,0.0,3.0,3.0,3.0,5.0,6.0,6.0,2.0,6.0,2.0,6.0,6.0,5.0,6.0
student_021,1,DEFAULT,,9.166666666666666,,Master's student,3.0,2.0,5.0,3.0,4.0,3.0,15.0,3.0,6.0,Yes,1.0,0.0,3.0,3.0,2.0,6.0,2.0,7.0,2.0,6.0,3.0,6.0,6.0,5.0,6.0
student_021,2,DEFAULT,,8.979999999999999,8.1,Master's student,3.0,2.0,5.0,3.0,4.0,3.0,15.0,3.0,6.0,Yes,1.0,0.0,3.0,3.0,2.0,6.0,2.0,7.0,2.0,6.0,3.0,6.0,6.0,5.0,6.0
student_021,3,DEFAULT,,7.986666666666667,8.533333333333333,Master's student,3.0,2.0,5.0,3.0,4.0,3.0,15.0,3.0,6.0,Yes,1.0,0.0,3.0,3.0,2.0,6.0,2.0,7.0,2.0,6.0,3.0,6.0,6.0,5.0,6.0
student_021,4,DEFAULT,,8.82,8.1,Master's student,3.0,2.0,5.0,3.0,4.0,3.0,15.0,3.0,6.0,Yes,1.0,0.0,3.0,3.0,2.0,6.0,2.0,7.0,2.0,6.0,3.0,6.0,6.0,5.0,6.0
student_021,6,DEFAULT,,9.583333333333334,5.966666666666666,Master's student,3.0,2.0,5.0,3.0,4.0,3.0,15.0,3.0,6.0,Yes,1.0,0.0,3.0,3.0,2.0,6.0,2.0,7.0,2.0,6.0,3.0,6.0,6.0,5.0,6.0
student_021,7,DEFAULT,,,7.6,Master's student,3.0,2.0,5.0,3.0,4.0,3.0,15.0,3.0,6.0,Yes,1.0,0.0,3.0,3.0,2.0,6.0,2.0,7.0,2.0,6.0,3.0,6.0,6.0,5.0,6.0
student_021,8,RELIABILITY_BIASED,2,,7.833333333333333,Master's student,3.0,2.0,5.0,3.0,4.0,3.0,15.0,3.0,6.0,Yes,1.0,0.0,3.0,3.0,2.0,6.0,2.0,7.0,2.0,6.0,3.0,6.0,6.0,5.0,6.0
student_021,9,DEFAULT,,,7.833333333333333,Master's student,3.0,2.0,5.0,3.0,4.0,3.0,15.0,3.0,6.0,Yes,1.0,0.0,3.0,3.0,2.0,6.0,2.0,7.0,2.0,6.0,3.0,6.0,6.0,5.0,6.0
student_022,1,DEFAULT,,,,Master's student,3.0,2.0,4.0,4.0,1.0,2.0,0.0,3.0,6.0,Yes,3.0,0.0,4.0,3.0,6.0,7.0,7.0,5.0,2.0,7.0,5.0,5.0,7.0,7.0,7.0
student_022,3,DEFAULT,,5.71,7.5,Master's student,3.0,2.0,4.0,4.0,1.0,2.0,0.0,3.0,6.0,Yes,3.0,0.0,4.0,3.0,6.0,7.0,7.0,5.0,2.0,7.0,5.0,5.0,7.0,7.0,7.0
student_022,5,DEFAULT,,8.229999999999999,,Master's student,3.0,2.0,4.0,4.0,1.0,2.0,0.0,3.0,6.0,Yes,3.0,0.0,4.0,3.0,6.0,7.0,7.0,5.0,2.0,7.0,5.0,5.0,7.0,7.0,7.0
student_022,6,DEFAULT,,10.0,7.7,Master's student,3.0,2.0,4.0,4.0,1.0,2.0,0.0,3.0,6.0,Yes,3.0,0.0,4.0,3.0,6.0,7.0,7.0,5.0,2.0,7.0,5.0,5.0,7.0,7.0,7.0
student_022,7,DEFAULT,,9.073333333333332,8.666666666666666,Master's student,3.0,2.0,4.0,4.0,1.0,2.0,0.0,3.0,6.0,Yes,3.0,0.0,4.0,3.0,6.0,7.0,7.0,5.0,2.0,7.0,5.0,5.0,7.0,7.0,7.0
student_022,8,DEFAULT,,9.026666666666666,6.966666666666666,Master's student,3.0,2.0,4.0,4.0,1.0,2.0,0.0,3.0,6.0,Yes,3.0,0.0,4.0,3.0,6.0,7.0,7.0,5.0,2.0,7.0,5.0,5.0,7.0,7.0,7.0
student_022,9,DEFAULT,,9.146666666666668,8.4,Master's student,3.0,2.0,4.0,4.0,1.0,2.0,0.0,3.0,6.0,Yes,3.0,0.0,4.0,3.0,6.0,7.0,7.0,5.0,2.0,7.0,5.0,5.0,7.0,7.0,7.0
student_023,1,DEFAULT,,9.906666666666666,,PhD student,2.0,2.0,3.0,4.0,4.0,4.0,15.0,4.0,6.0,Yes,2.0,0.0,1.0,3.0,4.0,6.0,7.0,7.0,3.0,6.0,1.0,5.0,7.0,2.0,7.0
student_023,2,DEFAULT,,9.33,8.5,PhD student,2.0,2.0,3.0,4.0,4.0,4.0,15.0,4.0,6.0,Yes,2.0,0.0,1.0,3.0,4.0,6.0,7.0,7.0,3.0,6.0,1.0,5.0,7.0,2.0,7.0
student_023,4,DEFAULT,,9.763333333333334,8.666666666666666,PhD student,2.0,2.0,3.0,4.0,4.0,4.0,15.0,4.0,6.0,Yes,2.0,0.0,1.0,3.0,4.0,6.0,7.0,7.0,3.0,6.0,1.0,5.0,7.0,2.0,7.0
student_023,5,DEFAULT,,9.34,8.166666666666666,PhD student,2.0,2.0,3.0,4.0,4.0,4.0,15.0,4.0,6.0,Yes,2.0,0.0,1.0,3.0,4.0,6.0,7.0,7.0,3.0,6.0,1.0,5.0,7.0,2.0,7.0
student_023,6,RELIABILITY_BIASED,2,8.916666666666666,8.866666666666667,PhD student,2.0,2.0,3.0,4.0,4.0,4.0,15.0,4.0,6.0,Yes,2.0,0.0,1.0,3.0,4.0,6.0,7.0,7.0,3.0,6.0,1.0,5.0,7.0,2.0,7.0
student_023,7,DEFAULT,,10.0,8.700000000000001,PhD student,2.0,2.0,3.0,4.0,4.0,4.0,15.0,4.0,6.0,Yes,2.0,0.0,1.0,3.0,4.0,6.0,7.0,7.0,3.0,6.0,1.0,5.0,7.0,2.0,7.0
student_023,8,DEFAULT,,9.793333333333337,8.4,PhD student,2.0,2.0,3.0,4.0,4.0,4.0,15.0,4.0,6.0,Yes,2.0,0.0,1.0,3.0,4.0,6.0,7.0,7.0,3.0,6.0,1.0,5.0,7.0,2.0,7.0
student_023,9,DEFAULT,,9.653333333333334,8.200000000000001,PhD student,2.0,2.0,3.0,4.0,4.0,4.0,15.0,4.0,6.0,Yes,2.0,0.0,1.0,3.0,4.0,6.0,7.0,7.0,3.0,6.0,1.0,5.0,7.0,2.0,7.0
student_024,1,DEFAULT,,9.25,,Master's student,2.0,1.0,2.0,3.0,3.0,3.0,15.0,3.0,6.0,Yes,4.0,3.0,4.0,3.0,4.0,5.0,5.0,6.0,4.0,5.0,4.0,6.0,6.0,4.0,6.0
student_024,2,DEFAULT,,9.79,8.733333333333333,Master's student,2.0,1.0,2.0,3.0,3.0,3.0,15.0,3.0,6.0,Yes,4.0,3.0,4.0,3.0,4.0,5.0,5.0,6.0,4.0,5.0,4.0,6.0,6.0,4.0,6.0
student_024,3,DEFAULT,,9.413333333333334,8.633333333333333,Master's student,2.0,1.0,2.0,3.0,3.0,3.0,15.0,3.0,6.0,Yes,4.0,3.0,4.0,3.0,4.0,5.0,5.0,6.0,4.0,5.0,4.0,6.0,6.0,4.0,6.0
student_024,4,DEFAULT,,9.86,8.200000000000001,Master's student,2.0,1.0,2.0,3.0,3.0,3.0,15.0,3.0,6.0,Yes,4.0,3.0,4.0,3.0,4.0,5.0,5.0,6.0,4.0,5.0,4.0,6.0,6.0,4.0,6.0
student_024,5,NOVELTY_BIASED,1,9.573333333333332,7.2,Master's student,2.0,1.0,2.0,3.0,3.0,3.0,15.0,3.0,6.0,Yes,4.0,3.0,4.0,3.0,4.0,5.0,5.0,6.0,4.0,5.0,4.0,6.0,6.0,4.0,6.0
student_024,6,DEFAULT,,9.896666666666668,9.366666666666667,Master's student,2.0,1.0,2.0,3.0,3.0,3.0,15.0,3.0,6.0,Yes,4.0,3.0,4.0,3.0,4.0,5.0,5.0,6.0,4.0,5.0,4.0,6.0,6.0,4.0,6.0
student_024,7,DEFAULT,,,9.233333333333334,Master's student,2.0,1.0,2.0,3.0,3.0,3.0,15.0,3.0,6.0,Yes,4.0,3.0,4.0,3.0,4.0,5.0,5.0,6.0,4.0,5.0,4.0,6.0,6.0,4.0,6.0
student_024,9,DEFAULT,,,8.666666666666666,Master's student,2.0,1.0,2.0,3.0,3.0,3.0,15.0,3.0,6.0,Yes,4.0,3.0,4.0,3.0,4.0,5.0,5.0,6.0,4.0,5.0,4.0,6.0,6.0,4.0,6.0
student_028,1,DEFAULT,,7.260000000000001,,Master's student,2.0,1.0,4.0,0.0,1.0,0.0,0.5,3.0,5.0,Yes,3.0,1.0,2.0,2.0,5.0,2.0,6.0,4.0,4.0,5.0,6.0,3.0,6.0,3.0,5.0
student_028,2,DEFAULT,,8.083333333333334,6.066666666666666,Master's student,2.0,1.0,4.0,0.0,1.0,0.0,0.5,3.0,5.0,Yes,3.0,1.0,2.0,2.0,5.0,2.0,6.0,4.0,4.0,5.0,6.0,3.0,6.0,3.0,5.0
student_028,3,DEFAULT,,6.25,7.1000000000000005,Master's student,2.0,1.0,4.0,0.0,1.0,0.0,0.5,3.0,5.0,Yes,3.0,1.0,2.0,2.0,5.0,2.0,6.0,4.0,4.0,5.0,6.0,3.0,6.0,3.0,5.0
student_028,5,DEFAULT,,,5.7,Master's student,2.0,1.0,4.0,0.0,1.0,0.0,0.5,3.0,5.0,Yes,3.0,1.0,2.0,2.0,5.0,2.0,6.0,4.0,4.0,5.0,6.0,3.0,6.0,3.0,5.0
student_028,6,DEFAULT,,8.793333333333333,7.366666666666667,Master's student,2.0,1.0,4.0,0.0,1.0,0.0,0.5,3.0,5.0,Yes,3.0,1.0,2.0,2.0,5.0,2.0,6.0,4.0,4.0,5.0,6.0,3.0,6.0,3.0,5.0
student_028,7,NOVELTY_BIASED,2,8.28,,Master's student,2.0,1.0,4.0,0.0,1.0,0.0,0.5,3.0,5.0,Yes,3.0,1.0,2.0,2.0,5.0,2.0,6.0,4.0,4.0,5.0,6.0,3.0,6.0,3.0,5.0
student_028,8,DEFAULT,,8.583333333333334,5.333333333333333,Master's student,2.0,1.0,4.0,0.0,1.0,0.0,0.5,3.0,5.0,Yes,3.0,1.0,2.0,2.0,5.0,2.0,6.0,4.0,4.0,5.0,6.0,3.0,6.0,3.0,5.0
student_028,9,DEFAULT,,,7.233333333333333,Master's student,2.0,1.0,4.0,0.0,1.0,0.0,0.5,3.0,5.0,Yes,3.0,1.0,2.0,2.0,5.0,2.0,6.0,4.0,4.0,5.0,6.0,3.0,6.0,3.0,5.0
student_031,1,DEFAULT,,,,Master's student,1.0,1.0,3.0,3.0,3.0,3.0,7.5,4.0,5.0,Yes,3.0,0.0,4.0,3.0,4.0,4.0,4.0,4.0,4.0,4.0,4.0,4.0,7.0,5.0,5.0
student_031,2,DEFAULT,,8.523333333333333,6.866666666666667,Master's student,1.0,1.0,3.0,3.0,3.0,3.0,7.5,4.0,5.0,Yes,3.0,0.0,4.0,3.0,4.0,4.0,4.0,4.0,4.0,4.0,4.0,4.0,7.0,5.0,5.0
student_031,3,DEFAULT,,8.0,6.833333333333333,Master's student,1.0,1.0,3.0,3.0,3.0,3.0,7.5,4.0,5.0,Yes,3.0,0.0,4.0,3.0,4.0,4.0,4.0,4.0,4.0,4.0,4.0,4.0,7.0,5.0,5.0
student_031,4,DEFAULT,,8.846666666666666,7.433333333333334,Master's student,1.0,1.0,3.0,3.0,3.0,3.0,7.5,4.0,5.0,Yes,3.0,0.0,4.0,3.0,4.0,4.0,4.0,4.0,4.0,4.0,4.0,4.0,7.0,5.0,5.0
student_031,6,DEFAULT,,8.0,7.566666666666666,Master's student,1.0,1.0,3.0,3.0,3.0,3.0,7.5,4.0,5.0,Yes,3.0,0.0,4.0,3.0,4.0,4.0,4.0,4.0,4.0,4.0,4.0,4.0,7.0,5.0,5.0
student_031,7,DEFAULT,,6.593333333333334,7.3,Master's student,1.0,1.0,3.0,3.0,3.0,3.0,7.5,4.0,5.0,Yes,3.0,0.0,4.0,3.0,4.0,4.0,4.0,4.0,4.0,4.0,4.0,4.0,7.0,5.0,5.0
student_031,8,DEFAULT,,9.25,6.8999999999999995,Master's student,1.0,1.0,3.0,3.0,3.0,3.0,7.5,4.0,5.0,Yes,3.0,0.0,4.0,3.0,4.0,4.0,4.0,4.0,4.0,4.0,4.0,4.0,7.0,5.0,5.0
student_031,9,RELIABILITY_BIASED,2,,8.133333333333333,Master's student,1.0,1.0,3.0,3.0,3.0,3.0,7.5,4.0,5.0,Yes,3.0,0.0,4.0,3.0,4.0,4.0,4.0,4.0,4.0,4.0,4.0,4.0,7.0,5.0,5.0
student_032,1,DEFAULT,,8.26,,Master's student,2.0,1.0,4.0,3.0,3.0,2.0,7.5,4.0,5.0,Yes,3.0,0.0,3.0,3.0,4.0,2.0,7.0,4.0,1.0,6.0,5.0,4.0,7.0,7.0,3.0
student_032,2,DEFAULT,,7.583333333333333,7.766666666666667,Master's student,2.0,1.0,4.0,3.0,3.0,2.0,7.5,4.0,5.0,Yes,3.0,0.0,3.0,3.0,4.0,2.0,7.0,4.0,1.0,6.0,5.0,4.0,7.0,7.0,3.0
student_032,3,DEFAULT,,8.56,8.233333333333333,Master's student,2.0,1.0,4.0,3.0,3.0,2.0,7.5,4.0,5.0,Yes,3.0,0.0,3.0,3.0,4.0,2.0,7.0,4.0,1.0,6.0,5.0,4.0,7.0,7.0,3.0
student_032,4,DEFAULT,,9.153333333333334,7.266666666666667,Master's student,2.0,1.0,4.0,3.0,3.0,2.0,7.5,4.0,5.0,Yes,3.0,0.0,3.0,3.0,4.0,2.0,7.0,4.0,1.0,6.0,5.0,4.0,7.0,7.0,3.0
student_032,5,DEFAULT,,7.926666666666667,7.333333333333333,Master's student,2.0,1.0,4.0,3.0,3.0,2.0,7.5,4.0,5.0,Yes,3.0,0.0,3.0,3.0,4.0,2.0,7.0,4.0,1.0,6.0,5.0,4.0,7.0,7.0,3.0
student_032,7,DEFAULT,,9.39,8.366666666666667,Master's student,2.0,1.0,4.0,3.0,3.0,2.0,7.5,4.0,5.0,Yes,3.0,0.0,3.0,3.0,4.0,2.0,7.0,4.0,1.0,6.0,5.0,4.0,7.0,7.0,3.0
student_032,8,DEFAULT,,,8.299999999999999,Master's student,2.0,1.0,4.0,3.0,3.0,2.0,7.5,4.0,5.0,Yes,3.0,0.0,3.0,3.0,4.0,2.0,7.0,4.0,1.0,6.0,5.0,4.0,7.0,7.0,3.0
student_032,9,NOVELTY_BIASED,2,,7.866666666666667,Master's student,2.0,1.0,4.0,3.0,3.0,2.0,7.5,4.0,5.0,Yes,3.0,0.0,3.0,3.0,4.0,2.0,7.0,4.0,1.0,6.0,5.0,4.0,7.0,7.0,3.0
student_033,1,DEFAULT,,9.26,,Master's student,2.0,1.0,4.0,4.0,1.0,0.0,3.0,4.0,6.0,No,0.0,0.0,0.0,0.0,6.0,5.0,7.0,7.0,4.0,7.0,1.0,7.0,7.0,7.0,4.0
student_033,2,DEFAULT,,,7.333333333333333,Master's student,2.0,1.0,4.0,4.0,1.0,0.0,3.0,4.0,6.0,No,0.0,0.0,0.0,0.0,6.0,5.0,7.0,7.0,4.0,7.0,1.0,7.0,7.0,7.0,4.0
student_033,3,DEFAULT,,9.01,7.9,Master's student,2.0,1.0,4.0,4.0,1.0,0.0,3.0,4.0,6.0,No,0.0,0.0,0.0,0.0,6.0,5.0,7.0,7.0,4.0,7.0,1.0,7.0,7.0,7.0,4.0
student_033,4,RELIABILITY_BIASED,1,,7.7,Master's student,2.0,1.0,4.0,4.0,1.0,0.0,3.0,4.0,6.0,No,0.0,0.0,0.0,0.0,6.0,5.0,7.0,7.0,4.0,7.0,1.0,7.0,7.0,7.0,4.0
student_033,5,DEFAULT,,9.63,7.8,Master's student,2.0,1.0,4.0,4.0,1.0,0.0,3.0,4.0,6.0,No,0.0,0.0,0.0,0.0,6.0,5.0,7.0,7.0,4.0,7.0,1.0,7.0,7.0,7.0,4.0
student_033,6,DEFAULT,,9.896666666666668,6.6000000000000005,Master's student,2.0,1.0,4.0,4.0,1.0,0.0,3.0,4.0,6.0,No,0.0,0.0,0.0,0.0,6.0,5.0,7.0,7.0,4.0,7.0,1.0,7.0,7.0,7.0,4.0
student_033,8,DEFAULT,,8.953333333333333,7.0,Master's student,2.0,1.0,4.0,4.0,1.0,0.0,3.0,4.0,6.0,No,0.0,0.0,0.0,0.0,6.0,5.0,7.0,7.0,4.0,7.0,1.0,7.0,7.0,7.0,4.0
student_033,9,DEFAULT,,,7.033333333333334,Master's student,2.0,1.0,4.0,4.0,1.0,0.0,3.0,4.0,6.0,No,0.0,0.0,0.0,0.0,6.0,5.0,7.0,7.0,4.0,7.0,1.0,7.0,7.0,7.0,4.0
student_035,1,DEFAULT,,8.87,,Master's student,2.0,2.0,5.0,3.0,3.0,3.0,7.5,2.0,3.0,Yes,2.0,0.0,3.0,3.0,4.0,7.0,2.0,7.0,4.0,3.0,3.0,5.0,7.0,7.0,7.0
student_035,2,DEFAULT,,8.393333333333333,6.666666666666667,Master's student,2.0,2.0,5.0,3.0,3.0,3.0,7.5,2.0,3.0,Yes,2.0,0.0,3.0,3.0,4.0,7.0,2.0,7.0,4.0,3.0,3.0,5.0,7.0,7.0,7.0
student_035,3,DEFAULT,,,6.933333333333334,Master's student,2.0,2.0,5.0,3.0,3.0,3.0,7.5,2.0,3.0,Yes,2.0,0.0,3.0,3.0,4.0,7.0,2.0,7.0,4.0,3.0,3.0,5.0,7.0,7.0,7.0
student_035,4,DEFAULT,,9.21,,Master's student,2.0,2.0,5.0,3.0,3.0,3.0,7.5,2.0,3.0,Yes,2.0,0.0,3.0,3.0,4.0,7.0,2.0,7.0,4.0,3.0,3.0,5.0,7.0,7.0,7.0
student_035,6,DEFAULT,,,8.9,Master's student,2.0,2.0,5.0,3.0,3.0,3.0,7.5,2.0,3.0,Yes,2.0,0.0,3.0,3.0,4.0,7.0,2.0,7.0,4.0,3.0,3.0,5.0,7.0,7.0,7.0
student_035,7,DEFAULT,,8.463333333333333,,Master's student,2.0,2.0,5.0,3.0,3.0,3.0,7.5,2.0,3.0,Yes,2.0,0.0,3.0,3.0,4.0,7.0,2.0,7.0,4.0,3.0,3.0,5.0,7.0,7.0,7.0
student_035,8,DEFAULT,,9.32,6.833333333333333,Master's student,2.0,2.0,5.0,3.0,3.0,3.0,7.5,2.0,3.0,Yes,2.0,0.0,3.0,3.0,4.0,7.0,2.0,7.0,4.0,3.0,3.0,5.0,7.0,7.0,7.0
student_035,9,NOVELTY_BIASED,2,9.633333333333333,7.933333333333334,Master's student,2.0,2.0,5.0,3.0,3.0,3.0,7.5,2.0,3.0,Yes,2.0,0.0,3.0,3.0,4.0,7.0,2.0,7.0,4.0,3.0,3.0,5.0,7.0,7.0,7.0
student_036,1,DEFAULT,,8.276666666666667,,Master's student,1.0,,3.0,4.0,4.0,0.0,3.0,4.0,6.0,No,0.0,0.0,0.0,0.0,7.0,7.0,7.0,7.0,7.0,7.0,6.0,4.0,7.0,3.0,5.0
student_036,2,DEFAULT,,,6.3,Master's student,1.0,,3.0,4.0,4.0,0.0,3.0,4.0,6.0,No,0.0,0.0,0.0,0.0,7.0,7.0,7.0,7.0,7.0,7.0,6.0,4.0,7.0,3.0,5.0
student_036,3,DEFAULT,,,,Master's student,1.0,,3.0,4.0,4.0,0.0,3.0,4.0,6.0,No,0.0,0.0,0.0,0.0,7.0,7.0,7.0,7.0,7.0,7.0,6.0,4.0,7.0,3.0,5.0
student_036,5,DEFAULT,,9.0,7.1,Master's student,1.0,,3.0,4.0,4.0,0.0,3.0,4.0,6.0,No,0.0,0.0,0.0,0.0,7.0,7.0,7.0,7.0,7.0,7.0,6.0,4.0,7.0,3.0,5.0
student_036,6,DEFAULT,,8.833333333333334,8.966666666666667,Master's student,1.0,,3.0,4.0,4.0,0.0,3.0,4.0,6.0,No,0.0,0.0,0.0,0.0,7.0,7.0,7.0,7.0,7.0,7.0,6.0,4.0,7.0,3.0,5.0
student_036,7,DEFAULT,,,6.5,Master's student,1.0,,3.0,4.0,4.0,0.0,3.0,4.0,6.0,No,0.0,0.0,0.0,0.0,7.0,7.0,7.0,7.0,7.0,7.0,6.0,4.0,7.0,3.0,5.0
student_036,8,DEFAULT,,8.583333333333334,,Master's student,1.0,,3.0,4.0,4.0,0.0,3.0,4.0,6.0,No,0.0,0.0,0.0,0.0,7.0,7.0,7.0,7.0,7.0,7.0,6.0,4.0,7.0,3.0,5.0
student_037,1,DEFAULT,,7.833333333333333,,Master's student,1.0,1.0,4.0,4.0,4.0,4.0,15.0,4.0,5.0,Yes,3.0,1.0,2.0,3.0,7.0,7.0,5.0,6.0,6.0,6.0,6.0,7.0,7.0,4.0,7.0
student_037,2,DEFAULT,,8.453333333333333,8.833333333333334,Master's student,1.0,1.0,4.0,4.0,4.0,4.0,15.0,4.0,5.0,Yes,3.0,1.0,2.0,3.0,7.0,7.0,5.0,6.0,6.0,6.0,6.0,7.0,7.0,4.0,7.0
student_037,4,DEFAULT,,8.903333333333334,7.6,Master's student,1.0,1.0,4.0,4.0,4.0,4.0,15.0,4.0,5.0,Yes,3.0,1.0,2.0,3.0,7.0,7.0,5.0,6.0,6.0,6.0,6.0,7.0,7.0,4.0,7.0
student_037,5,NOVELTY_BIASED,2,8.776666666666666,8.433333333333334,Master's student,1.0,1.0,4.0,4.0,4.0,4.0,15.0,4.0,5.0,Yes,3.0,1.0,2.0,3.0,7.0,7.0,5.0,6.0,6.0,6.0,6.0,7.0,7.0,4.0,7.0
student_037,6,DEFAULT,,9.0,8.799999999999999,Master's student,1.0,1.0,4.0,4.0,4.0,4.0,15.0,4.0,5.0,Yes,3.0,1.0,2.0,3.0,7.0,7.0,5.0,6.0,6.0,6.0,6.0,7.0,7.0,4.0,7.0
student_037,7,DEFAULT,,7.9433333333333325,10.0,Master's student,1.0,1.0,4.0,4.0,4.0,4.0,15.0,4.0,5.0,Yes,3.0,1.0,2.0,3.0,7.0,7.0,5.0,6.0,6.0,6.0,6.0,7.0,7.0,4.0,7.0
student_037,8,DEFAULT,,7.04,6.233333333333333,Master's student,1.0,1.0,4.0,4.0,4.0,4.0,15.0,4.0,5.0,Yes,3.0,1.0,2.0,3.0,7.0,7.0,5.0,6.0,6.0,6.0,6.0,7.0,7.0,4.0,7.0
student_037,9,DEFAULT,,,,Master's student,1.0,1.0,4.0,4.0,4.0,4.0,15.0,4.0,5.0,Yes,3.0,1.0,2.0,3.0,7.0,7.0,5.0,6.0,6.0,6.0,6.0,7.0,7.0,4.0,7.0
student_038,1,DEFAULT,,8.776666666666666,,Master's student,2.0,2.0,4.0,2.0,2.0,2.0,3.0,3.0,5.0,Yes,5.0,2.0,2.0,3.0,7.0,4.0,6.0,6.0,6.0,4.0,6.0,4.0,6.0,5.0,6.0
student_038,2,NOVELTY_BIASED,1,8.693333333333333,7.166666666666667,Master's student,2.0,2.0,4.0,2.0,2.0,2.0,3.0,3.0,5.0,Yes,5.0,2.0,2.0,3.0,7.0,4.0,6.0,6.0,6.0,4.0,6.0,4.0,6.0,5.0,6.0
student_038,3,DEFAULT,,9.03,7.666666666666667,Master's student,2.0,2.0,4.0,2.0,2.0,2.0,3.0,3.0,5.0,Yes,5.0,2.0,2.0,3.0,7.0,4.0,6.0,6.0,6.0,4.0,6.0,4.0,6.0,5.0,6.0
student_038,4,DEFAULT,,9.513333333333334,6.533333333333334,Master's student,2.0,2.0,4.0,2.0,2.0,2.0,3.0,3.0,5.0,Yes,5.0,2.0,2.0,3.0,7.0,4.0,6.0,6.0,6.0,4.0,6.0,4.0,6.0,5.0,6.0
student_038,5,DEFAULT,,7.9,8.066666666666666,Master's student,2.0,2.0,4.0,2.0,2.0,2.0,3.0,3.0,5.0,Yes,5.0,2.0,2.0,3.0,7.0,4.0,6.0,6.0,6.0,4.0,6.0,4.0,6.0,5.0,6.0
student_038,6,DEFAULT,,9.73,7.3,Master's student,2.0,2.0,4.0,2.0,2.0,2.0,3.0,3.0,5.0,Yes,5.0,2.0,2.0,3.0,7.0,4.0,6.0,6.0,6.0,4.0,6.0,4.0,6.0,5.0,6.0
student_038,8,DEFAULT,,,7.233333333333333,Master's student,2.0,2.0,4.0,2.0,2.0,2.0,3.0,3.0,5.0,Yes,5.0,2.0,2.0,3.0,7.0,4.0,6.0,6.0,6.0,4.0,6.0,4.0,6.0,5.0,6.0
student_038,9,DEFAULT,,9.636666666666668,7.266666666666667,Master's student,2.0,2.0,4.0,2.0,2.0,2.0,3.0,3.0,5.0,Yes,5.0,2.0,2.0,3.0,7.0,4.0,6.0,6.0,6.0,4.0,6.0,4.0,6.0,5.0,6.0
student_039,1,DEFAULT,,9.573333333333332,,Undergraduate,2.0,1.0,3.0,3.0,3.0,0.0,0.5,4.0,5.0,No,0.0,0.0,0.0,0.0,5.0,5.0,7.0,7.0,3.0,7.0,5.0,4.0,7.0,5.0,6.0
student_039,2,DEFAULT,,9.143333333333333,7.066666666666666,Undergraduate,2.0,1.0,3.0,3.0,3.0,0.0,0.5,4.0,5.0,No,0.0,0.0,0.0,0.0,5.0,5.0,7.0,7.0,3.0,7.0,5.0,4.0,7.0,5.0,6.0
student_039,4,DEFAULT,,9.236666666666666,7.6,Undergraduate,2.0,1.0,3.0,3.0,3.0,0.0,0.5,4.0,5.0,No,0.0,0.0,0.0,0.0,5.0,5.0,7.0,7.0,3.0,7.0,5.0,4.0,7.0,5.0,6.0
student_039,5,DEFAULT,,9.486666666666666,7.833333333333333,Undergraduate,2.0,1.0,3.0,3.0,3.0,0.0,0.5,4.0,5.0,No,0.0,0.0,0.0,0.0,5.0,5.0,7.0,7.0,3.0,7.0,5.0,4.0,7.0,5.0,6.0
student_039,6,DEFAULT,,9.48,7.5,Undergraduate,2.0,1.0,3.0,3.0,3.0,0.0,0.5,4.0,5.0,No,0.0,0.0,0.0,0.0,5.0,5.0,7.0,7.0,3.0,7.0,5.0,4.0,7.0,5.0,6.0
student_039,7,DEFAULT,,8.333333333333334,7.466666666666666,Undergraduate,2.0,1.0,3.0,3.0,3.0,0.0,0.5,4.0,5.0,No,0.0,0.0,0.0,0.0,5.0,5.0,7.0,7.0,3.0,7.0,5.0,4.0,7.0,5.0,6.0
student_039,8,DEFAULT,,,8.5,Undergraduate,2.0,1.0,3.0,3.0,3.0,0.0,0.5,4.0,5.0,No,0.0,0.0,0.0,0.0,5.0,5.0,7.0,7.0,3.0,7.0,5.0,4.0,7.0,5.0,6.0
student_039,9,NOVELTY_BIASED,2,,7.6,Undergraduate,2.0,1.0,3.0,3.0,3.0,0.0,0.5,4.0,5.0,No,0.0,0.0,0.0,0.0,5.0,5.0,7.0,7.0,3.0,7.0,5.0,4.0,7.0,5.0,6.0
student_040,1,DEFAULT,,10.0,,Master's student,2.0,1.0,3.0,4.0,4.0,1.0,3.0,3.0,5.0,Yes,2.0,0.0,2.0,3.0,4.0,6.0,5.0,7.0,3.0,6.0,4.0,7.0,7.0,7.0,7.0
student_040,2,DEFAULT,,8.33,7.333333333333333,Master's student,2.0,1.0,3.0,4.0,4.0,1.0,3.0,3.0,5.0,Yes,2.0,0.0,2.0,3.0,4.0,6.0,5.0,7.0,3.0,6.0,4.0,7.0,7.0,7.0,7.0
student_040,3,DEFAULT,,7.936666666666667,6.866666666666667,Master's student,2.0,1.0,3.0,4.0,4.0,1.0,3.0,3.0,5.0,Yes,2.0,0.0,2.0,3.0,4.0,6.0,5.0,7.0,3.0,6.0,4.0,7.0,7.0,7.0,7.0
student_040,4,DEFAULT,,9.126666666666669,7.766666666666667,Master's student,2.0,1.0,3.0,4.0,4.0,1.0,3.0,3.0,5.0,Yes,2.0,0.0,2.0,3.0,4.0,6.0,5.0,7.0,3.0,6.0,4.0,7.0,7.0,7.0,7.0
student_040,5,DEFAULT,,9.376666666666669,7.633333333333333,Master's student,2.0,1.0,3.0,4.0,4.0,1.0,3.0,3.0,5.0,Yes,2.0,0.0,2.0,3.0,4.0,6.0,5.0,7.0,3.0,6.0,4.0,7.0,7.0,7.0,7.0
student_040,6,DEFAULT,,9.833333333333334,8.799999999999999,Master's student,2.0,1.0,3.0,4.0,4.0,1.0,3.0,3.0,5.0,Yes,2.0,0.0,2.0,3.0,4.0,6.0,5.0,7.0,3.0,6.0,4.0,7.0,7.0,7.0,7.0
student_040,8,DEFAULT,,,7.8,Master's student,2.0,1.0,3.0,4.0,4.0,1.0,3.0,3.0,5.0,Yes,2.0,0.0,2.0,3.0,4.0,6.0,5.0,7.0,3.0,6.0,4.0,7.0,7.0,7.0,7.0
student_042,1,DEFAULT,,8.313333333333333,,Master's student,1.0,1.0,5.0,2.0,2.0,0.0,3.0,3.0,4.0,No,0.0,0.0,0.0,0.0,6.0,3.0,7.0,6.0,3.0,6.0,4.0,5.0,6.0,5.0,5.0
student_042,2,DEFAULT,,6.88,5.8999999999999995,Master's student,1.0,1.0,5.0,2.0,2.0,0.0,3.0,3.0,4.0,No,0.0,0.0,0.0,0.0,6.0,3.0,7.0,6.0,3.0,6.0,4.0,5.0,6.0,5.0,5.0
student_042,3,DEFAULT,,7.07,6.633333333333333,Master's student,1.0,1.0,5.0,2.0,2.0,0.0,3.0,3.0,4.0,No,0.0,0.0,0.0,0.0,6.0,3.0,7.0,6.0,3.0,6.0,4.0,5.0,6.0,5.0,5.0
student_042,4,RELIABILITY_BIASED,1,,5.566666666666666,Master's student,1.0,1.0,5.0,2.0,2.0,0.0,3.0,3.0,4.0,No,0.0,0.0,0.0,0.0,6.0,3.0,7.0,6.0,3.0,6.0,4.0,5.0,6.0,5.0,5.0
student_042,5,DEFAULT,,8.333333333333334,4.833333333333333,Master's student,1.0,1.0,5.0,2.0,2.0,0.0,3.0,3.0,4.0,No,0.0,0.0,0.0,0.0,6.0,3.0,7.0,6.0,3.0,6.0,4.0,5.0,6.0,5.0,5.0
student_042,6,DEFAULT,,,5.3999999999999995,Master's student,1.0,1.0,5.0,2.0,2.0,0.0,3.0,3.0,4.0,No,0.0,0.0,0.0,0.0,6.0,3.0,7.0,6.0,3.0,6.0,4.0,5.0,6.0,5.0,5.0
student_042,8,DEFAULT,,9.013333333333334,5.6000000000000005,Master's student,1.0,1.0,5.0,2.0,2.0,0.0,3.0,3.0,4.0,No,0.0,0.0,0.0,0.0,6.0,3.0,7.0,6.0,3.0,6.0,4.0,5.0,6.0,5.0,5.0
student_042,9,DEFAULT,,7.433333333333334,7.366666666666667,Master's student,1.0,1.0,5.0,2.0,2.0,0.0,3.0,3.0,4.0,No,0.0,0.0,0.0,0.0,6.0,3.0,7.0,6.0,3.0,6.0,4.0,5.0,6.0,5.0,5.0
student_043,1,DEFAULT,,,,Master's student,2.0,2.0,5.0,1.0,2.0,1.0,7.5,4.0,5.0,No,0.0,0.0,0.0,0.0,6.0,7.0,4.0,7.0,4.0,7.0,3.0,6.0,7.0,4.0,5.0
student_043,2,DEFAULT,,7.813333333333333,7.1000000000000005,Master's student,2.0,2.0,5.0,1.0,2.0,1.0,7.5,4.0,5.0,No,0.0,0.0,0.0,0.0,6.0,7.0,4.0,7.0,4.0,7.0,3.0,6.0,7.0,4.0,5.0
student_043,4,DEFAULT,,9.806666666666668,8.433333333333334,Master's student,2.0,2.0,5.0,1.0,2.0,1.0,7.5,4.0,5.0,No,0.0,0.0,0.0,0.0,6.0,7.0,4.0,7.0,4.0,7.0,3.0,6.0,7.0,4.0,5.0
student_043,5,DEFAULT,,9.833333333333334,7.566666666666666,Master's student,2.0,2.0,5.0,1.0,2.0,1.0,7.5,4.0,5.0,No,0.0,0.0,0.0,0.0,6.0,7.0,4.0,7.0,4.0,7.0,3.0,6.0,7.0,4.0,5.0
student_043,7,DEFAULT,,9.073333333333332,7.833333333333333,Master's student,2.0,2.0,5.0,1.0,2.0,1.0,7.5,4.0,5.0,No,0.0,0.0,0.0,0.0,6.0,7.0,4.0,7.0,4.0,7.0,3.0,6.0,7.0,4.0,5.0
student_043,8,DEFAULT,,,7.0,Master's student,2.0,2.0,5.0,1.0,2.0,1.0,7.5,4.0,5.0,No,0.0,0.0,0.0,0.0,6.0,7.0,4.0,7.0,4.0,7.0,3.0,6.0,7.0,4.0,5.0
student_043,9,DEFAULT,,,6.233333333333333,Master's student,2.0,2.0,5.0,1.0,2.0,1.0,7.5,4.0,5.0,No,0.0,0.0,0.0,0.0,6.0,7.0,4.0,7.0,4.0,7.0,3.0,6.0,7.0,4.0,5.0
student_044,1,DEFAULT,,8.073333333333332,,Master's student,3.0,2.0,4.0,4.0,4.0,4.0,25.0,4.0,4.0,Yes,2.0,0.0,2.0,3.0,4.0,6.0,4.0,5.0,4.0,3.0,5.0,4.0,5.0,3.0,5.0
student_044,2,DEFAULT,,9.256666666666668,8.0,Master's student,3.0,2.0,4.0,4.0,4.0,4.0,25.0,4.0,4.0,Yes,2.0,0.0,2.0,3.0,4.0,6.0,4.0,5.0,4.0,3.0,5.0,4.0,5.0,3.0,5.0
student_044,4,DEFAULT,,9.943333333333332,8.366666666666667,Master's student,3.0,2.0,4.0,4.0,4.0,4.0,25.0,4.0,4.0,Yes,2.0,0.0,2.0,3.0,4.0,6.0,4.0,5.0,4.0,3.0,5.0,4.0,5.0,3.0,5.0
student_044,5,DEFAULT,,9.666666666666666,7.966666666666666,Master's student,3.0,2.0,4.0,4.0,4.0,4.0,25.0,4.0,4.0,Yes,2.0,0.0,2.0,3.0,4.0,6.0,4.0,5.0,4.0,3.0,5.0,4.0,5.0,3.0,5.0
student_044,6,DEFAULT,,9.793333333333337,8.433333333333334,Master's student,3.0,2.0,4.0,4.0,4.0,4.0,25.0,4.0,4.0,Yes,2.0,0.0,2.0,3.0,4.0,6.0,4.0,5.0,4.0,3.0,5.0,4.0,5.0,3.0,5.0
student_044,7,DEFAULT,,8.13,7.366666666666667,Master's student,3.0,2.0,4.0,4.0,4.0,4.0,25.0,4.0,4.0,Yes,2.0,0.0,2.0,3.0,4.0,6.0,4.0,5.0,4.0,3.0,5.0,4.0,5.0,3.0,5.0
student_044,8,DEFAULT,,9.39,9.166666666666666,Master's student,3.0,2.0,4.0,4.0,4.0,4.0,25.0,4.0,4.0,Yes,2.0,0.0,2.0,3.0,4.0,6.0,4.0,5.0,4.0,3.0,5.0,4.0,5.0,3.0,5.0
student_044,9,RELIABILITY_BIASED,2,,8.766666666666667,Master's student,3.0,2.0,4.0,4.0,4.0,4.0,25.0,4.0,4.0,Yes,2.0,0.0,2.0,3.0,4.0,6.0,4.0,5.0,4.0,3.0,5.0,4.0,5.0,3.0,5.0
student_045,1,DEFAULT,,8.333333333333334,,Master's student,2.0,2.0,5.0,4.0,3.0,3.0,7.5,4.0,7.0,Yes,1.0,1.0,2.0,3.0,5.0,7.0,6.0,7.0,1.0,7.0,5.0,7.0,7.0,7.0,7.0
student_045,2,RELIABILITY_BIASED,1,7.706666666666666,7.733333333333333,Master's student,2.0,2.0,5.0,4.0,3.0,3.0,7.5,4.0,7.0,Yes,1.0,1.0,2.0,3.0,5.0,7.0,6.0,7.0,1.0,7.0,5.0,7.0,7.0,7.0,7.0
student_045,3,DEFAULT,,8.943333333333333,7.766666666666667,Master's student,2.0,2.0,5.0,4.0,3.0,3.0,7.5,4.0,7.0,Yes,1.0,1.0,2.0,3.0,5.0,7.0,6.0,7.0,1.0,7.0,5.0,7.0,7.0,7.0,7.0
student_045,4,DEFAULT,,8.916666666666666,7.866666666666667,Master's student,2.0,2.0,5.0,4.0,3.0,3.0,7.5,4.0,7.0,Yes,1.0,1.0,2.0,3.0,5.0,7.0,6.0,7.0,1.0,7.0,5.0,7.0,7.0,7.0,7.0
student_045,5,DEFAULT,,8.923333333333332,7.666666666666667,Master's student,2.0,2.0,5.0,4.0,3.0,3.0,7.5,4.0,7.0,Yes,1.0,1.0,2.0,3.0,5.0,7.0,6.0,7.0,1.0,7.0,5.0,7.0,7.0,7.0,7.0
student_045,6,DEFAULT,,,8.566666666666666,Master's student,2.0,2.0,5.0,4.0,3.0,3.0,7.5,4.0,7.0,Yes,1.0,1.0,2.0,3.0,5.0,7.0,6.0,7.0,1.0,7.0,5.0,7.0,7.0,7.0,7.0
student_045,7,DEFAULT,,9.073333333333332,8.433333333333334,Master's student,2.0,2.0,5.0,4.0,3.0,3.0,7.5,4.0,7.0,Yes,1.0,1.0,2.0,3.0,5.0,7.0,6.0,7.0,1.0,7.0,5.0,7.0,7.0,7.0,7.0
student_045,9,DEFAULT,,,7.966666666666666,Master's student,2.0,2.0,5.0,4.0,3.0,3.0,7.5,4.0,7.0,Yes,1.0,1.0,2.0,3.0,5.0,7.0,6.0,7.0,1.0,7.0,5.0,7.0,7.0,7.0,7.0
student_046,1,DEFAULT,,8.813333333333333,,Master's student,2.0,2.0,3.0,4.0,4.0,4.0,15.0,2.0,6.0,Yes,1.0,0.0,1.0,1.0,5.0,5.0,5.0,5.0,5.0,5.0,5.0,5.0,5.0,5.0,5.0
student_046,2,DEFAULT,,9.443333333333332,7.8,Master's student,2.0,2.0,3.0,4.0,4.0,4.0,15.0,2.0,6.0,Yes,1.0,0.0,1.0,1.0,5.0,5.0,5.0,5.0,5.0,5.0,5.0,5.0,5.0,5.0,5.0
student_046,3,DEFAULT,,8.68,7.966666666666666,Master's student,2.0,2.0,3.0,4.0,4.0,4.0,15.0,2.0,6.0,Yes,1.0,0.0,1.0,1.0,5.0,5.0,5.0,5.0,5.0,5.0,5.0,5.0,5.0,5.0,5.0
student_046,5,DEFAULT,,8.69,8.0,Master's student,2.0,2.0,3.0,4.0,4.0,4.0,15.0,2.0,6.0,Yes,1.0,0.0,1.0,1.0,5.0,5.0,5.0,5.0,5.0,5.0,5.0,5.0,5.0,5.0,5.0
student_046,6,NOVELTY_BIASED,2,,8.266666666666667,Master's student,2.0,2.0,3.0,4.0,4.0,4.0,15.0,2.0,6.0,Yes,1.0,0.0,1.0,1.0,5.0,5.0,5.0,5.0,5.0,5.0,5.0,5.0,5.0,5.0,5.0
student_046,7,DEFAULT,,,5.35,Master's student,2.0,2.0,3.0,4.0,4.0,4.0,15.0,2.0,6.0,Yes,1.0,0.0,1.0,1.0,5.0,5.0,5.0,5.0,5.0,5.0,5.0,5.0,5.0,5.0,5.0
student_046,8,DEFAULT,,7.956666666666666,6.3999999999999995,Master's student,2.0,2.0,3.0,4.0,4.0,4.0,15.0,2.0,6.0,Yes,1.0,0.0,1.0,1.0,5.0,5.0,5.0,5.0,5.0,5.0,5.0,5.0,5.0,5.0,5.0
student_046,9,DEFAULT,,8.373333333333333,7.733333333333333,Master's student,2.0,2.0,3.0,4.0,4.0,4.0,15.0,2.0,6.0,Yes,1.0,0.0,1.0,1.0,5.0,5.0,5.0,5.0,5.0,5.0,5.0,5.0,5.0,5.0,5.0
student_049,1,DEFAULT,,9.26,,Master's student,3.0,1.0,8.0,3.0,3.0,1.0,0.5,3.0,4.0,No,0.0,0.0,0.0,0.0,6.0,5.0,6.0,6.0,4.0,6.0,5.0,6.0,7.0,5.0,7.0
student_049,2,DEFAULT,,8.42,6.766666666666667,Master's student,3.0,1.0,8.0,3.0,3.0,1.0,0.5,3.0,4.0,No,0.0,0.0,0.0,0.0,6.0,5.0,6.0,6.0,4.0,6.0,5.0,6.0,7.0,5.0,7.0
student_049,3,NOVELTY_BIASED,1,,6.666666666666667,Master's student,3.0,1.0,8.0,3.0,3.0,1.0,0.5,3.0,4.0,No,0.0,0.0,0.0,0.0,6.0,5.0,6.0,6.0,4.0,6.0,5.0,6.0,7.0,5.0,7.0
student_049,4,DEFAULT,,9.77,7.066666666666666,Master's student,3.0,1.0,8.0,3.0,3.0,1.0,0.5,3.0,4.0,No,0.0,0.0,0.0,0.0,6.0,5.0,6.0,6.0,4.0,6.0,5.0,6.0,7.0,5.0,7.0
student_049,5,RELIABILITY_BIASED,2,9.56,8.0,Master's student,3.0,1.0,8.0,3.0,3.0,1.0,0.5,3.0,4.0,No,0.0,0.0,0.0,0.0,6.0,5.0,6.0,6.0,4.0,6.0,5.0,6.0,7.0,5.0,7.0
student_049,6,DEFAULT,,9.896666666666668,7.666666666666667,Master's student,3.0,1.0,8.0,3.0,3.0,1.0,0.5,3.0,4.0,No,0.0,0.0,0.0,0.0,6.0,5.0,6.0,6.0,4.0,6.0,5.0,6.0,7.0,5.0,7.0
student_049,7,DEFAULT,,9.723333333333334,6.6000000000000005,Master's student,3.0,1.0,8.0,3.0,3.0,1.0,0.5,3.0,4.0,No,0.0,0.0,0.0,0.0,6.0,5.0,6.0,6.0,4.0,6.0,5.0,6.0,7.0,5.0,7.0
student_049,8,DEFAULT,,9.723333333333334,6.866666666666667,Master's student,3.0,1.0,8.0,3.0,3.0,1.0,0.5,3.0,4.0,No,0.0,0.0,0.0,0.0,6.0,5.0,6.0,6.0,4.0,6.0,5.0,6.0,7.0,5.0,7.0
student_049,9,DEFAULT,,9.583333333333334,7.833333333333333,Master's student,3.0,1.0,8.0,3.0,3.0,1.0,0.5,3.0,4.0,No,0.0,0.0,0.0,0.0,6.0,5.0,6.0,6.0,4.0,6.0,5.0,6.0,7.0,5.0,7.0
student_050,1,DEFAULT,,9.0,,Master's student,2.0,2.0,4.0,3.0,3.0,3.0,7.5,3.0,5.0,Yes,3.0,0.0,3.0,3.0,7.0,2.0,7.0,6.0,2.0,7.0,7.0,5.0,7.0,4.0,7.0
student_050,2,DEFAULT,,8.176666666666668,6.0,Master's student,2.0,2.0,4.0,3.0,3.0,3.0,7.5,3.0,5.0,Yes,3.0,0.0,3.0,3.0,7.0,2.0,7.0,6.0,2.0,7.0,7.0,5.0,7.0,4.0,7.0
student_050,3,DEFAULT,,8.786666666666667,6.2,Master's student,2.0,2.0,4.0,3.0,3.0,3.0,7.5,3.0,5.0,Yes,3.0,0.0,3.0,3.0,7.0,2.0,7.0,6.0,2.0,7.0,7.0,5.0,7.0,4.0,7.0
student_050,4,DEFAULT,,9.653333333333334,8.6,Master's student,2.0,2.0,4.0,3.0,3.0,3.0,7.5,3.0,5.0,Yes,3.0,0.0,3.0,3.0,7.0,2.0,7.0,6.0,2.0,7.0,7.0,5.0,7.0,4.0,7.0
student_050,5,RELIABILITY_BIASED,1,9.506666666666666,7.7,Master's student,2.0,2.0,4.0,3.0,3.0,3.0,7.5,3.0,5.0,Yes,3.0,0.0,3.0,3.0,7.0,2.0,7.0,6.0,2.0,7.0,7.0,5.0,7.0,4.0,7.0
student_050,6,DEFAULT,,9.46,8.500000000000002,Master's student,2.0,2.0,4.0,3.0,3.0,3.0,7.5,3.0,5.0,Yes,3.0,0.0,3.0,3.0,7.0,2.0,7.0,6.0,2.0,7.0,7.0,5.0,7.0,4.0,7.0
student_050,7,DEFAULT,,8.516666666666666,7.6,Master's student,2.0,2.0,4.0,3.0,3.0,3.0,7.5,3.0,5.0,Yes,3.0,0.0,3.0,3.0,7.0,2.0,7.0,6.0,2.0,7.0,7.0,5.0,7.0,4.0,7.0
student_050,9,DEFAULT,,,5.466666666666666,Master's student,2.0,2.0,4.0,3.0,3.0,3.0,7.5,3.0,5.0,Yes,3.0,0.0,3.0,3.0,7.0,2.0,7.0,6.0,2.0,7.0,7.0,5.0,7.0,4.0,7.0
student_052,1,DEFAULT,,9.536666666666669,,Master's student,2.0,1.0,5.0,1.0,1.0,1.0,3.0,1.0,5.0,Yes,1.0,0.0,2.0,3.0,5.0,4.0,6.0,7.0,2.0,7.0,5.0,4.0,7.0,6.0,4.0
student_052,2,DEFAULT,,8.473333333333334,6.833333333333333,Master's student,2.0,1.0,5.0,1.0,1.0,1.0,3.0,1.0,5.0,Yes,1.0,0.0,2.0,3.0,5.0,4.0,6.0,7.0,2.0,7.0,5.0,4.0,7.0,6.0,4.0
student_052,3,DEFAULT,,8.729999999999999,6.666666666666667,Master's student,2.0,1.0,5.0,1.0,1.0,1.0,3.0,1.0,5.0,Yes,1.0,0.0,2.0,3.0,5.0,4.0,6.0,7.0,2.0,7.0,5.0,4.0,7.0,6.0,4.0
student_052,5,DEFAULT,,9.04,7.0,Master's student,2.0,1.0,5.0,1.0,1.0,1.0,3.0,1.0,5.0,Yes,1.0,0.0,2.0,3.0,5.0,4.0,6.0,7.0,2.0,7.0,5.0,4.0,7.0,6.0,4.0
student_052,6,DEFAULT,,9.166666666666666,6.966666666666666,Master's student,2.0,1.0,5.0,1.0,1.0,1.0,3.0,1.0,5.0,Yes,1.0,0.0,2.0,3.0,5.0,4.0,6.0,7.0,2.0,7.0,5.0,4.0,7.0,6.0,4.0
student_052,8,DEFAULT,,,6.266666666666667,Master's student,2.0,1.0,5.0,1.0,1.0,1.0,3.0,1.0,5.0,Yes,1.0,0.0,2.0,3.0,5.0,4.0,6.0,7.0,2.0,7.0,5.0,4.0,7.0,6.0,4.0
student_052,9,DEFAULT,,,7.5,Master's student,2.0,1.0,5.0,1.0,1.0,1.0,3.0,1.0,5.0,Yes,1.0,0.0,2.0,3.0,5.0,4.0,6.0,7.0,2.0,7.0,5.0,4.0,7.0,6.0,4.0
student_053,1,DEFAULT,,8.276666666666667,,Master's student,2.0,2.0,1.0,4.0,4.0,4.0,7.5,2.0,6.0,Yes,1.0,0.0,4.0,3.0,5.0,4.0,5.0,5.0,6.0,4.0,6.0,4.0,7.0,4.0,7.0
student_053,2,RELIABILITY_BIASED,1,8.75,7.333333333333333,Master's student,2.0,2.0,1.0,4.0,4.0,4.0,7.5,2.0,6.0,Yes,1.0,0.0,4.0,3.0,5.0,4.0,5.0,5.0,6.0,4.0,6.0,4.0,7.0,4.0,7.0
student_053,3,DEFAULT,,9.446666666666667,7.066666666666666,Master's student,2.0,2.0,1.0,4.0,4.0,4.0,7.5,2.0,6.0,Yes,1.0,0.0,4.0,3.0,5.0,4.0,5.0,5.0,6.0,4.0,6.0,4.0,7.0,4.0,7.0
student_053,5,DEFAULT,,9.333333333333334,7.9,Master's student,2.0,2.0,1.0,4.0,4.0,4.0,7.5,2.0,6.0,Yes,1.0,0.0,4.0,3.0,5.0,4.0,5.0,5.0,6.0,4.0,6.0,4.0,7.0,4.0,7.0
student_053,6,DEFAULT,,9.416666666666666,9.0,Master's student,2.0,2.0,1.0,4.0,4.0,4.0,7.5,2.0,6.0,Yes,1.0,0.0,4.0,3.0,5.0,4.0,5.0,5.0,6.0,4.0,6.0,4.0,7.0,4.0,7.0
student_053,7,DEFAULT,,9.26,8.9,Master's student,2.0,2.0,1.0,4.0,4.0,4.0,7.5,2.0,6.0,Yes,1.0,0.0,4.0,3.0,5.0,4.0,5.0,5.0,6.0,4.0,6.0,4.0,7.0,4.0,7.0
student_053,8,DEFAULT,,9.723333333333334,8.233333333333333,Master's student,2.0,2.0,1.0,4.0,4.0,4.0,7.5,2.0,6.0,Yes,1.0,0.0,4.0,3.0,5.0,4.0,5.0,5.0,6.0,4.0,6.0,4.0,7.0,4.0,7.0
student_053,9,DEFAULT,,,8.6,Master's student,2.0,2.0,1.0,4.0,4.0,4.0,7.5,2.0,6.0,Yes,1.0,0.0,4.0,3.0,5.0,4.0,5.0,5.0,6.0,4.0,6.0,4.0,7.0,4.0,7.0
student_054,1,DEFAULT,,6.843333333333334,,Master's student,2.0,1.0,3.0,3.0,3.0,3.0,7.5,3.0,5.0,Yes,2.0,0.0,2.0,2.0,7.0,6.0,6.0,6.0,6.0,6.0,6.0,5.0,7.0,4.0,5.0
student_054,3,DEFAULT,,6.753333333333333,8.533333333333333,Master's student,2.0,1.0,3.0,3.0,3.0,3.0,7.5,3.0,5.0,Yes,2.0,0.0,2.0,2.0,7.0,6.0,6.0,6.0,6.0,6.0,6.0,5.0,7.0,4.0,5.0
student_054,5,DEFAULT,,8.593333333333334,8.4,Master's student,2.0,1.0,3.0,3.0,3.0,3.0,7.5,3.0,5.0,Yes,2.0,0.0,2.0,2.0,7.0,6.0,6.0,6.0,6.0,6.0,6.0,5.0,7.0,4.0,5.0
student_054,6,DEFAULT,,10.0,8.200000000000001,Master's student,2.0,1.0,3.0,3.0,3.0,3.0,7.5,3.0,5.0,Yes,2.0,0.0,2.0,2.0,7.0,6.0,6.0,6.0,6.0,6.0,6.0,5.0,7.0,4.0,5.0
student_054,7,DEFAULT,,8.166666666666666,8.066666666666666,Master's student,2.0,1.0,3.0,3.0,3.0,3.0,7.5,3.0,5.0,Yes,2.0,0.0,2.0,2.0,7.0,6.0,6.0,6.0,6.0,6.0,6.0,5.0,7.0,4.0,5.0
student_054,8,DEFAULT,,9.25,8.033333333333333,Master's student,2.0,1.0,3.0,3.0,3.0,3.0,7.5,3.0,5.0,Yes,2.0,0.0,2.0,2.0,7.0,6.0,6.0,6.0,6.0,6.0,6.0,5.0,7.0,4.0,5.0
student_054,9,DEFAULT,,,8.166666666666666,Master's student,2.0,1.0,3.0,3.0,3.0,3.0,7.5,3.0,5.0,Yes,2.0,0.0,2.0,2.0,7.0,6.0,6.0,6.0,6.0,6.0,6.0,5.0,7.0,4.0,5.0
student_055,1,DEFAULT,,8.979999999999999,,Master's student,3.0,3.0,2.0,4.0,4.0,3.0,25.0,4.0,5.0,Yes,6.0,4.0,4.0,3.0,6.0,3.0,6.0,5.0,6.0,2.0,6.0,2.0,6.0,5.0,6.0
student_055,2,RELIABILITY_BIASED,1,8.103333333333333,8.299999999999999,Master's student,3.0,3.0,2.0,4.0,4.0,3.0,25.0,4.0,5.0,Yes,6.0,4.0,4.0,3.0,6.0,3.0,6.0,5.0,6.0,2.0,6.0,2.0,6.0,5.0,6.0
student_055,3,DEFAULT,,0.89,7.066666666666666,Master's student,3.0,3.0,2.0,4.0,4.0,3.0,25.0,4.0,5.0,Yes,6.0,4.0,4.0,3.0,6.0,3.0,6.0,5.0,6.0,2.0,6.0,2.0,6.0,5.0,6.0
student_055,4,DEFAULT,,8.096666666666666,8.066666666666668,Master's student,3.0,3.0,2.0,4.0,4.0,3.0,25.0,4.0,5.0,Yes,6.0,4.0,4.0,3.0,6.0,3.0,6.0,5.0,6.0,2.0,6.0,2.0,6.0,5.0,6.0
student_055,5,DEFAULT,,9.193333333333332,8.866666666666667,Master's student,3.0,3.0,2.0,4.0,4.0,3.0,25.0,4.0,5.0,Yes,6.0,4.0,4.0,3.0,6.0,3.0,6.0,5.0,6.0,2.0,6.0,2.0,6.0,5.0,6.0
student_055,6,NOVELTY_BIASED,2,7.373333333333334,8.533333333333333,Master's student,3.0,3.0,2.0,4.0,4.0,3.0,25.0,4.0,5.0,Yes,6.0,4.0,4.0,3.0,6.0,3.0,6.0,5.0,6.0,2.0,6.0,2.0,6.0,5.0,6.0
student_055,7,DEFAULT,,8.166666666666666,8.266666666666667,Master's student,3.0,3.0,2.0,4.0,4.0,3.0,25.0,4.0,5.0,Yes,6.0,4.0,4.0,3.0,6.0,3.0,6.0,5.0,6.0,2.0,6.0,2.0,6.0,5.0,6.0
student_055,8,DEFAULT,,9.443333333333332,,Master's student,3.0,3.0,2.0,4.0,4.0,3.0,25.0,4.0,5.0,Yes,6.0,4.0,4.0,3.0,6.0,3.0,6.0,5.0,6.0,2.0,6.0,2.0,6.0,5.0,6.0
student_055,9,DEFAULT,,,8.033333333333333,Master's student,3.0,3.0,2.0,4.0,4.0,3.0,25.0,4.0,5.0,Yes,6.0,4.0,4.0,3.0,6.0,3.0,6.0,5.0,6.0,2.0,6.0,2.0,6.0,5.0,6.0
student_058,1,DEFAULT,,8.926666666666666,,Master's student,2.0,2.0,5.0,4.0,4.0,4.0,7.5,4.0,5.0,No,0.0,0.0,0.0,0.0,6.0,4.0,7.0,2.0,6.0,5.0,7.0,4.0,7.0,6.0,7.0
student_058,2,DEFAULT,,,7.733333333333334,Master's student,2.0,2.0,5.0,4.0,4.0,4.0,7.5,4.0,5.0,No,0.0,0.0,0.0,0.0,6.0,4.0,7.0,2.0,6.0,5.0,7.0,4.0,7.0,6.0,7.0
student_058,3,RELIABILITY_BIASED,1,7.246666666666667,,Master's student,2.0,2.0,5.0,4.0,4.0,4.0,7.5,4.0,5.0,No,0.0,0.0,0.0,0.0,6.0,4.0,7.0,2.0,6.0,5.0,7.0,4.0,7.0,6.0,7.0
student_058,4,DEFAULT,,9.25,7.8,Master's student,2.0,2.0,5.0,4.0,4.0,4.0,7.5,4.0,5.0,No,0.0,0.0,0.0,0.0,6.0,4.0,7.0,2.0,6.0,5.0,7.0,4.0,7.0,6.0,7.0
student_058,5,NOVELTY_BIASED,2,8.94,7.933333333333334,Master's student,2.0,2.0,5.0,4.0,4.0,4.0,7.5,4.0,5.0,No,0.0,0.0,0.0,0.0,6.0,4.0,7.0,2.0,6.0,5.0,7.0,4.0,7.0,6.0,7.0
student_058,6,DEFAULT,,5.126666666666666,8.533333333333333,Master's student,2.0,2.0,5.0,4.0,4.0,4.0,7.5,4.0,5.0,No,0.0,0.0,0.0,0.0,6.0,4.0,7.0,2.0,6.0,5.0,7.0,4.0,7.0,6.0,7.0
student_058,7,DEFAULT,,,7.066666666666666,Master's student,2.0,2.0,5.0,4.0,4.0,4.0,7.5,4.0,5.0,No,0.0,0.0,0.0,0.0,6.0,4.0,7.0,2.0,6.0,5.0,7.0,4.0,7.0,6.0,7.0
student_058,8,DEFAULT,,5.486666666666667,,Master's student,2.0,2.0,5.0,4.0,4.0,4.0,7.5,4.0,5.0,No,0.0,0.0,0.0,0.0,6.0,4.0,7.0,2.0,6.0,5.0,7.0,4.0,7.0,6.0,7.0
student_058,9,DEFAULT,,9.093333333333334,,Master's student,2.0,2.0,5.0,4.0,4.0,4.0,7.5,4.0,5.0,No,0.0,0.0,0.0,0.0,6.0,4.0,7.0,2.0,6.0,5.0,7.0,4.0,7.0,6.0,7.0
student_062,1,DEFAULT,,,,Master's student,1.0,1.0,3.0,3.0,1.0,3.0,3.0,3.0,3.0,Yes,2.0,0.0,2.0,2.0,4.0,4.0,5.0,6.0,2.0,5.0,2.0,5.0,7.0,6.0,7.0
student_062,3,DEFAULT,,2.6566666666666667,6.5,Master's student,1.0,1.0,3.0,3.0,1.0,3.0,3.0,3.0,3.0,Yes,2.0,0.0,2.0,2.0,4.0,4.0,5.0,6.0,2.0,5.0,2.0,5.0,7.0,6.0,7.0
student_062,4,DEFAULT,,6.903333333333333,6.433333333333334,Master's student,1.0,1.0,3.0,3.0,1.0,3.0,3.0,3.0,3.0,Yes,2.0,0.0,2.0,2.0,4.0,4.0,5.0,6.0,2.0,5.0,2.0,5.0,7.0,6.0,7.0
student_062,5,RELIABILITY_BIASED,2,7.73,7.6,Master's student,1.0,1.0,3.0,3.0,1.0,3.0,3.0,3.0,3.0,Yes,2.0,0.0,2.0,2.0,4.0,4.0,5.0,6.0,2.0,5.0,2.0,5.0,7.0,6.0,7.0
student_062,6,DEFAULT,,,6.866666666666667,Master's student,1.0,1.0,3.0,3.0,1.0,3.0,3.0,3.0,3.0,Yes,2.0,0.0,2.0,2.0,4.0,4.0,5.0,6.0,2.0,5.0,2.0,5.0,7.0,6.0,7.0
student_062,7,DEFAULT,,,5.566666666666666,Master's student,1.0,1.0,3.0,3.0,1.0,3.0,3.0,3.0,3.0,Yes,2.0,0.0,2.0,2.0,4.0,4.0,5.0,6.0,2.0,5.0,2.0,5.0,7.0,6.0,7.0
student_062,8,DEFAULT,,,7.0,Master's student,1.0,1.0,3.0,3.0,1.0,3.0,3.0,3.0,3.0,Yes,2.0,0.0,2.0,2.0,4.0,4.0,5.0,6.0,2.0,5.0,2.0,5.0,7.0,6.0,7.0
student_062,9,DEFAULT,,3.803333333333333,6.666666666666667,Master's student,1.0,1.0,3.0,3.0,1.0,3.0,3.0,3.0,3.0,Yes,2.0,0.0,2.0,2.0,4.0,4.0,5.0,6.0,2.0,5.0,2.0,5.0,7.0,6.0,7.0
student_063,1,DEFAULT,,9.296666666666669,,Master's student,3.0,2.0,4.0,4.0,4.0,3.0,7.5,4.0,6.0,Yes,6.0,2.0,3.0,3.0,4.0,6.0,2.0,6.0,6.0,6.0,3.0,7.0,6.0,7.0,7.0
student_063,2,DEFAULT,,7.243333333333333,7.666666666666667,Master's student,3.0,2.0,4.0,4.0,4.0,3.0,7.5,4.0,6.0,Yes,6.0,2.0,3.0,3.0,4.0,6.0,2.0,6.0,6.0,6.0,3.0,7.0,6.0,7.0,7.0
student_063,3,NOVELTY_BIASED,1,8.196666666666667,7.666666666666667,Master's student,3.0,2.0,4.0,4.0,4.0,3.0,7.5,4.0,6.0,Yes,6.0,2.0,3.0,3.0,4.0,6.0,2.0,6.0,6.0,6.0,3.0,7.0,6.0,7.0,7.0
student_063,4,DEFAULT,,9.306666666666668,8.433333333333334,Master's student,3.0,2.0,4.0,4.0,4.0,3.0,7.5,4.0,6.0,Yes,6.0,2.0,3.0,3.0,4.0,6.0,2.0,6.0,6.0,6.0,3.0,7.0,6.0,7.0,7.0
student_063,5,RELIABILITY_BIASED,2,9.036666666666669,8.766666666666667,Master's student,3.0,2.0,4.0,4.0,4.0,3.0,7.5,4.0,6.0,Yes,6.0,2.0,3.0,3.0,4.0,6.0,2.0,6.0,6.0,6.0,3.0,7.0,6.0,7.0,7.0
student_063,6,DEFAULT,,8.293333333333333,8.366666666666667,Master's student,3.0,2.0,4.0,4.0,4.0,3.0,7.5,4.0,6.0,Yes,6.0,2.0,3.0,3.0,4.0,6.0,2.0,6.0,6.0,6.0,3.0,7.0,6.0,7.0,7.0
student_063,7,DEFAULT,,8.036666666666667,9.033333333333331,Master's student,3.0,2.0,4.0,4.0,4.0,3.0,7.5,4.0,6.0,Yes,6.0,2.0,3.0,3.0,4.0,6.0,2.0,6.0,6.0,6.0,3.0,7.0,6.0,7.0,7.0
student_063,8,DEFAULT,,7.8066666666666675,8.700000000000001,Master's student,3.0,2.0,4.0,4.0,4.0,3.0,7.5,4.0,6.0,Yes,6.0,2.0,3.0,3.0,4.0,6.0,2.0,6.0,6.0,6.0,3.0,7.0,6.0,7.0,7.0
student_063,9,DEFAULT,,,8.5,Master's student,3.0,2.0,4.0,4.0,4.0,3.0,7.5,4.0,6.0,Yes,6.0,2.0,3.0,3.0,4.0,6.0,2.0,6.0,6.0,6.0,3.0,7.0,6.0,7.0,7.0
student_064,1,DEFAULT,,7.87,,Master's student,1.0,,3.0,3.0,0.0,0.0,3.0,0.0,1.0,No,0.0,0.0,0.0,0.0,4.0,7.0,7.0,7.0,4.0,7.0,7.0,7.0,7.0,5.0,7.0
student_064,2,NOVELTY_BIASED,1,8.42,7.466666666666666,Master's student,1.0,,3.0,3.0,0.0,0.0,3.0,0.0,1.0,No,0.0,0.0,0.0,0.0,4.0,7.0,7.0,7.0,4.0,7.0,7.0,7.0,7.0,5.0,7.0
student_064,3,DEFAULT,,8.663333333333334,6.633333333333333,Master's student,1.0,,3.0,3.0,0.0,0.0,3.0,0.0,1.0,No,0.0,0.0,0.0,0.0,4.0,7.0,7.0,7.0,4.0,7.0,7.0,7.0,7.0,5.0,7.0
student_064,4,DEFAULT,,5.82,8.366666666666667,Master's student,1.0,,3.0,3.0,0.0,0.0,3.0,0.0,1.0,No,0.0,0.0,0.0,0.0,4.0,7.0,7.0,7.0,4.0,7.0,7.0,7.0,7.0,5.0,7.0
student_064,5,DEFAULT,,8.293333333333335,8.700000000000001,Master's student,1.0,,3.0,3.0,0.0,0.0,3.0,0.0,1.0,No,0.0,0.0,0.0,0.0,4.0,7.0,7.0,7.0,4.0,7.0,7.0,7.0,7.0,5.0,7.0
student_064,6,DEFAULT,,8.123333333333333,8.666666666666666,Master's student,1.0,,3.0,3.0,0.0,0.0,3.0,0.0,1.0,No,0.0,0.0,0.0,0.0,4.0,7.0,7.0,7.0,4.0,7.0,7.0,7.0,7.0,5.0,7.0
student_064,7,DEFAULT,,9.37,7.833333333333333,Master's student,1.0,,3.0,3.0,0.0,0.0,3.0,0.0,1.0,No,0.0,0.0,0.0,0.0,4.0,7.0,7.0,7.0,4.0,7.0,7.0,7.0,7.0,5.0,7.0
student_064,9,DEFAULT,,,8.333333333333334,Master's student,1.0,,3.0,3.0,0.0,0.0,3.0,0.0,1.0,No,0.0,0.0,0.0,0.0,4.0,7.0,7.0,7.0,4.0,7.0,7.0,7.0,7.0,5.0,7.0
